Terminals unused in grammar

    SITE_PATTERN
    K_SITE
    K_START_NET
    K_IN
    K_OUT
    K_COMPONENTS
    K_IF
    K_THEN
    K_ELSE
    K_FALSE
    K_TRUE
    K_EQ
    K_NE
    K_LE
    K_LT
    K_GE
    K_GT
    K_OR
    K_AND
    K_NOT
    K_WIRE
    K_ENDEXT


Grammar

    0 $accept: def_file $end

    1 def_file: version_stmt case_sens_stmt rules end_design

    2 version_stmt: %empty

    3 $@1: %empty

    4 version_stmt: K_VERSION $@1 T_STRING ';'

    5 case_sens_stmt: %empty
    6               | K_NAMESCASESENSITIVE K_ON ';'
    7               | K_NAMESCASESENSITIVE K_OFF ';'

    8 rules: %empty
    9      | rules rule
   10      | error

   11 rule: design_section
   12     | assertions_section
   13     | blockage_section
   14     | comps_section
   15     | constraint_section
   16     | extension_section
   17     | fill_section
   18     | comps_maskShift_section
   19     | floorplan_contraints_section
   20     | groups_section
   21     | iotiming_section
   22     | nets_section
   23     | nondefaultrule_section
   24     | partitions_section
   25     | pin_props_section
   26     | regions_section
   27     | scanchains_section
   28     | slot_section
   29     | snets_section
   30     | styles_section
   31     | timingdisables_section
   32     | via_section

   33 design_section: array_name
   34               | bus_bit_chars
   35               | canplace
   36               | cannotoccupy
   37               | design_name
   38               | die_area
   39               | divider_char
   40               | floorplan_name
   41               | gcellgrid
   42               | history
   43               | pin_cap_rule
   44               | pin_rule
   45               | prop_def_section
   46               | row_rule
   47               | tech_name
   48               | tracks_rule
   49               | units

   50 $@2: %empty

   51 design_name: K_DESIGN $@2 T_STRING ';'

   52 end_design: K_END K_DESIGN

   53 $@3: %empty

   54 tech_name: K_TECH $@3 T_STRING ';'

   55 $@4: %empty

   56 array_name: K_ARRAY $@4 T_STRING ';'

   57 $@5: %empty

   58 floorplan_name: K_FLOORPLAN $@5 T_STRING ';'

   59 history: K_HISTORY

   60 $@6: %empty

   61 prop_def_section: K_PROPERTYDEFINITIONS $@6 property_defs K_END K_PROPERTYDEFINITIONS

   62 property_defs: %empty
   63              | property_defs property_def

   64 $@7: %empty

   65 property_def: K_DESIGN $@7 T_STRING property_type_and_val ';'

   66 $@8: %empty

   67 property_def: K_NET $@8 T_STRING property_type_and_val ';'

   68 $@9: %empty

   69 property_def: K_SNET $@9 T_STRING property_type_and_val ';'

   70 $@10: %empty

   71 property_def: K_REGION $@10 T_STRING property_type_and_val ';'

   72 $@11: %empty

   73 property_def: K_GROUP $@11 T_STRING property_type_and_val ';'

   74 $@12: %empty

   75 property_def: K_COMPONENT $@12 T_STRING property_type_and_val ';'

   76 $@13: %empty

   77 property_def: K_ROW $@13 T_STRING property_type_and_val ';'

   78 $@14: %empty

   79 property_def: K_COMPONENTPIN $@14 T_STRING property_type_and_val ';'

   80 $@15: %empty

   81 property_def: K_NONDEFAULTRULE $@15 T_STRING property_type_and_val ';'

   82 $@16: %empty

   83 property_def: K_BLOCKAGE $@16 T_STRING property_type_and_val ';'

   84 $@17: %empty

   85 property_def: K_PIN $@17 T_STRING property_type_and_val ';'

   86 $@18: %empty

   87 property_def: K_PINSHAPE $@18 T_STRING property_type_and_val ';'

   88 $@19: %empty

   89 property_def: K_ROUTE $@19 T_STRING property_type_and_val ';'

   90 $@20: %empty

   91 property_def: K_SCANCHAIN $@20 T_STRING property_type_and_val ';'

   92 $@21: %empty

   93 property_def: K_SPECIALROUTE $@21 T_STRING property_type_and_val ';'

   94 $@22: %empty

   95 property_def: K_VIA $@22 T_STRING property_type_and_val ';'

   96 $@23: %empty

   97 property_def: K_TRACK $@23 T_STRING property_type_and_val ';'
   98             | error ';'

   99 $@24: %empty

  100 property_type_and_val: K_INTEGER $@24 opt_range opt_num_val

  101 $@25: %empty

  102 property_type_and_val: K_REAL $@25 opt_range opt_num_val
  103                      | K_STRING
  104                      | K_STRING QSTRING
  105                      | K_NAMEMAPSTRING T_STRING

  106 opt_num_val: %empty
  107            | NUMBER

  108 units: K_UNITS K_DISTANCE K_MICRONS NUMBER ';'

  109 divider_char: K_DIVIDERCHAR QSTRING ';'

  110 bus_bit_chars: K_BUSBITCHARS QSTRING ';'

  111 $@26: %empty

  112 canplace: K_CANPLACE $@26 T_STRING NUMBER NUMBER orient K_DO NUMBER K_BY NUMBER K_STEP NUMBER NUMBER ';'

  113 $@27: %empty

  114 cannotoccupy: K_CANNOTOCCUPY $@27 T_STRING NUMBER NUMBER orient K_DO NUMBER K_BY NUMBER K_STEP NUMBER NUMBER ';'

  115 orient: K_N
  116       | K_W
  117       | K_S
  118       | K_E
  119       | K_FN
  120       | K_FW
  121       | K_FS
  122       | K_FE

  123 $@28: %empty

  124 die_area: K_DIEAREA $@28 firstPt nextPt otherPts ';'

  125 pin_cap_rule: start_def_cap pin_caps end_def_cap

  126 start_def_cap: K_DEFAULTCAP NUMBER

  127 pin_caps: %empty
  128         | pin_caps pin_cap

  129 pin_cap: K_MINPINS NUMBER K_WIRECAP NUMBER ';'

  130 end_def_cap: K_END K_DEFAULTCAP

  131 pin_rule: start_pins pins end_pins

  132 start_pins: K_PINS NUMBER ';'

  133 pins: %empty
  134     | pins pin

  135 $@29: %empty

  136 $@30: %empty

  137 $@31: %empty

  138 pin: '-' $@29 T_STRING '+' K_NET $@30 T_STRING $@31 pin_options ';'

  139 pin_options: %empty
  140            | pin_options pin_option

  141 pin_option: '+' K_SPECIAL
  142           | extension_stmt
  143           | '+' K_DIRECTION T_STRING

  144 $@32: %empty

  145 pin_option: '+' K_PROPERTY $@32 pin_prop_name_values
  146           | '+' K_NETEXPR QSTRING

  147 $@33: %empty

  148 pin_option: '+' K_SUPPLYSENSITIVITY $@33 T_STRING

  149 $@34: %empty

  150 pin_option: '+' K_GROUNDSENSITIVITY $@34 T_STRING
  151           | '+' K_USE use_type
  152           | '+' K_PORT

  153 $@35: %empty

  154 $@36: %empty

  155 pin_option: '+' K_LAYER $@35 T_STRING $@36 pin_layer_mask_opt pin_layer_spacing_opt pin_layer_props_opt pt pt

  156 $@37: %empty

  157 $@38: %empty

  158 pin_option: '+' K_POLYGON $@37 T_STRING $@38 pin_poly_mask_opt pin_poly_spacing_opt pin_poly_props_opt firstPt nextPt nextPt otherPts

  159 $@39: %empty

  160 pin_option: '+' K_VIA $@39 T_STRING pin_via_mask_opt pin_via_props_opt via_orient '(' NUMBER NUMBER ')'
  161           | placement_status
  162           | placement_status pt orient
  163           | '+' K_ANTENNAPINPARTIALMETALAREA NUMBER pin_layer_opt
  164           | '+' K_ANTENNAPINPARTIALMETALSIDEAREA NUMBER pin_layer_opt
  165           | '+' K_ANTENNAPINGATEAREA NUMBER pin_layer_opt
  166           | '+' K_ANTENNAPINDIFFAREA NUMBER pin_layer_opt

  167 $@40: %empty

  168 pin_option: '+' K_ANTENNAPINMAXAREACAR NUMBER K_LAYER $@40 T_STRING

  169 $@41: %empty

  170 pin_option: '+' K_ANTENNAPINMAXSIDEAREACAR NUMBER K_LAYER $@41 T_STRING
  171           | '+' K_ANTENNAPINPARTIALCUTAREA NUMBER pin_layer_opt

  172 $@42: %empty

  173 pin_option: '+' K_ANTENNAPINMAXCUTCAR NUMBER K_LAYER $@42 T_STRING
  174           | '+' K_ANTENNAMODEL pin_oxide

  175 pin_prop_name_values: %empty
  176                     | pin_prop_name_values prop_name_value

  177 $@43: %empty

  178 prop_name_value: $@43 prop_name_value_pair

  179 prop_name_value_pair: T_STRING NUMBER
  180                     | T_STRING prop_string_value

  181 net_prop_name_values: %empty
  182                     | net_prop_name_values prop_name_value

  183 prop_string_value: T_STRING
  184                  | QSTRING

  185 via_orient: %empty
  186           | orient

  187 pin_layer_mask_opt: %empty
  188                   | K_MASK NUMBER

  189 pin_via_mask_opt: %empty
  190                 | K_MASK NUMBER

  191 pin_poly_mask_opt: %empty
  192                  | K_MASK NUMBER

  193 pin_layer_spacing_opt: %empty
  194                      | pin_layer_spacing

  195 pin_layer_props_opt: %empty
  196                    | pin_layer_props

  197 pin_layer_props: pin_layer_props pin_layer_prop
  198                | pin_layer_prop

  199 $@44: %empty

  200 pin_layer_prop: K_PROPERTY $@44 prop_name_value

  201 pin_poly_props_opt: %empty
  202                   | pin_poly_props

  203 pin_poly_props: pin_poly_props pin_poly_prop
  204               | pin_poly_prop

  205 $@45: %empty

  206 pin_poly_prop: K_PROPERTY $@45 prop_name_value

  207 pin_via_props_opt: %empty
  208                  | pin_via_props

  209 pin_via_props: pin_via_props pin_via_prop
  210              | pin_via_prop

  211 $@46: %empty

  212 pin_via_prop: K_PROPERTY $@46 prop_name_value

  213 pin_layer_spacing: K_SPACING NUMBER
  214                  | K_DESIGNRULEWIDTH NUMBER

  215 pin_poly_spacing_opt: %empty
  216                     | pin_poly_spacing

  217 pin_poly_spacing: K_SPACING NUMBER
  218                 | K_DESIGNRULEWIDTH NUMBER

  219 pin_oxide: K_OXIDE1
  220          | K_OXIDE2
  221          | K_OXIDE3
  222          | K_OXIDE4
  223          | K_OXIDE5
  224          | K_OXIDE6
  225          | K_OXIDE7
  226          | K_OXIDE8
  227          | K_OXIDE9
  228          | K_OXIDE10
  229          | K_OXIDE11
  230          | K_OXIDE12
  231          | K_OXIDE13
  232          | K_OXIDE14
  233          | K_OXIDE15
  234          | K_OXIDE16
  235          | K_OXIDE17
  236          | K_OXIDE18
  237          | K_OXIDE19
  238          | K_OXIDE20
  239          | K_OXIDE21
  240          | K_OXIDE22
  241          | K_OXIDE23
  242          | K_OXIDE24
  243          | K_OXIDE25
  244          | K_OXIDE26
  245          | K_OXIDE27
  246          | K_OXIDE28
  247          | K_OXIDE29
  248          | K_OXIDE30
  249          | K_OXIDE31
  250          | K_OXIDE32

  251 use_type: K_SIGNAL
  252         | K_POWER
  253         | K_GROUND
  254         | K_CLOCK
  255         | K_TIEOFF
  256         | K_ANALOG
  257         | K_SCAN
  258         | K_RESET

  259 pin_layer_opt: %empty

  260 $@47: %empty

  261 pin_layer_opt: K_LAYER $@47 T_STRING

  262 end_pins: K_END K_PINS

  263 $@48: %empty

  264 $@49: %empty

  265 row_rule: K_ROW $@48 T_STRING T_STRING NUMBER NUMBER orient $@49 row_do_option row_options ';'

  266 row_do_option: %empty
  267              | K_DO NUMBER K_BY NUMBER row_step_option

  268 row_step_option: %empty
  269                | K_STEP NUMBER NUMBER

  270 row_options: %empty
  271            | row_options row_option

  272 $@50: %empty

  273 row_option: '+' K_PROPERTY $@50 row_prop_list

  274 row_prop_list: %empty
  275              | row_prop_list row_prop

  276 row_prop: T_STRING NUMBER
  277         | T_STRING QSTRING
  278         | T_STRING T_STRING

  279 $@51: %empty

  280 tracks_rule: track_start NUMBER $@51 K_DO NUMBER K_STEP NUMBER track_opts ';'

  281 track_start: K_TRACKS track_type

  282 track_type: K_X
  283           | K_Y

  284 track_opts: track_opt_property_statements track_mask_statement track_width_statement track_ndr_statement track_layer_statement

  285 track_opt_property_statements: %empty
  286                              | track_property_statements

  287 track_property_statements: track_property_statements track_property_statement
  288                          | track_property_statement

  289 $@52: %empty

  290 track_property_statement: K_PROPERTY $@52 prop_name_value

  291 track_ndr_statement: %empty

  292 $@53: %empty

  293 track_ndr_statement: K_NDR $@53 T_STRING

  294 track_width_statement: %empty
  295                      | K_WIDTH NUMBER

  296 track_mask_statement: %empty
  297                     | K_MASK NUMBER same_mask

  298 same_mask: %empty
  299          | K_SAMEMASK

  300 track_layer_statement: %empty

  301 $@54: %empty

  302 track_layer_statement: K_LAYER $@54 track_layer track_layers

  303 track_layers: %empty
  304             | track_layer track_layers

  305 track_layer: T_STRING

  306 gcellgrid: K_GCELLGRID track_type NUMBER K_DO NUMBER K_STEP NUMBER ';'

  307 extension_section: K_BEGINEXT

  308 extension_stmt: '+' K_BEGINEXT

  309 via_section: via via_declarations via_end

  310 via: K_VIAS NUMBER ';'

  311 via_declarations: %empty
  312                 | via_declarations via_declaration

  313 $@55: %empty

  314 $@56: %empty

  315 via_declaration: '-' $@55 T_STRING $@56 layer_stmts ';'

  316 layer_stmts: %empty
  317            | layer_stmts layer_stmt

  318 $@57: %empty

  319 layer_stmt: '+' K_RECT $@57 T_STRING mask pt pt

  320 $@58: %empty

  321 layer_stmt: '+' K_PROPERTY $@58 prop_name_value

  322 $@59: %empty

  323 $@60: %empty

  324 layer_stmt: '+' K_POLYGON $@59 T_STRING mask $@60 firstPt nextPt nextPt otherPts

  325 $@61: %empty

  326 layer_stmt: '+' K_PATTERNNAME $@61 T_STRING

  327 $@62: %empty

  328 $@63: %empty

  329 layer_stmt: '+' K_VIARULE $@62 T_STRING '+' K_CUTSIZE NUMBER NUMBER '+' K_LAYERS $@63 T_STRING T_STRING T_STRING '+' K_CUTSPACING NUMBER NUMBER '+' K_ENCLOSURE NUMBER NUMBER NUMBER NUMBER
  330           | layer_viarule_opts
  331           | extension_stmt

  332 layer_viarule_opts: '+' K_ROWCOL NUMBER NUMBER
  333                   | '+' K_ORIGIN NUMBER NUMBER
  334                   | '+' K_OFFSET NUMBER NUMBER NUMBER NUMBER

  335 $@64: %empty

  336 layer_viarule_opts: '+' K_PATTERN $@64 T_STRING

  337 firstPt: pt

  338 nextPt: pt

  339 otherPts: %empty
  340         | otherPts nextPt

  341 pt: '(' NUMBER NUMBER ')'
  342   | '(' '*' NUMBER ')'
  343   | '(' NUMBER '*' ')'
  344   | '(' '*' '*' ')'

  345 mask: %empty
  346     | '+' K_MASK NUMBER

  347 via_end: K_END K_VIAS

  348 regions_section: regions_start regions_stmts K_END K_REGIONS

  349 regions_start: K_REGIONS NUMBER ';'

  350 regions_stmts: %empty
  351              | regions_stmts regions_stmt

  352 $@65: %empty

  353 $@66: %empty

  354 regions_stmt: '-' $@65 T_STRING $@66 rect_list region_options ';'

  355 rect_list: pt pt
  356          | rect_list pt pt

  357 region_options: %empty
  358               | region_options region_option

  359 $@67: %empty

  360 region_option: '+' K_PROPERTY $@67 region_prop_list
  361              | '+' K_TYPE region_type

  362 region_prop_list: %empty
  363                 | region_prop_list region_prop

  364 region_prop: T_STRING NUMBER
  365            | T_STRING QSTRING
  366            | T_STRING T_STRING

  367 region_type: K_FENCE
  368            | K_GUIDE

  369 $@68: %empty

  370 comps_maskShift_section: K_COMPSMASKSHIFT $@68 layer_statement ';'

  371 comps_section: start_comps comps_rule end_comps

  372 start_comps: K_COMPS NUMBER ';'

  373 layer_statement: %empty
  374                | layer_statement maskLayer

  375 maskLayer: T_STRING

  376 comps_rule: %empty
  377           | comps_rule comp

  378 comp: comp_start comp_options ';'

  379 comp_start: comp_id_and_name comp_net_list

  380 $@69: %empty

  381 comp_id_and_name: '-' $@69 T_STRING T_STRING

  382 comp_net_list: %empty
  383              | comp_net_list '*'
  384              | comp_net_list T_STRING

  385 comp_options: %empty
  386             | comp_options comp_option

  387 comp_option: comp_generate
  388            | comp_source
  389            | comp_type
  390            | comp_pinprop
  391            | comp_physical
  392            | weight
  393            | maskShift
  394            | comp_foreign
  395            | comp_region
  396            | comp_eeq
  397            | comp_halo
  398            | comp_routehalo
  399            | comp_property
  400            | comp_extension_stmt

  401 comp_extension_stmt: extension_stmt

  402 $@70: %empty

  403 comp_eeq: '+' K_EEQMASTER $@70 T_STRING

  404 $@71: %empty

  405 comp_generate: '+' K_COMP_GEN $@71 T_STRING opt_pattern

  406 opt_pattern: %empty
  407            | T_STRING

  408 comp_source: '+' K_SOURCE source_type

  409 source_type: K_NETLIST
  410            | K_DIST
  411            | K_USER
  412            | K_TIMING

  413 comp_region: comp_region_start comp_pnt_list
  414            | comp_region_start T_STRING

  415 comp_pnt_list: pt pt
  416              | comp_pnt_list pt pt

  417 $@72: %empty

  418 comp_halo: '+' K_HALO $@72 halo_soft NUMBER NUMBER NUMBER NUMBER

  419 halo_soft: %empty
  420          | K_SOFT

  421 $@73: %empty

  422 comp_routehalo: '+' K_ROUTEHALO NUMBER $@73 T_STRING T_STRING

  423 $@74: %empty

  424 comp_property: '+' K_PROPERTY $@74 comp_prop_list

  425 comp_prop_list: comp_prop
  426               | comp_prop_list comp_prop

  427 comp_prop: T_STRING NUMBER
  428          | T_STRING QSTRING
  429          | T_STRING T_STRING

  430 comp_region_start: '+' K_REGION

  431 $@75: %empty

  432 comp_foreign: '+' K_FOREIGN $@75 T_STRING opt_paren orient

  433 opt_paren: pt
  434          | NUMBER NUMBER

  435 comp_type: placement_status pt orient
  436          | '+' K_UNPLACED
  437          | '+' K_UNPLACED pt orient

  438 $@76: %empty

  439 maskShift: '+' K_MASKSHIFT $@76 T_STRING

  440 placement_status: '+' K_FIXED
  441                 | '+' K_COVER
  442                 | '+' K_PLACED
  443                 | '+' K_SOFTFIXED

  444 $@77: %empty

  445 comp_pinprop: '+' K_PINPROPERTY $@77 T_STRING prop_name_value

  446 comp_physical: '+' K_PHYSICAL

  447 weight: '+' K_WEIGHT NUMBER

  448 end_comps: K_END K_COMPS

  449 nets_section: start_nets net_rules end_nets

  450 start_nets: K_NETS NUMBER ';'

  451 net_rules: %empty
  452          | net_rules one_net

  453 one_net: net_and_connections net_options ';'

  454 net_and_connections: net_start

  455 $@78: %empty

  456 net_start: '-' $@78 net_name

  457 $@79: %empty

  458 net_name: T_STRING $@79 net_connections

  459 $@80: %empty

  460 net_name: K_MUSTJOIN '(' T_STRING $@80 T_STRING ')'

  461 net_connections: %empty
  462                | net_connections net_connection

  463 $@81: %empty

  464 net_connection: '(' T_STRING $@81 T_STRING conn_opt ')'

  465 $@82: %empty

  466 net_connection: '(' '*' $@82 T_STRING conn_opt ')'

  467 $@83: %empty

  468 net_connection: '(' K_PIN $@83 T_STRING conn_opt ')'

  469 conn_opt: %empty
  470         | extension_stmt
  471         | '+' K_SYNTHESIZED

  472 net_options: %empty
  473            | net_options net_option

  474 $@84: %empty

  475 net_option: '+' net_type $@84 opt_wire
  476           | '+' K_SOURCE netsource_type
  477           | '+' K_FIXEDBUMP

  478 $@85: %empty

  479 net_option: '+' K_FREQUENCY $@85 NUMBER

  480 $@86: %empty

  481 net_option: '+' K_ORIGINAL $@86 T_STRING
  482           | '+' K_PATTERN nets_pattern_type
  483           | '+' K_WEIGHT NUMBER
  484           | '+' K_XTALK NUMBER
  485           | '+' K_ESTCAP NUMBER
  486           | '+' K_USE use_type
  487           | '+' K_STYLE NUMBER

  488 $@87: %empty

  489 net_option: '+' K_NONDEFAULTRULE $@87 T_STRING
  490           | vpin_stmt

  491 $@88: %empty

  492 $@89: %empty

  493 net_option: '+' K_SHIELDNET $@88 T_STRING $@89

  494 $@90: %empty

  495 $@91: %empty

  496 $@92: %empty

  497 net_option: '+' K_SUBNET $@90 T_STRING $@91 comp_names $@92 subnet_options

  498 $@93: %empty

  499 net_option: '+' K_PROPERTY $@93 net_prop_name_values
  500           | extension_stmt

  501 netsource_type: K_NETLIST
  502               | K_DIST
  503               | K_USER
  504               | K_TIMING
  505               | K_TEST

  506 $@94: %empty

  507 vpin_stmt: vpin_begin vpin_layer_opt pt pt $@94 vpin_options

  508 $@95: %empty

  509 vpin_begin: '+' K_VPIN $@95 T_STRING

  510 vpin_layer_opt: %empty

  511 $@96: %empty

  512 vpin_layer_opt: K_LAYER $@96 T_STRING

  513 vpin_options: %empty
  514             | vpin_status pt orient

  515 vpin_status: K_PLACED
  516            | K_FIXED
  517            | K_COVER

  518 net_type: K_FIXED
  519         | K_COVER
  520         | K_ROUTED
  521         | K_NOSHIELD

  522 $@97: %empty

  523 opt_wire: $@97 opt_paths

  524 opt_paths: %empty
  525          | paths

  526 $@98: %empty

  527 paths: $@98 path
  528      | paths new_path

  529 $@99: %empty

  530 new_path: K_NEW $@99 path

  531 $@100: %empty

  532 $@101: %empty

  533 path: T_STRING $@100 opt_taper_style_s path_pt $@101 path_item_list_opt

  534 virtual_statement: K_VIRTUAL virtual_pt

  535 rect_statement: K_RECT rect_pts

  536 path_item_list_opt: %empty
  537                   | path_item_list_opt path_item

  538 path_item: T_STRING
  539          | K_MASK NUMBER T_STRING
  540          | T_STRING orient
  541          | K_MASK NUMBER T_STRING orient
  542          | K_MASK NUMBER T_STRING K_DO NUMBER K_BY NUMBER K_STEP NUMBER NUMBER
  543          | T_STRING K_DO NUMBER K_BY NUMBER K_STEP NUMBER NUMBER
  544          | T_STRING orient K_DO NUMBER K_BY NUMBER K_STEP NUMBER NUMBER
  545          | K_MASK NUMBER T_STRING orient K_DO NUMBER K_BY NUMBER K_STEP NUMBER NUMBER
  546          | virtual_statement
  547          | rect_statement

  548 $@102: %empty

  549 path_item: K_MASK NUMBER K_RECT $@102 '(' NUMBER NUMBER NUMBER NUMBER ')'
  550          | mask_number wire_width path_pt
  551          | wire_width path_pt

  552 mask_number: K_MASK NUMBER

  553 wire_width: %empty
  554           | K_WIDTH NUMBER

  555 path_pt: '(' NUMBER NUMBER ')'
  556        | '(' '*' NUMBER ')'
  557        | '(' NUMBER '*' ')'
  558        | '(' '*' '*' ')'
  559        | '(' NUMBER NUMBER NUMBER ')'
  560        | '(' '*' NUMBER NUMBER ')'
  561        | '(' NUMBER '*' NUMBER ')'
  562        | '(' '*' '*' NUMBER ')'

  563 virtual_pt: '(' NUMBER NUMBER ')'
  564           | '(' '*' NUMBER ')'
  565           | '(' NUMBER '*' ')'
  566           | '(' '*' '*' ')'

  567 rect_pts: '(' NUMBER NUMBER NUMBER NUMBER ')'

  568 opt_taper_style_s: %empty
  569                  | opt_taper_style_s opt_taper_style

  570 opt_taper_style: opt_style
  571                | opt_taper
  572                | opt_prop
  573                | opt_shield

  574 $@103: %empty

  575 opt_prop: K_PROPERTY $@103 prop_name_value

  576 opt_shield: K_SHIELD

  577 opt_taper: K_TAPER

  578 $@104: %empty

  579 opt_taper: K_TAPERRULE $@104 T_STRING

  580 opt_style: K_STYLE NUMBER

  581 opt_spaths: %empty
  582           | opt_spaths opt_shape_style_prop

  583 opt_shape_style_prop: '+' K_SHAPE shape_type
  584                     | '+' K_STYLE NUMBER

  585 $@105: %empty

  586 opt_shape_style_prop: '+' K_PROPERTY $@105 prop_name_value

  587 $@106: %empty

  588 opt_shape_style_prop: '+' K_SHIELD $@106 T_STRING

  589 end_nets: K_END K_NETS

  590 shape_type: K_RING
  591           | K_STRIPE
  592           | K_FOLLOWPIN
  593           | K_IOWIRE
  594           | K_COREWIRE
  595           | K_BLOCKWIRE
  596           | K_FILLWIRE
  597           | K_FILLWIREOPC
  598           | K_DRCFILL
  599           | K_BLOCKAGEWIRE
  600           | K_PADRING
  601           | K_BLOCKRING

  602 snets_section: start_snets snet_rules end_snets

  603 snet_rules: %empty
  604           | snet_rules snet_rule

  605 snet_rule: net_and_connections snet_options ';'

  606 snet_options: %empty
  607             | snet_options snet_option

  608 snet_option: snet_width
  609            | snet_voltage
  610            | snet_spacing
  611            | snet_other_option

  612 $@107: %empty

  613 snet_other_option: '+' snet_type $@107 opt_swire
  614                  | '+' K_SHAPE shape_type
  615                  | '+' K_MASK NUMBER

  616 $@108: %empty

  617 snet_other_option: '+' K_PROPERTY $@108 net_prop_name_values

  618 $@109: %empty

  619 $@110: %empty

  620 snet_other_option: '+' K_POLYGON $@109 T_STRING $@110 firstPt nextPt nextPt otherPts

  621 $@111: %empty

  622 snet_other_option: '+' K_RECT $@111 T_STRING pt pt

  623 $@112: %empty

  624 $@113: %empty

  625 snet_other_option: '+' K_VIA $@112 T_STRING orient_pt $@113 firstPt otherPts
  626                  | '+' K_SOURCE source_type
  627                  | '+' K_FIXEDBUMP
  628                  | '+' K_FREQUENCY NUMBER

  629 $@114: %empty

  630 snet_other_option: '+' K_ORIGINAL $@114 T_STRING
  631                  | '+' K_PATTERN snets_pattern_type
  632                  | '+' K_WEIGHT NUMBER
  633                  | '+' K_ESTCAP NUMBER
  634                  | '+' K_USE use_type
  635                  | '+' K_STYLE NUMBER
  636                  | extension_stmt

  637 snet_type: K_FIXED
  638          | K_COVER
  639          | K_ROUTED

  640 $@115: %empty

  641 snet_type: K_SHIELD $@115 T_STRING

  642 orient_pt: %empty
  643          | orient

  644 $@116: %empty

  645 snet_width: '+' K_WIDTH $@116 T_STRING NUMBER

  646 $@117: %empty

  647 snet_voltage: '+' K_VOLTAGE $@117 T_STRING

  648 $@118: %empty

  649 $@119: %empty

  650 snet_spacing: '+' K_SPACING $@118 T_STRING NUMBER $@119 opt_snet_range

  651 opt_snet_range: %empty
  652               | K_RANGE NUMBER NUMBER

  653 opt_range: %empty
  654          | K_RANGE NUMBER NUMBER

  655 nets_pattern_type: K_BALANCED
  656                  | K_STEINER
  657                  | K_TRUNK
  658                  | K_WIREDLOGIC

  659 snets_pattern_type: K_BALANCED
  660                   | K_STEINER
  661                   | K_TRUNK
  662                   | K_WIREDLOGIC

  663 opt_swire: %empty

  664 $@120: %empty

  665 opt_swire: $@120 spaths

  666 $@121: %empty

  667 spaths: $@121 spath
  668       | spaths snew_path

  669 $@122: %empty

  670 snew_path: K_NEW $@122 spath

  671 $@123: %empty

  672 $@124: %empty

  673 spath: T_STRING $@123 width opt_spaths path_pt $@124 path_item_list_opt

  674 width: NUMBER

  675 start_snets: K_SNETS NUMBER ';'

  676 end_snets: K_END K_SNETS

  677 groups_section: groups_start group_rules groups_end

  678 groups_start: K_GROUPS NUMBER ';'

  679 group_rules: %empty
  680            | group_rules group_rule

  681 group_rule: start_group group_members group_options ';'

  682 $@125: %empty

  683 start_group: '-' $@125 T_STRING

  684 group_members: %empty
  685              | group_members group_member

  686 group_member: T_STRING

  687 group_options: %empty
  688              | group_options group_option

  689 group_option: '+' K_SOFT group_soft_options

  690 $@126: %empty

  691 group_option: '+' K_PROPERTY $@126 group_prop_list

  692 $@127: %empty

  693 group_option: '+' K_REGION $@127 group_region
  694             | extension_stmt
  695             | '+' K_POWERDOMAIN

  696 $@128: %empty

  697 group_option: '+' K_HINSTS $@128 group_hinsts

  698 $@129: %empty

  699 group_option: '+' K_COMPS $@129 group_components

  700 $@130: %empty

  701 group_option: '+' K_GROUPS $@130 group_groups

  702 group_hinsts: group_hinsts group_hinst
  703             | group_hinst

  704 group_hinst: T_STRING

  705 group_components: group_components group_component
  706                 | group_component

  707 group_component: T_STRING

  708 group_groups: group_groups group_group
  709             | group_group

  710 group_group: T_STRING

  711 group_region: pt pt
  712             | T_STRING

  713 group_prop_list: %empty
  714                | group_prop_list group_prop

  715 group_prop: T_STRING NUMBER
  716           | T_STRING QSTRING
  717           | T_STRING T_STRING

  718 group_soft_options: %empty
  719                   | group_soft_options group_soft_option

  720 group_soft_option: K_MAXX NUMBER
  721                  | K_MAXY NUMBER
  722                  | K_MAXHALFPERIMETER NUMBER

  723 groups_end: K_END K_GROUPS

  724 assertions_section: assertions_start constraint_rules assertions_end

  725 constraint_section: constraints_start constraint_rules constraints_end

  726 assertions_start: K_ASSERTIONS NUMBER ';'

  727 constraints_start: K_CONSTRAINTS NUMBER ';'

  728 constraint_rules: %empty
  729                 | constraint_rules constraint_rule

  730 constraint_rule: operand_rule
  731                | wiredlogic_rule

  732 operand_rule: '-' operand delay_specs ';'

  733 $@131: %empty

  734 operand: K_NET $@131 T_STRING

  735 $@132: %empty

  736 operand: K_PATH $@132 T_STRING T_STRING T_STRING T_STRING
  737        | K_SUM '(' operand_list ')'
  738        | K_DIFF '(' operand_list ')'

  739 operand_list: operand
  740             | operand_list operand
  741             | operand_list ',' operand

  742 $@133: %empty

  743 wiredlogic_rule: '-' K_WIREDLOGIC $@133 T_STRING opt_plus K_MAXDIST NUMBER ';'

  744 opt_plus: %empty
  745         | '+'

  746 delay_specs: %empty
  747            | delay_specs delay_spec

  748 delay_spec: '+' K_RISEMIN NUMBER
  749           | '+' K_RISEMAX NUMBER
  750           | '+' K_FALLMIN NUMBER
  751           | '+' K_FALLMAX NUMBER

  752 constraints_end: K_END K_CONSTRAINTS

  753 assertions_end: K_END K_ASSERTIONS

  754 scanchains_section: scanchain_start scanchain_rules scanchain_end

  755 scanchain_start: K_SCANCHAINS NUMBER ';'

  756 scanchain_rules: %empty
  757                | scanchain_rules scan_rule

  758 scan_rule: start_scan scan_members ';'

  759 $@134: %empty

  760 start_scan: '-' $@134 T_STRING

  761 scan_members: %empty
  762             | scan_members scan_member

  763 opt_pin: %empty
  764        | T_STRING

  765 $@135: %empty

  766 scan_member: '+' K_START $@135 T_STRING opt_pin

  767 $@136: %empty

  768 scan_member: '+' K_FLOATING $@136 floating_inst_list

  769 $@137: %empty

  770 scan_member: '+' K_ORDERED $@137 ordered_inst_list_opt

  771 $@138: %empty

  772 scan_member: '+' K_STOP $@138 T_STRING opt_pin

  773 $@139: %empty

  774 scan_member: '+' K_COMMONSCANPINS $@139 opt_common_pins

  775 $@140: %empty

  776 scan_member: '+' K_PARTITION $@140 T_STRING partition_maxbits
  777            | extension_stmt

  778 $@141: %empty

  779 $@142: %empty

  780 scan_member: '+' K_PROPERTY $@141 prop_name_value $@142 ordered_inst_list_opt

  781 $@143: %empty

  782 $@144: %empty

  783 scan_member: '+' K_NAME $@143 T_STRING $@144 ordered_inst_list_opt

  784 opt_common_pins: %empty
  785                | '(' T_STRING T_STRING ')'
  786                | '(' T_STRING T_STRING ')' '(' T_STRING T_STRING ')'

  787 floating_inst_list: %empty
  788                   | floating_inst_list one_floating_inst

  789 $@145: %empty

  790 one_floating_inst: T_STRING $@145 floating_pins

  791 floating_pins: %empty
  792              | '(' T_STRING T_STRING ')'
  793              | '(' T_STRING T_STRING ')' '(' T_STRING T_STRING ')'
  794              | '(' T_STRING T_STRING ')' '(' T_STRING T_STRING ')' '(' T_STRING T_STRING ')'

  795 ordered_inst_list_opt: %empty
  796                      | ordered_inst_list

  797 ordered_inst_list: ordered_inst_list one_ordered_inst
  798                  | one_ordered_inst

  799 $@146: %empty

  800 $@147: %empty

  801 one_ordered_inst: $@146 T_STRING $@147 ordered_pins

  802 ordered_pins: %empty
  803             | '(' T_STRING T_STRING ')'
  804             | '(' T_STRING T_STRING ')' '(' T_STRING T_STRING ')'
  805             | '(' T_STRING T_STRING ')' '(' T_STRING T_STRING ')' '(' T_STRING T_STRING ')'

  806 partition_maxbits: %empty
  807                  | K_MAXBITS NUMBER

  808 scanchain_end: K_END K_SCANCHAINS

  809 iotiming_section: iotiming_start iotiming_rules iotiming_end

  810 iotiming_start: K_IOTIMINGS NUMBER ';'

  811 iotiming_rules: %empty
  812               | iotiming_rules iotiming_rule

  813 iotiming_rule: start_iotiming iotiming_members ';'

  814 $@148: %empty

  815 start_iotiming: '-' '(' $@148 T_STRING T_STRING ')'

  816 iotiming_members: %empty
  817                 | iotiming_members iotiming_member

  818 iotiming_member: '+' risefall K_VARIABLE NUMBER NUMBER
  819                | '+' risefall K_SLEWRATE NUMBER NUMBER
  820                | '+' K_CAPACITANCE NUMBER

  821 $@149: %empty

  822 $@150: %empty

  823 iotiming_member: '+' K_DRIVECELL $@149 T_STRING $@150 iotiming_drivecell_opt
  824                | extension_stmt

  825 $@151: %empty

  826 $@152: %empty

  827 iotiming_drivecell_opt: iotiming_frompin K_TOPIN $@151 T_STRING $@152 iotiming_parallel

  828 iotiming_frompin: %empty

  829 $@153: %empty

  830 iotiming_frompin: K_FROMPIN $@153 T_STRING

  831 iotiming_parallel: %empty
  832                  | K_PARALLEL NUMBER

  833 risefall: K_RISE
  834         | K_FALL

  835 iotiming_end: K_END K_IOTIMINGS

  836 floorplan_contraints_section: fp_start fp_stmts K_END K_FPC

  837 fp_start: K_FPC NUMBER ';'

  838 fp_stmts: %empty
  839         | fp_stmts fp_stmt

  840 $@154: %empty

  841 $@155: %empty

  842 fp_stmt: '-' $@154 T_STRING h_or_v $@155 constraint_type constrain_what_list ';'

  843 h_or_v: K_HORIZONTAL
  844       | K_VERTICAL

  845 constraint_type: K_ALIGN
  846                | K_MAX NUMBER
  847                | K_MIN NUMBER
  848                | K_EQUAL NUMBER

  849 constrain_what_list: %empty
  850                    | constrain_what_list constrain_what

  851 $@156: %empty

  852 constrain_what: '+' K_BOTTOMLEFT $@156 row_or_comp_list

  853 $@157: %empty

  854 constrain_what: '+' K_TOPRIGHT $@157 row_or_comp_list

  855 row_or_comp_list: %empty
  856                 | row_or_comp_list row_or_comp

  857 $@158: %empty

  858 row_or_comp: '(' K_ROWS $@158 T_STRING ')'

  859 $@159: %empty

  860 row_or_comp: '(' K_COMPS $@159 T_STRING ')'

  861 timingdisables_section: timingdisables_start timingdisables_rules timingdisables_end

  862 timingdisables_start: K_TIMINGDISABLES NUMBER ';'

  863 timingdisables_rules: %empty
  864                     | timingdisables_rules timingdisables_rule

  865 $@160: %empty

  866 $@161: %empty

  867 timingdisables_rule: '-' K_FROMPIN $@160 T_STRING T_STRING K_TOPIN $@161 T_STRING T_STRING ';'

  868 $@162: %empty

  869 timingdisables_rule: '-' K_THRUPIN $@162 T_STRING T_STRING ';'

  870 $@163: %empty

  871 timingdisables_rule: '-' K_MACRO $@163 T_STRING td_macro_option ';'
  872                    | '-' K_REENTRANTPATHS ';'

  873 $@164: %empty

  874 $@165: %empty

  875 td_macro_option: K_FROMPIN $@164 T_STRING K_TOPIN $@165 T_STRING

  876 $@166: %empty

  877 td_macro_option: K_THRUPIN $@166 T_STRING

  878 timingdisables_end: K_END K_TIMINGDISABLES

  879 partitions_section: partitions_start partition_rules partitions_end

  880 partitions_start: K_PARTITIONS NUMBER ';'

  881 partition_rules: %empty
  882                | partition_rules partition_rule

  883 partition_rule: start_partition partition_members ';'

  884 $@167: %empty

  885 start_partition: '-' $@167 T_STRING turnoff

  886 turnoff: %empty
  887        | K_TURNOFF turnoff_setup turnoff_hold

  888 turnoff_setup: %empty
  889              | K_SETUPRISE
  890              | K_SETUPFALL

  891 turnoff_hold: %empty
  892             | K_HOLDRISE
  893             | K_HOLDFALL

  894 partition_members: %empty
  895                  | partition_members partition_member

  896 $@168: %empty

  897 partition_member: '+' K_FROMCLOCKPIN $@168 T_STRING T_STRING risefall minmaxpins

  898 $@169: %empty

  899 partition_member: '+' K_FROMCOMPPIN $@169 T_STRING T_STRING risefallminmax2_list

  900 $@170: %empty

  901 partition_member: '+' K_FROMIOPIN $@170 T_STRING risefallminmax1_list

  902 $@171: %empty

  903 partition_member: '+' K_TOCLOCKPIN $@171 T_STRING T_STRING risefall minmaxpins

  904 $@172: %empty

  905 partition_member: '+' K_TOCOMPPIN $@172 T_STRING T_STRING risefallminmax2_list

  906 $@173: %empty

  907 partition_member: '+' K_TOIOPIN $@173 T_STRING risefallminmax1_list
  908                 | extension_stmt

  909 $@174: %empty

  910 minmaxpins: min_or_max_list K_PINS $@174 pin_list

  911 min_or_max_list: %empty
  912                | min_or_max_list min_or_max_member

  913 min_or_max_member: K_MIN NUMBER NUMBER
  914                  | K_MAX NUMBER NUMBER

  915 pin_list: %empty
  916         | pin_list T_STRING

  917 risefallminmax1_list: %empty
  918                     | risefallminmax1_list risefallminmax1

  919 risefallminmax1: K_RISEMIN NUMBER
  920                | K_FALLMIN NUMBER
  921                | K_RISEMAX NUMBER
  922                | K_FALLMAX NUMBER

  923 risefallminmax2_list: risefallminmax2
  924                     | risefallminmax2_list risefallminmax2

  925 risefallminmax2: K_RISEMIN NUMBER NUMBER
  926                | K_FALLMIN NUMBER NUMBER
  927                | K_RISEMAX NUMBER NUMBER
  928                | K_FALLMAX NUMBER NUMBER

  929 partitions_end: K_END K_PARTITIONS

  930 comp_names: %empty
  931           | comp_names comp_name

  932 $@175: %empty

  933 comp_name: '(' $@175 T_STRING T_STRING subnet_opt_syn ')'

  934 subnet_opt_syn: %empty
  935               | '+' K_SYNTHESIZED

  936 subnet_options: %empty
  937               | subnet_options subnet_option

  938 $@176: %empty

  939 subnet_option: subnet_type $@176 paths

  940 $@177: %empty

  941 subnet_option: K_NONDEFAULTRULE $@177 T_STRING

  942 subnet_type: K_FIXED
  943            | K_COVER
  944            | K_ROUTED
  945            | K_NOSHIELD

  946 pin_props_section: begin_pin_props pin_prop_list end_pin_props

  947 begin_pin_props: K_PINPROPERTIES NUMBER opt_semi

  948 opt_semi: %empty
  949         | ';'

  950 end_pin_props: K_END K_PINPROPERTIES

  951 pin_prop_list: %empty
  952              | pin_prop_list pin_prop_terminal

  953 $@178: %empty

  954 $@179: %empty

  955 pin_prop_terminal: '-' $@178 T_STRING T_STRING $@179 pin_prop_options ';'

  956 pin_prop_options: %empty
  957                 | pin_prop_options pin_prop

  958 $@180: %empty

  959 pin_prop: '+' K_PROPERTY $@180 pin_prop_name_value_list

  960 pin_prop_name_value_list: %empty
  961                         | pin_prop_name_value_list pin_prop_name_value

  962 pin_prop_name_value: T_STRING NUMBER
  963                    | T_STRING QSTRING
  964                    | T_STRING T_STRING

  965 blockage_section: blockage_start blockage_defs blockage_end

  966 blockage_start: K_BLOCKAGES NUMBER ';'

  967 blockage_end: K_END K_BLOCKAGES

  968 blockage_defs: %empty
  969              | blockage_defs blockage_def

  970 blockage_def: blockage_rule rectPoly_blockage rectPoly_blockage_rules ';'

  971 $@181: %empty

  972 $@182: %empty

  973 blockage_rule: '-' K_LAYER $@181 T_STRING $@182 layer_blockage_rules

  974 $@183: %empty

  975 blockage_rule: '-' K_PLACEMENT $@183 placement_comp_rules

  976 layer_blockage_rules: %empty
  977                     | layer_blockage_rules layer_blockage_rule

  978 layer_blockage_rule: '+' K_SPACING NUMBER
  979                    | '+' K_DESIGNRULEWIDTH NUMBER
  980                    | '+' K_MASK NUMBER

  981 $@184: %empty

  982 layer_blockage_rule: '+' K_NAME $@184 T_STRING
  983                    | '+' K_PARTIAL NUMBER

  984 $@185: %empty

  985 layer_blockage_rule: '+' K_PROPERTY $@185 prop_name_value
  986                    | comp_blockage_rule

  987 $@186: %empty

  988 comp_blockage_rule: '+' K_COMPONENT $@186 T_STRING
  989                   | '+' K_SLOTS
  990                   | '+' K_FILLS
  991                   | '+' K_PUSHDOWN
  992                   | '+' K_EXCEPTPGNET
  993                   | '+' K_ONLYPGNET

  994 placement_comp_rules: %empty
  995                     | placement_comp_rules placement_comp_rule

  996 $@187: %empty

  997 placement_comp_rule: '+' K_COMPONENT $@187 T_STRING

  998 $@188: %empty

  999 placement_comp_rule: '+' K_NAME $@188 T_STRING

  1000 $@189: %empty

  1001 placement_comp_rule: '+' K_PROPERTY $@189 prop_name_value
  1002                    | '+' K_ONLYBLOCKS
  1003                    | '+' K_PUSHDOWN
  1004                    | '+' K_SOFT
  1005                    | '+' K_SOFT NUMBER
  1006                    | '+' K_PARTIAL NUMBER
  1007                    | '+' K_PARTIAL NUMBER K_NOFLOPS

  1008 rectPoly_blockage_rules: %empty
  1009                        | rectPoly_blockage_rules rectPoly_blockage

  1010 rectPoly_blockage: K_RECT pt pt

  1011 $@190: %empty

  1012 rectPoly_blockage: K_POLYGON $@190 firstPt nextPt nextPt otherPts

  1013 slot_section: slot_start slot_defs slot_end

  1014 slot_start: K_SLOTS NUMBER ';'

  1015 slot_end: K_END K_SLOTS

  1016 slot_defs: %empty
  1017          | slot_defs slot_def

  1018 slot_def: slot_rule geom_slot_rules ';'

  1019 $@191: %empty

  1020 $@192: %empty

  1021 slot_rule: '-' K_LAYER $@191 T_STRING $@192 geom_slot

  1022 geom_slot_rules: %empty
  1023                | geom_slot_rules geom_slot

  1024 geom_slot: K_RECT pt pt

  1025 $@193: %empty

  1026 geom_slot: K_POLYGON $@193 firstPt nextPt nextPt otherPts

  1027 fill_section: fill_start fill_defs fill_end

  1028 fill_start: K_FILLS NUMBER ';'

  1029 fill_end: K_END K_FILLS

  1030 fill_defs: %empty
  1031          | fill_defs fill_def

  1032 $@194: %empty

  1033 $@195: %empty

  1034 fill_def: '-' K_LAYER $@194 T_STRING $@195 fill_layer_mask_opc_opt geom_fill geom_fill_rules ';'

  1035 $@196: %empty

  1036 $@197: %empty

  1037 fill_def: '-' K_VIA $@196 T_STRING $@197 fill_via_mask_opc_opt firstViaPt otherViaPts ';'

  1038 geom_fill_rules: %empty
  1039                | geom_fill_rules geom_fill

  1040 geom_fill: K_RECT pt pt

  1041 $@198: %empty

  1042 geom_fill: K_POLYGON $@198 firstPt nextPt nextPt otherPts

  1043 fill_layer_mask_opc_opt: %empty
  1044                        | fill_layer_mask_opc_opt opt_mask_opc_l

  1045 opt_mask_opc_l: fill_layer_opc
  1046               | fill_mask
  1047               | fill_layer_prop

  1048 fill_layer_opc: '+' K_OPC

  1049 firstViaPt: fill_via_orient pt

  1050 nextViaPt: fill_via_orient pt

  1051 otherViaPts: %empty
  1052            | otherViaPts nextViaPt

  1053 fill_via_orient: %empty
  1054                | orient

  1055 fill_via_mask_opc_opt: %empty
  1056                      | fill_via_mask_opc_opt opt_mask_opc

  1057 opt_mask_opc: fill_via_opc
  1058             | fill_viaMask
  1059             | fill_via_prop

  1060 $@199: %empty

  1061 fill_via_prop: '+' K_PROPERTY $@199 prop_name_value

  1062 $@200: %empty

  1063 fill_layer_prop: '+' K_PROPERTY $@200 prop_name_value

  1064 fill_via_opc: '+' K_OPC

  1065 fill_mask: '+' K_MASK NUMBER

  1066 fill_viaMask: '+' K_MASK NUMBER

  1067 nondefaultrule_section: nondefault_start nondefault_def nondefault_defs nondefault_end

  1068 nondefault_start: K_NONDEFAULTRULES NUMBER ';'

  1069 nondefault_end: K_END K_NONDEFAULTRULES

  1070 nondefault_defs: %empty
  1071                | nondefault_defs nondefault_def

  1072 $@201: %empty

  1073 $@202: %empty

  1074 nondefault_def: '-' $@201 T_STRING $@202 nondefault_options ';'

  1075 nondefault_options: %empty
  1076                   | nondefault_options nondefault_option

  1077 nondefault_option: '+' K_HARDSPACING

  1078 $@203: %empty

  1079 $@204: %empty

  1080 nondefault_option: '+' K_LAYER $@203 T_STRING K_WIDTH NUMBER $@204 nondefault_layer_options

  1081 $@205: %empty

  1082 nondefault_option: '+' K_VIA $@205 T_STRING

  1083 $@206: %empty

  1084 nondefault_option: '+' K_VIARULE $@206 T_STRING

  1085 $@207: %empty

  1086 nondefault_option: '+' K_MINCUTS $@207 T_STRING NUMBER
  1087                  | nondefault_prop_opt

  1088 nondefault_layer_options: %empty
  1089                         | nondefault_layer_options nondefault_layer_option

  1090 nondefault_layer_option: K_DIAGWIDTH NUMBER
  1091                        | K_SPACING NUMBER
  1092                        | K_WIREEXT NUMBER

  1093 $@208: %empty

  1094 nondefault_prop_opt: '+' K_PROPERTY $@208 nondefault_prop_list

  1095 nondefault_prop_list: %empty
  1096                     | nondefault_prop_list nondefault_prop

  1097 nondefault_prop: T_STRING NUMBER
  1098                | T_STRING QSTRING
  1099                | T_STRING T_STRING

  1100 styles_section: styles_start styles_rules styles_end

  1101 styles_start: K_STYLES NUMBER ';'

  1102 styles_end: K_END K_STYLES

  1103 styles_rules: %empty
  1104             | styles_rules styles_rule

  1105 $@209: %empty

  1106 styles_rule: '-' K_STYLE NUMBER $@209 firstPt nextPt otherPts ';'


Terminals, with rules where they appear

    $end (0) 0
    '(' (40) 160 341 342 343 344 460 464 466 468 549 555 556 557 558 559 560 561 562 563 564 565 566 567 737 738 785 786 792 793 794 803 804 805 815 858 860 933
    ')' (41) 160 341 342 343 344 460 464 466 468 549 555 556 557 558 559 560 561 562 563 564 565 566 567 737 738 785 786 792 793 794 803 804 805 815 858 860 933
    '*' (42) 342 343 344 383 466 556 557 558 560 561 562 564 565 566
    '+' (43) 138 141 143 145 146 148 150 151 152 155 158 160 163 164 165 166 168 170 171 173 174 273 308 319 321 324 326 329 332 333 334 336 346 360 361 403 405 408 418 422 424 430 432 436 437 439 440 441 442 443 445 446 447 471 475 476 477 479 481 482 483 484 485 486 487 489 493 497 499 509 583 584 586 588 613 614 615 617 620 622 625 626 627 628 630 631 632 633 634 635 645 647 650 689 691 693 695 697 699 701 745 748 749 750 751 766 768 770 772 774 776 780 783 818 819 820 823 852 854 897 899 901 903 905 907 935 959 978 979 980 982 983 985 988 989 990 991 992 993 997 999 1001 1002 1003 1004 1005 1006 1007 1048 1061 1063 1064 1065 1066 1077 1080 1082 1084 1086 1094
    ',' (44) 741
    '-' (45) 138 315 354 381 456 683 732 743 760 815 842 867 869 871 872 885 955 973 975 1021 1034 1037 1074 1106
    ';' (59) 4 6 7 51 54 56 58 65 67 69 71 73 75 77 79 81 83 85 87 89 91 93 95 97 98 108 109 110 112 114 124 129 132 138 265 280 306 310 315 349 354 370 372 378 450 453 605 675 678 681 726 727 732 743 755 758 810 813 837 842 862 867 869 871 872 880 883 949 955 966 970 1014 1018 1028 1034 1037 1068 1074 1101 1106
    error (256) 10 98
    QSTRING <string> (258) 104 109 110 146 184 277 365 428 716 963 1098
    T_STRING <string> (259) 4 51 54 56 58 65 67 69 71 73 75 77 79 81 83 85 87 89 91 93 95 97 105 112 114 138 143 148 150 155 158 160 168 170 173 179 180 183 261 265 276 277 278 293 305 315 319 324 326 329 336 354 364 365 366 375 381 384 403 405 407 414 422 427 428 429 432 439 445 458 460 464 466 468 481 489 493 497 509 512 533 538 539 540 541 542 543 544 545 579 588 620 622 625 630 641 645 647 650 673 683 686 704 707 710 712 715 716 717 734 736 743 760 764 766 772 776 783 785 786 790 792 793 794 801 803 804 805 815 823 827 830 842 858 860 867 869 871 875 877 885 897 899 901 903 905 907 916 933 941 955 962 963 964 973 982 988 997 999 1021 1034 1037 1074 1080 1082 1084 1086 1097 1098 1099
    SITE_PATTERN <string> (260)
    NUMBER <dval> (261) 107 108 112 114 126 129 132 160 163 164 165 166 168 170 171 173 179 188 190 192 213 214 217 218 265 267 269 276 280 295 297 306 310 329 332 333 334 341 342 343 346 349 364 372 418 422 427 434 447 450 479 483 484 485 487 539 541 542 543 544 545 549 552 554 555 556 557 559 560 561 562 563 564 565 567 580 584 615 628 632 633 635 645 650 652 654 674 675 678 715 720 721 722 726 727 743 748 749 750 751 755 807 810 818 819 820 832 837 846 847 848 862 880 913 914 919 920 921 922 925 926 927 928 947 962 966 978 979 980 983 1005 1006 1007 1014 1028 1065 1066 1068 1080 1086 1090 1091 1092 1097 1101 1106
    K_HISTORY <keyword> (262) 59
    K_NAME <keyword> (263) 783 982 999
    K_NAMESCASESENSITIVE <keyword> (264) 6 7
    K_DESIGN <keyword> (265) 51 52 65
    K_VIAS <keyword> (266) 310 347
    K_TECH <keyword> (267) 54
    K_UNITS <keyword> (268) 108
    K_ARRAY <keyword> (269) 56
    K_FLOORPLAN <keyword> (270) 58
    K_SITE <keyword> (271)
    K_CANPLACE <keyword> (272) 112
    K_CANNOTOCCUPY <keyword> (273) 114
    K_DIEAREA <keyword> (274) 124
    K_PINS <keyword> (275) 132 262 910
    K_PINSHAPE <keyword> (276) 87
    K_DEFAULTCAP <keyword> (277) 126 130
    K_MINPINS <keyword> (278) 129
    K_WIRECAP <keyword> (279) 129
    K_TRACKS <keyword> (280) 281
    K_GCELLGRID <keyword> (281) 306
    K_DO <keyword> (282) 112 114 267 280 306 542 543 544 545
    K_BY <keyword> (283) 112 114 267 542 543 544 545
    K_STEP <keyword> (284) 112 114 269 280 306 542 543 544 545
    K_LAYER <keyword> (285) 155 168 170 173 261 302 512 973 1021 1034 1080
    K_ROW <keyword> (286) 77 265
    K_RECT <keyword> (287) 319 535 549 622 1010 1024 1040
    K_COMPS <keyword> (288) 372 448 699 860
    K_COMP_GEN <keyword> (289) 405
    K_SOURCE <keyword> (290) 408 476 626
    K_WEIGHT <keyword> (291) 447 483 632
    K_EEQMASTER <keyword> (292) 403
    K_FIXED <keyword> (293) 440 516 518 637 942
    K_COVER <keyword> (294) 441 517 519 638 943
    K_UNPLACED <keyword> (295) 436 437
    K_PLACED <keyword> (296) 442 515
    K_FOREIGN <keyword> (297) 432
    K_REGION <keyword> (298) 71 430 693
    K_REGIONS <keyword> (299) 348 349
    K_NETS <keyword> (300) 450 589
    K_START_NET <keyword> (301)
    K_MUSTJOIN <keyword> (302) 460
    K_ORIGINAL <keyword> (303) 481 630
    K_USE <keyword> (304) 151 486 634
    K_STYLE <keyword> (305) 487 580 584 635 1106
    K_PATTERN <keyword> (306) 336 482 631
    K_PATTERNNAME <keyword> (307) 326
    K_ESTCAP <keyword> (308) 485 633
    K_ROUTED <keyword> (309) 520 639 944
    K_NEW <keyword> (310) 530 670
    K_SNETS <keyword> (311) 675 676
    K_SHAPE <keyword> (312) 583 614
    K_WIDTH <keyword> (313) 295 554 645 1080
    K_VOLTAGE <keyword> (314) 647
    K_SPACING <keyword> (315) 213 217 650 978 1091
    K_NONDEFAULTRULE <keyword> (316) 81 489 941
    K_NONDEFAULTRULES <keyword> (317) 1068 1069
    K_NOFLOPS <keyword> (318) 1007
    K_N <keyword> (319) 115
    K_S <keyword> (320) 117
    K_E <keyword> (321) 118
    K_W <keyword> (322) 116
    K_FN <keyword> (323) 119
    K_FE <keyword> (324) 122
    K_FS <keyword> (325) 121
    K_FW <keyword> (326) 120
    K_GROUPS <keyword> (327) 678 701 723
    K_GROUP <keyword> (328) 73
    K_SOFT <keyword> (329) 420 689 1004 1005
    K_MAXX <keyword> (330) 720
    K_MAXY <keyword> (331) 721
    K_MAXHALFPERIMETER <keyword> (332) 722
    K_CONSTRAINTS <keyword> (333) 727 752
    K_NET <keyword> (334) 67 138 734
    K_PATH <keyword> (335) 736
    K_SUM <keyword> (336) 737
    K_DIFF <keyword> (337) 738
    K_SCANCHAINS <keyword> (338) 755 808
    K_START <keyword> (339) 766
    K_FLOATING <keyword> (340) 768
    K_ORDERED <keyword> (341) 770
    K_STOP <keyword> (342) 772
    K_IN <keyword> (343)
    K_OUT <keyword> (344)
    K_RISEMIN <keyword> (345) 748 919 925
    K_RISEMAX <keyword> (346) 749 921 927
    K_FALLMIN <keyword> (347) 750 920 926
    K_FALLMAX <keyword> (348) 751 922 928
    K_WIREDLOGIC <keyword> (349) 658 662 743
    K_MAXDIST <keyword> (350) 743
    K_ASSERTIONS <keyword> (351) 726 753
    K_DISTANCE <keyword> (352) 108
    K_MICRONS <keyword> (353) 108
    K_NDR <keyword> (354) 293
    K_END <keyword> (355) 52 61 130 262 347 348 448 589 676 723 752 753 808 835 836 878 929 950 967 1015 1029 1069 1102
    K_POWERDOMAIN <keyword> (356) 695
    K_HINSTS <keyword> (357) 697
    K_IOTIMINGS <keyword> (358) 810 835
    K_RISE <keyword> (359) 833
    K_FALL <keyword> (360) 834
    K_VARIABLE <keyword> (361) 818
    K_SLEWRATE <keyword> (362) 819
    K_CAPACITANCE <keyword> (363) 820
    K_DRIVECELL <keyword> (364) 823
    K_FROMPIN <keyword> (365) 830 867 875
    K_TOPIN <keyword> (366) 827 867 875
    K_PARALLEL <keyword> (367) 832
    K_TIMINGDISABLES <keyword> (368) 862 878
    K_THRUPIN <keyword> (369) 869 877
    K_MACRO <keyword> (370) 871
    K_PARTITIONS <keyword> (371) 880 929
    K_TURNOFF <keyword> (372) 887
    K_COMPONENTS <keyword> (373)
    K_FROMCLOCKPIN <keyword> (374) 897
    K_FROMCOMPPIN <keyword> (375) 899
    K_FROMIOPIN <keyword> (376) 901
    K_TOCLOCKPIN <keyword> (377) 903
    K_TOCOMPPIN <keyword> (378) 905
    K_TOIOPIN <keyword> (379) 907
    K_SETUPRISE <keyword> (380) 889
    K_SETUPFALL <keyword> (381) 890
    K_HOLDRISE <keyword> (382) 892
    K_HOLDFALL <keyword> (383) 893
    K_VPIN <keyword> (384) 509
    K_SUBNET <keyword> (385) 497
    K_XTALK <keyword> (386) 484
    K_PIN <keyword> (387) 85 468
    K_SYNTHESIZED <keyword> (388) 471 935
    K_IF <keyword> (389)
    K_THEN <keyword> (390)
    K_ELSE <keyword> (391)
    K_FALSE <keyword> (392)
    K_TRUE <keyword> (393)
    K_EQ <keyword> (394)
    K_NE <keyword> (395)
    K_LE <keyword> (396)
    K_LT <keyword> (397)
    K_GE <keyword> (398)
    K_GT <keyword> (399)
    K_OR <keyword> (400)
    K_AND <keyword> (401)
    K_NOT <keyword> (402)
    K_SPECIAL <keyword> (403) 141
    K_DIRECTION <keyword> (404) 143
    K_RANGE <keyword> (405) 652 654
    K_WIRE <keyword> (406)
    K_FPC <keyword> (407) 836 837
    K_HORIZONTAL <keyword> (408) 843
    K_VERTICAL <keyword> (409) 844
    K_ALIGN <keyword> (410) 845
    K_MIN <keyword> (411) 847 913
    K_MAX <keyword> (412) 846 914
    K_EQUAL <keyword> (413) 848
    K_BOTTOMLEFT <keyword> (414) 852
    K_TOPRIGHT <keyword> (415) 854
    K_ROWS <keyword> (416) 858
    K_TAPER <keyword> (417) 577
    K_TAPERRULE <keyword> (418) 579
    K_VERSION <keyword> (419) 4
    K_DIVIDERCHAR <keyword> (420) 109
    K_BUSBITCHARS <keyword> (421) 110
    K_PROPERTYDEFINITIONS <keyword> (422) 61
    K_STRING <keyword> (423) 103 104
    K_REAL <keyword> (424) 102
    K_INTEGER <keyword> (425) 100
    K_PROPERTY <keyword> (426) 145 200 206 212 273 290 321 360 424 499 575 586 617 691 780 959 985 1001 1061 1063 1094
    K_BEGINEXT <keyword> (427) 307 308
    K_ENDEXT <keyword> (428)
    K_NAMEMAPSTRING <keyword> (429) 105
    K_ON <keyword> (430) 6
    K_OFF <keyword> (431) 7
    K_X <keyword> (432) 282
    K_Y <keyword> (433) 283
    K_COMPONENT <keyword> (434) 75 988 997
    K_MASK <keyword> (435) 188 190 192 297 346 539 541 542 545 549 552 615 980 1065 1066
    K_MASKSHIFT <keyword> (436) 439
    K_COMPSMASKSHIFT <keyword> (437) 370
    K_SAMEMASK <keyword> (438) 299
    K_PINPROPERTIES <keyword> (439) 947 950
    K_TEST <keyword> (440) 505
    K_ONLYBLOCKS <keyword> (441) 1002
    K_COMMONSCANPINS <keyword> (442) 774
    K_SNET <keyword> (443) 69
    K_COMPONENTPIN <keyword> (444) 79
    K_REENTRANTPATHS <keyword> (445) 872
    K_SHIELD <keyword> (446) 576 588 641
    K_SHIELDNET <keyword> (447) 493
    K_NOSHIELD <keyword> (448) 521 945
    K_VIRTUAL <keyword> (449) 534
    K_ANTENNAPINPARTIALMETALAREA <keyword> (450) 163
    K_ANTENNAPINPARTIALMETALSIDEAREA <keyword> (451) 164
    K_ANTENNAPINGATEAREA <keyword> (452) 165
    K_ANTENNAPINDIFFAREA <keyword> (453) 166
    K_ANTENNAPINMAXAREACAR <keyword> (454) 168
    K_ANTENNAPINMAXSIDEAREACAR <keyword> (455) 170
    K_ANTENNAPINPARTIALCUTAREA <keyword> (456) 171
    K_ANTENNAPINMAXCUTCAR <keyword> (457) 173
    K_SIGNAL <keyword> (458) 251
    K_POWER <keyword> (459) 252
    K_GROUND <keyword> (460) 253
    K_CLOCK <keyword> (461) 254
    K_TIEOFF <keyword> (462) 255
    K_ANALOG <keyword> (463) 256
    K_SCAN <keyword> (464) 257
    K_RESET <keyword> (465) 258
    K_RING <keyword> (466) 590
    K_STRIPE <keyword> (467) 591
    K_FOLLOWPIN <keyword> (468) 592
    K_IOWIRE <keyword> (469) 593
    K_COREWIRE <keyword> (470) 594
    K_BLOCKWIRE <keyword> (471) 595
    K_FILLWIRE <keyword> (472) 596
    K_BLOCKAGEWIRE <keyword> (473) 599
    K_PADRING <keyword> (474) 600
    K_BLOCKRING <keyword> (475) 601
    K_BLOCKAGES <keyword> (476) 966 967
    K_PLACEMENT <keyword> (477) 975
    K_SLOTS <keyword> (478) 989 1014 1015
    K_FILLS <keyword> (479) 990 1028 1029
    K_PUSHDOWN <keyword> (480) 991 1003
    K_NETLIST <keyword> (481) 409 501
    K_DIST <keyword> (482) 410 502
    K_USER <keyword> (483) 411 503
    K_TIMING <keyword> (484) 412 504
    K_BALANCED <keyword> (485) 655 659
    K_STEINER <keyword> (486) 656 660
    K_TRUNK <keyword> (487) 657 661
    K_FIXEDBUMP <keyword> (488) 477 627
    K_FENCE <keyword> (489) 367
    K_FREQUENCY <keyword> (490) 479 628
    K_GUIDE <keyword> (491) 368
    K_MAXBITS <keyword> (492) 807
    K_PARTITION <keyword> (493) 776
    K_TYPE <keyword> (494) 361
    K_ANTENNAMODEL <keyword> (495) 174
    K_DRCFILL <keyword> (496) 598
    K_OXIDE1 <keyword> (497) 219
    K_OXIDE2 <keyword> (498) 220
    K_OXIDE3 <keyword> (499) 221
    K_OXIDE4 <keyword> (500) 222
    K_OXIDE5 <keyword> (501) 223
    K_OXIDE6 <keyword> (502) 224
    K_OXIDE7 <keyword> (503) 225
    K_OXIDE8 <keyword> (504) 226
    K_OXIDE9 <keyword> (505) 227
    K_OXIDE10 <keyword> (506) 228
    K_OXIDE11 <keyword> (507) 229
    K_OXIDE12 <keyword> (508) 230
    K_OXIDE13 <keyword> (509) 231
    K_OXIDE14 <keyword> (510) 232
    K_OXIDE15 <keyword> (511) 233
    K_OXIDE16 <keyword> (512) 234
    K_OXIDE17 <keyword> (513) 235
    K_OXIDE18 <keyword> (514) 236
    K_OXIDE19 <keyword> (515) 237
    K_OXIDE20 <keyword> (516) 238
    K_OXIDE21 <keyword> (517) 239
    K_OXIDE22 <keyword> (518) 240
    K_OXIDE23 <keyword> (519) 241
    K_OXIDE24 <keyword> (520) 242
    K_OXIDE25 <keyword> (521) 243
    K_OXIDE26 <keyword> (522) 244
    K_OXIDE27 <keyword> (523) 245
    K_OXIDE28 <keyword> (524) 246
    K_OXIDE29 <keyword> (525) 247
    K_OXIDE30 <keyword> (526) 248
    K_OXIDE31 <keyword> (527) 249
    K_OXIDE32 <keyword> (528) 250
    K_CUTSIZE <keyword> (529) 329
    K_CUTSPACING <keyword> (530) 329
    K_DESIGNRULEWIDTH <keyword> (531) 214 218 979
    K_DIAGWIDTH <keyword> (532) 1090
    K_ENCLOSURE <keyword> (533) 329
    K_HALO <keyword> (534) 418
    K_GROUNDSENSITIVITY <keyword> (535) 150
    K_PHYSICAL <keyword> (536) 446
    K_HARDSPACING <keyword> (537) 1077
    K_LAYERS <keyword> (538) 329
    K_MINCUTS <keyword> (539) 1086
    K_NETEXPR <keyword> (540) 146
    K_PINPROPERTY <keyword> (541) 445
    K_OFFSET <keyword> (542) 334
    K_ORIGIN <keyword> (543) 333
    K_ROWCOL <keyword> (544) 332
    K_STYLES <keyword> (545) 1101 1102
    K_SOFTFIXED <keyword> (546) 443
    K_POLYGON <keyword> (547) 158 324 620 1012 1026 1042
    K_PORT <keyword> (548) 152
    K_SUPPLYSENSITIVITY <keyword> (549) 148
    K_VIA <keyword> (550) 95 160 625 1037 1082
    K_VIARULE <keyword> (551) 329 1084
    K_WIREEXT <keyword> (552) 1092
    K_EXCEPTPGNET <keyword> (553) 992
    K_ONLYPGNET <keyword> (554) 993
    K_FILLWIREOPC <keyword> (555) 597
    K_OPC <keyword> (556) 1048 1064
    K_PARTIAL <keyword> (557) 983 1006 1007
    K_ROUTEHALO <keyword> (558) 422
    K_BLOCKAGE <keyword> (559) 83
    K_ROUTE <keyword> (560) 89
    K_SCANCHAIN <keyword> (561) 91
    K_SPECIALROUTE <keyword> (562) 93
    K_TRACK <keyword> (563) 97


Nonterminals, with rules where they appear

    $accept (316)
        on left: 0
    def_file (317)
        on left: 1
        on right: 0
    version_stmt (318)
        on left: 2 4
        on right: 1
    $@1 (319)
        on left: 3
        on right: 4
    case_sens_stmt (320)
        on left: 5 6 7
        on right: 1
    rules (321)
        on left: 8 9 10
        on right: 1 9
    rule (322)
        on left: 11 12 13 14 15 16 17 18 19 20 21 22 23 24 25 26 27 28 29 30 31 32
        on right: 9
    design_section (323)
        on left: 33 34 35 36 37 38 39 40 41 42 43 44 45 46 47 48 49
        on right: 11
    design_name (324)
        on left: 51
        on right: 37
    $@2 (325)
        on left: 50
        on right: 51
    end_design (326)
        on left: 52
        on right: 1
    tech_name (327)
        on left: 54
        on right: 47
    $@3 (328)
        on left: 53
        on right: 54
    array_name (329)
        on left: 56
        on right: 33
    $@4 (330)
        on left: 55
        on right: 56
    floorplan_name (331)
        on left: 58
        on right: 40
    $@5 (332)
        on left: 57
        on right: 58
    history (333)
        on left: 59
        on right: 42
    prop_def_section (334)
        on left: 61
        on right: 45
    $@6 (335)
        on left: 60
        on right: 61
    property_defs (336)
        on left: 62 63
        on right: 61 63
    property_def (337)
        on left: 65 67 69 71 73 75 77 79 81 83 85 87 89 91 93 95 97 98
        on right: 63
    $@7 (338)
        on left: 64
        on right: 65
    $@8 (339)
        on left: 66
        on right: 67
    $@9 (340)
        on left: 68
        on right: 69
    $@10 (341)
        on left: 70
        on right: 71
    $@11 (342)
        on left: 72
        on right: 73
    $@12 (343)
        on left: 74
        on right: 75
    $@13 (344)
        on left: 76
        on right: 77
    $@14 (345)
        on left: 78
        on right: 79
    $@15 (346)
        on left: 80
        on right: 81
    $@16 (347)
        on left: 82
        on right: 83
    $@17 (348)
        on left: 84
        on right: 85
    $@18 (349)
        on left: 86
        on right: 87
    $@19 (350)
        on left: 88
        on right: 89
    $@20 (351)
        on left: 90
        on right: 91
    $@21 (352)
        on left: 92
        on right: 93
    $@22 (353)
        on left: 94
        on right: 95
    $@23 (354)
        on left: 96
        on right: 97
    property_type_and_val (355)
        on left: 100 102 103 104 105
        on right: 65 67 69 71 73 75 77 79 81 83 85 87 89 91 93 95 97
    $@24 (356)
        on left: 99
        on right: 100
    $@25 (357)
        on left: 101
        on right: 102
    opt_num_val (358)
        on left: 106 107
        on right: 100 102
    units (359)
        on left: 108
        on right: 49
    divider_char (360)
        on left: 109
        on right: 39
    bus_bit_chars (361)
        on left: 110
        on right: 34
    canplace (362)
        on left: 112
        on right: 35
    $@26 (363)
        on left: 111
        on right: 112
    cannotoccupy (364)
        on left: 114
        on right: 36
    $@27 (365)
        on left: 113
        on right: 114
    orient <integer> (366)
        on left: 115 116 117 118 119 120 121 122
        on right: 112 114 162 186 265 432 435 437 514 540 541 544 545 643 1054
    die_area (367)
        on left: 124
        on right: 38
    $@28 (368)
        on left: 123
        on right: 124
    pin_cap_rule (369)
        on left: 125
        on right: 43
    start_def_cap (370)
        on left: 126
        on right: 125
    pin_caps (371)
        on left: 127 128
        on right: 125 128
    pin_cap (372)
        on left: 129
        on right: 128
    end_def_cap (373)
        on left: 130
        on right: 125
    pin_rule (374)
        on left: 131
        on right: 44
    start_pins (375)
        on left: 132
        on right: 131
    pins (376)
        on left: 133 134
        on right: 131 134
    pin (377)
        on left: 138
        on right: 134
    $@29 (378)
        on left: 135
        on right: 138
    $@30 (379)
        on left: 136
        on right: 138
    $@31 (380)
        on left: 137
        on right: 138
    pin_options (381)
        on left: 139 140
        on right: 138 140
    pin_option (382)
        on left: 141 142 143 145 146 148 150 151 152 155 158 160 161 162 163 164 165 166 168 170 171 173 174
        on right: 140
    $@32 (383)
        on left: 144
        on right: 145
    $@33 (384)
        on left: 147
        on right: 148
    $@34 (385)
        on left: 149
        on right: 150
    $@35 (386)
        on left: 153
        on right: 155
    $@36 (387)
        on left: 154
        on right: 155
    $@37 (388)
        on left: 156
        on right: 158
    $@38 (389)
        on left: 157
        on right: 158
    $@39 (390)
        on left: 159
        on right: 160
    $@40 (391)
        on left: 167
        on right: 168
    $@41 (392)
        on left: 169
        on right: 170
    $@42 (393)
        on left: 172
        on right: 173
    pin_prop_name_values (394)
        on left: 175 176
        on right: 145 176
    prop_name_value <prop> (395)
        on left: 178
        on right: 176 182 200 206 212 290 321 445 575 586 780 985 1001 1061 1063
    $@43 (396)
        on left: 177
        on right: 178
    prop_name_value_pair <prop> (397)
        on left: 179 180
        on right: 178
    net_prop_name_values (398)
        on left: 181 182
        on right: 182 499 617
    prop_string_value <string> (399)
        on left: 183 184
        on right: 180
    via_orient <integer> (400)
        on left: 185 186
        on right: 160
    pin_layer_mask_opt (401)
        on left: 187 188
        on right: 155
    pin_via_mask_opt <integer> (402)
        on left: 189 190
        on right: 160
    pin_poly_mask_opt (403)
        on left: 191 192
        on right: 158
    pin_layer_spacing_opt (404)
        on left: 193 194
        on right: 155
    pin_layer_props_opt (405)
        on left: 195 196
        on right: 155
    pin_layer_props (406)
        on left: 197 198
        on right: 196 197
    pin_layer_prop (407)
        on left: 200
        on right: 197 198
    $@44 (408)
        on left: 199
        on right: 200
    pin_poly_props_opt (409)
        on left: 201 202
        on right: 158
    pin_poly_props (410)
        on left: 203 204
        on right: 202 203
    pin_poly_prop (411)
        on left: 206
        on right: 203 204
    $@45 (412)
        on left: 205
        on right: 206
    pin_via_props_opt (413)
        on left: 207 208
        on right: 160
    pin_via_props (414)
        on left: 209 210
        on right: 208 209
    pin_via_prop (415)
        on left: 212
        on right: 209 210
    $@46 (416)
        on left: 211
        on right: 212
    pin_layer_spacing (417)
        on left: 213 214
        on right: 194
    pin_poly_spacing_opt (418)
        on left: 215 216
        on right: 158
    pin_poly_spacing (419)
        on left: 217 218
        on right: 216
    pin_oxide (420)
        on left: 219 220 221 222 223 224 225 226 227 228 229 230 231 232 233 234 235 236 237 238 239 240 241 242 243 244 245 246 247 248 249 250
        on right: 174
    use_type <string> (421)
        on left: 251 252 253 254 255 256 257 258
        on right: 151 486 634
    pin_layer_opt <string> (422)
        on left: 259 261
        on right: 163 164 165 166 171
    $@47 (423)
        on left: 260
        on right: 261
    end_pins (424)
        on left: 262
        on right: 131
    row_rule (425)
        on left: 265
        on right: 46
    $@48 (426)
        on left: 263
        on right: 265
    $@49 (427)
        on left: 264
        on right: 265
    row_do_option (428)
        on left: 266 267
        on right: 265
    row_step_option (429)
        on left: 268 269
        on right: 267
    row_options (430)
        on left: 270 271
        on right: 265 271
    row_option (431)
        on left: 273
        on right: 271
    $@50 (432)
        on left: 272
        on right: 273
    row_prop_list (433)
        on left: 274 275
        on right: 273 275
    row_prop (434)
        on left: 276 277 278
        on right: 275
    tracks_rule (435)
        on left: 280
        on right: 48
    $@51 (436)
        on left: 279
        on right: 280
    track_start <string> (437)
        on left: 281
        on right: 280
    track_type <string> (438)
        on left: 282 283
        on right: 281 306
    track_opts (439)
        on left: 284
        on right: 280
    track_opt_property_statements (440)
        on left: 285 286
        on right: 284
    track_property_statements (441)
        on left: 287 288
        on right: 286 287
    track_property_statement (442)
        on left: 290
        on right: 287 288
    $@52 (443)
        on left: 289
        on right: 290
    track_ndr_statement (444)
        on left: 291 293
        on right: 284
    $@53 (445)
        on left: 292
        on right: 293
    track_width_statement (446)
        on left: 294 295
        on right: 284
    track_mask_statement (447)
        on left: 296 297
        on right: 284
    same_mask <integer> (448)
        on left: 298 299
        on right: 297
    track_layer_statement (449)
        on left: 300 302
        on right: 284
    $@54 (450)
        on left: 301
        on right: 302
    track_layers (451)
        on left: 303 304
        on right: 302 304
    track_layer (452)
        on left: 305
        on right: 302 304
    gcellgrid (453)
        on left: 306
        on right: 41
    extension_section (454)
        on left: 307
        on right: 16
    extension_stmt (455)
        on left: 308
        on right: 142 331 401 470 500 636 694 777 824 908
    via_section (456)
        on left: 309
        on right: 32
    via (457)
        on left: 310
        on right: 309
    via_declarations (458)
        on left: 311 312
        on right: 309 312
    via_declaration (459)
        on left: 315
        on right: 312
    $@55 (460)
        on left: 313
        on right: 315
    $@56 (461)
        on left: 314
        on right: 315
    layer_stmts (462)
        on left: 316 317
        on right: 315 317
    layer_stmt (463)
        on left: 319 321 324 326 329 330 331
        on right: 317
    $@57 (464)
        on left: 318
        on right: 319
    $@58 (465)
        on left: 320
        on right: 321
    $@59 (466)
        on left: 322
        on right: 324
    $@60 (467)
        on left: 323
        on right: 324
    $@61 (468)
        on left: 325
        on right: 326
    $@62 (469)
        on left: 327
        on right: 329
    $@63 (470)
        on left: 328
        on right: 329
    layer_viarule_opts (471)
        on left: 332 333 334 336
        on right: 330
    $@64 (472)
        on left: 335
        on right: 336
    firstPt (473)
        on left: 337
        on right: 124 158 324 620 625 1012 1026 1042 1106
    nextPt (474)
        on left: 338
        on right: 124 158 324 340 620 1012 1026 1042 1106
    otherPts (475)
        on left: 339 340
        on right: 124 158 324 340 620 625 1012 1026 1042 1106
    pt <pt> (476)
        on left: 341 342 343 344
        on right: 155 162 319 337 338 355 356 415 416 433 435 437 507 514 622 711 1010 1024 1040 1049 1050
    mask <integer> (477)
        on left: 345 346
        on right: 319 324
    via_end (478)
        on left: 347
        on right: 309
    regions_section (479)
        on left: 348
        on right: 26
    regions_start (480)
        on left: 349
        on right: 348
    regions_stmts (481)
        on left: 350 351
        on right: 348 351
    regions_stmt (482)
        on left: 354
        on right: 351
    $@65 (483)
        on left: 352
        on right: 354
    $@66 (484)
        on left: 353
        on right: 354
    rect_list (485)
        on left: 355 356
        on right: 354 356
    region_options (486)
        on left: 357 358
        on right: 354 358
    region_option (487)
        on left: 360 361
        on right: 358
    $@67 (488)
        on left: 359
        on right: 360
    region_prop_list (489)
        on left: 362 363
        on right: 360 363
    region_prop (490)
        on left: 364 365 366
        on right: 363
    region_type <string> (491)
        on left: 367 368
        on right: 361
    comps_maskShift_section (492)
        on left: 370
        on right: 18
    $@68 (493)
        on left: 369
        on right: 370
    comps_section (494)
        on left: 371
        on right: 14
    start_comps (495)
        on left: 372
        on right: 371
    layer_statement (496)
        on left: 373 374
        on right: 370 374
    maskLayer (497)
        on left: 375
        on right: 374
    comps_rule (498)
        on left: 376 377
        on right: 371 377
    comp (499)
        on left: 378
        on right: 377
    comp_start (500)
        on left: 379
        on right: 378
    comp_id_and_name (501)
        on left: 381
        on right: 379
    $@69 (502)
        on left: 380
        on right: 381
    comp_net_list <integer> (503)
        on left: 382 383 384
        on right: 379 383 384
    comp_options (504)
        on left: 385 386
        on right: 378 386
    comp_option (505)
        on left: 387 388 389 390 391 392 393 394 395 396 397 398 399 400
        on right: 386
    comp_extension_stmt (506)
        on left: 401
        on right: 400
    comp_eeq (507)
        on left: 403
        on right: 396
    $@70 (508)
        on left: 402
        on right: 403
    comp_generate (509)
        on left: 405
        on right: 387
    $@71 (510)
        on left: 404
        on right: 405
    opt_pattern <string> (511)
        on left: 406 407
        on right: 405
    comp_source (512)
        on left: 408
        on right: 388
    source_type <string> (513)
        on left: 409 410 411 412
        on right: 408 626
    comp_region (514)
        on left: 413 414
        on right: 395
    comp_pnt_list (515)
        on left: 415 416
        on right: 413 416
    comp_halo (516)
        on left: 418
        on right: 397
    $@72 (517)
        on left: 417
        on right: 418
    halo_soft (518)
        on left: 419 420
        on right: 418
    comp_routehalo (519)
        on left: 422
        on right: 398
    $@73 (520)
        on left: 421
        on right: 422
    comp_property (521)
        on left: 424
        on right: 399
    $@74 (522)
        on left: 423
        on right: 424
    comp_prop_list (523)
        on left: 425 426
        on right: 424 426
    comp_prop (524)
        on left: 427 428 429
        on right: 425 426
    comp_region_start (525)
        on left: 430
        on right: 413 414
    comp_foreign (526)
        on left: 432
        on right: 394
    $@75 (527)
        on left: 431
        on right: 432
    opt_paren <pt> (528)
        on left: 433 434
        on right: 432
    comp_type (529)
        on left: 435 436 437
        on right: 389
    maskShift (530)
        on left: 439
        on right: 393
    $@76 (531)
        on left: 438
        on right: 439
    placement_status <integer> (532)
        on left: 440 441 442 443
        on right: 161 162 435
    comp_pinprop (533)
        on left: 445
        on right: 390
    $@77 (534)
        on left: 444
        on right: 445
    comp_physical (535)
        on left: 446
        on right: 391
    weight (536)
        on left: 447
        on right: 392
    end_comps (537)
        on left: 448
        on right: 371
    nets_section (538)
        on left: 449
        on right: 22
    start_nets (539)
        on left: 450
        on right: 449
    net_rules (540)
        on left: 451 452
        on right: 449 452
    one_net (541)
        on left: 453
        on right: 452
    net_and_connections (542)
        on left: 454
        on right: 453 605
    net_start (543)
        on left: 456
        on right: 454
    $@78 (544)
        on left: 455
        on right: 456
    net_name (545)
        on left: 458 460
        on right: 456
    $@79 (546)
        on left: 457
        on right: 458
    $@80 (547)
        on left: 459
        on right: 460
    net_connections (548)
        on left: 461 462
        on right: 458 462
    net_connection (549)
        on left: 464 466 468
        on right: 462
    $@81 (550)
        on left: 463
        on right: 464
    $@82 (551)
        on left: 465
        on right: 466
    $@83 (552)
        on left: 467
        on right: 468
    conn_opt <integer> (553)
        on left: 469 470 471
        on right: 464 466 468
    net_options (554)
        on left: 472 473
        on right: 453 473
    net_option (555)
        on left: 475 476 477 479 481 482 483 484 485 486 487 489 490 493 497 499 500
        on right: 473
    $@84 (556)
        on left: 474
        on right: 475
    $@85 (557)
        on left: 478
        on right: 479
    $@86 (558)
        on left: 480
        on right: 481
    $@87 (559)
        on left: 488
        on right: 489
    $@88 (560)
        on left: 491
        on right: 493
    $@89 (561)
        on left: 492
        on right: 493
    $@90 (562)
        on left: 494
        on right: 497
    $@91 (563)
        on left: 495
        on right: 497
    $@92 (564)
        on left: 496
        on right: 497
    $@93 (565)
        on left: 498
        on right: 499
    netsource_type <string> (566)
        on left: 501 502 503 504 505
        on right: 476
    vpin_stmt (567)
        on left: 507
        on right: 490
    $@94 (568)
        on left: 506
        on right: 507
    vpin_begin (569)
        on left: 509
        on right: 507
    $@95 (570)
        on left: 508
        on right: 509
    vpin_layer_opt (571)
        on left: 510 512
        on right: 507
    $@96 (572)
        on left: 511
        on right: 512
    vpin_options (573)
        on left: 513 514
        on right: 507
    vpin_status <string> (574)
        on left: 515 516 517
        on right: 514
    net_type (575)
        on left: 518 519 520 521
        on right: 475
    opt_wire (576)
        on left: 523
        on right: 475
    $@97 (577)
        on left: 522
        on right: 523
    opt_paths (578)
        on left: 524 525
        on right: 523
    paths <tk> (579)
        on left: 527 528
        on right: 525 528 939
    $@98 (580)
        on left: 526
        on right: 527
    new_path <tk> (581)
        on left: 530
        on right: 528
    $@99 (582)
        on left: 529
        on right: 530
    path <tk> (583)
        on left: 533
        on right: 527 530
    $@100 (584)
        on left: 531
        on right: 533
    $@101 (585)
        on left: 532
        on right: 533
    virtual_statement (586)
        on left: 534
        on right: 546
    rect_statement (587)
        on left: 535
        on right: 547
    path_item_list_opt (588)
        on left: 536 537
        on right: 533 537 673
    path_item (589)
        on left: 538 539 540 541 542 543 544 545 546 547 549 550 551
        on right: 537
    $@102 (590)
        on left: 548
        on right: 549
    mask_number (591)
        on left: 552
        on right: 550
    wire_width (592)
        on left: 553 554
        on right: 550 551
    path_pt (593)
        on left: 555 556 557 558 559 560 561 562
        on right: 533 550 551 673
    virtual_pt (594)
        on left: 563 564 565 566
        on right: 534
    rect_pts (595)
        on left: 567
        on right: 535
    opt_taper_style_s (596)
        on left: 568 569
        on right: 533 569
    opt_taper_style (597)
        on left: 570 571 572 573
        on right: 569
    opt_prop (598)
        on left: 575
        on right: 572
    $@103 (599)
        on left: 574
        on right: 575
    opt_shield (600)
        on left: 576
        on right: 573
    opt_taper (601)
        on left: 577 579
        on right: 571
    $@104 (602)
        on left: 578
        on right: 579
    opt_style (603)
        on left: 580
        on right: 570
    opt_spaths (604)
        on left: 581 582
        on right: 582 673
    opt_shape_style_prop (605)
        on left: 583 584 586 588
        on right: 582
    $@105 (606)
        on left: 585
        on right: 586
    $@106 (607)
        on left: 587
        on right: 588
    end_nets (608)
        on left: 589
        on right: 449
    shape_type <string> (609)
        on left: 590 591 592 593 594 595 596 597 598 599 600 601
        on right: 583 614
    snets_section (610)
        on left: 602
        on right: 29
    snet_rules (611)
        on left: 603 604
        on right: 602 604
    snet_rule (612)
        on left: 605
        on right: 604
    snet_options (613)
        on left: 606 607
        on right: 605 607
    snet_option (614)
        on left: 608 609 610 611
        on right: 607
    snet_other_option (615)
        on left: 613 614 615 617 620 622 625 626 627 628 630 631 632 633 634 635 636
        on right: 611
    $@107 (616)
        on left: 612
        on right: 613
    $@108 (617)
        on left: 616
        on right: 617
    $@109 (618)
        on left: 618
        on right: 620
    $@110 (619)
        on left: 619
        on right: 620
    $@111 (620)
        on left: 621
        on right: 622
    $@112 (621)
        on left: 623
        on right: 625
    $@113 (622)
        on left: 624
        on right: 625
    $@114 (623)
        on left: 629
        on right: 630
    snet_type (624)
        on left: 637 638 639 641
        on right: 613
    $@115 (625)
        on left: 640
        on right: 641
    orient_pt <integer> (626)
        on left: 642 643
        on right: 625
    snet_width (627)
        on left: 645
        on right: 608
    $@116 (628)
        on left: 644
        on right: 645
    snet_voltage (629)
        on left: 647
        on right: 609
    $@117 (630)
        on left: 646
        on right: 647
    snet_spacing (631)
        on left: 650
        on right: 610
    $@118 (632)
        on left: 648
        on right: 650
    $@119 (633)
        on left: 649
        on right: 650
    opt_snet_range (634)
        on left: 651 652
        on right: 650
    opt_range (635)
        on left: 653 654
        on right: 100 102
    nets_pattern_type <string> (636)
        on left: 655 656 657 658
        on right: 482
    snets_pattern_type <string> (637)
        on left: 659 660 661 662
        on right: 631
    opt_swire (638)
        on left: 663 665
        on right: 613
    $@120 (639)
        on left: 664
        on right: 665
    spaths (640)
        on left: 667 668
        on right: 665 668
    $@121 (641)
        on left: 666
        on right: 667
    snew_path (642)
        on left: 670
        on right: 668
    $@122 (643)
        on left: 669
        on right: 670
    spath (644)
        on left: 673
        on right: 667 670
    $@123 (645)
        on left: 671
        on right: 673
    $@124 (646)
        on left: 672
        on right: 673
    width (647)
        on left: 674
        on right: 673
    start_snets (648)
        on left: 675
        on right: 602
    end_snets (649)
        on left: 676
        on right: 602
    groups_section (650)
        on left: 677
        on right: 20
    groups_start (651)
        on left: 678
        on right: 677
    group_rules (652)
        on left: 679 680
        on right: 677 680
    group_rule (653)
        on left: 681
        on right: 680
    start_group (654)
        on left: 683
        on right: 681
    $@125 (655)
        on left: 682
        on right: 683
    group_members (656)
        on left: 684 685
        on right: 681 685
    group_member (657)
        on left: 686
        on right: 685
    group_options (658)
        on left: 687 688
        on right: 681 688
    group_option (659)
        on left: 689 691 693 694 695 697 699 701
        on right: 688
    $@126 (660)
        on left: 690
        on right: 691
    $@127 (661)
        on left: 692
        on right: 693
    $@128 (662)
        on left: 696
        on right: 697
    $@129 (663)
        on left: 698
        on right: 699
    $@130 (664)
        on left: 700
        on right: 701
    group_hinsts (665)
        on left: 702 703
        on right: 697 702
    group_hinst (666)
        on left: 704
        on right: 702 703
    group_components (667)
        on left: 705 706
        on right: 699 705
    group_component (668)
        on left: 707
        on right: 705 706
    group_groups (669)
        on left: 708 709
        on right: 701 708
    group_group (670)
        on left: 710
        on right: 708 709
    group_region (671)
        on left: 711 712
        on right: 693
    group_prop_list (672)
        on left: 713 714
        on right: 691 714
    group_prop (673)
        on left: 715 716 717
        on right: 714
    group_soft_options (674)
        on left: 718 719
        on right: 689 719
    group_soft_option (675)
        on left: 720 721 722
        on right: 719
    groups_end (676)
        on left: 723
        on right: 677
    assertions_section (677)
        on left: 724
        on right: 12
    constraint_section (678)
        on left: 725
        on right: 15
    assertions_start (679)
        on left: 726
        on right: 724
    constraints_start (680)
        on left: 727
        on right: 725
    constraint_rules (681)
        on left: 728 729
        on right: 724 725 729
    constraint_rule (682)
        on left: 730 731
        on right: 729
    operand_rule (683)
        on left: 732
        on right: 730
    operand (684)
        on left: 734 736 737 738
        on right: 732 739 740 741
    $@131 (685)
        on left: 733
        on right: 734
    $@132 (686)
        on left: 735
        on right: 736
    operand_list (687)
        on left: 739 740 741
        on right: 737 738 740 741
    wiredlogic_rule (688)
        on left: 743
        on right: 731
    $@133 (689)
        on left: 742
        on right: 743
    opt_plus <string> (690)
        on left: 744 745
        on right: 743
    delay_specs (691)
        on left: 746 747
        on right: 732 747
    delay_spec (692)
        on left: 748 749 750 751
        on right: 747
    constraints_end (693)
        on left: 752
        on right: 725
    assertions_end (694)
        on left: 753
        on right: 724
    scanchains_section (695)
        on left: 754
        on right: 27
    scanchain_start (696)
        on left: 755
        on right: 754
    scanchain_rules (697)
        on left: 756 757
        on right: 754 757
    scan_rule (698)
        on left: 758
        on right: 757
    start_scan (699)
        on left: 760
        on right: 758
    $@134 (700)
        on left: 759
        on right: 760
    scan_members (701)
        on left: 761 762
        on right: 758 762
    opt_pin <string> (702)
        on left: 763 764
        on right: 766 772
    scan_member (703)
        on left: 766 768 770 772 774 776 777 780 783
        on right: 762
    $@135 (704)
        on left: 765
        on right: 766
    $@136 (705)
        on left: 767
        on right: 768
    $@137 (706)
        on left: 769
        on right: 770
    $@138 (707)
        on left: 771
        on right: 772
    $@139 (708)
        on left: 773
        on right: 774
    $@140 (709)
        on left: 775
        on right: 776
    $@141 (710)
        on left: 778
        on right: 780
    $@142 (711)
        on left: 779
        on right: 780
    $@143 (712)
        on left: 781
        on right: 783
    $@144 (713)
        on left: 782
        on right: 783
    opt_common_pins (714)
        on left: 784 785 786
        on right: 774
    floating_inst_list (715)
        on left: 787 788
        on right: 768 788
    one_floating_inst (716)
        on left: 790
        on right: 788
    $@145 (717)
        on left: 789
        on right: 790
    floating_pins (718)
        on left: 791 792 793 794
        on right: 790
    ordered_inst_list_opt (719)
        on left: 795 796
        on right: 770 780 783
    ordered_inst_list (720)
        on left: 797 798
        on right: 796 797
    one_ordered_inst (721)
        on left: 801
        on right: 797 798
    $@146 (722)
        on left: 799
        on right: 801
    $@147 (723)
        on left: 800
        on right: 801
    ordered_pins (724)
        on left: 802 803 804 805
        on right: 801
    partition_maxbits <integer> (725)
        on left: 806 807
        on right: 776
    scanchain_end (726)
        on left: 808
        on right: 754
    iotiming_section (727)
        on left: 809
        on right: 21
    iotiming_start (728)
        on left: 810
        on right: 809
    iotiming_rules (729)
        on left: 811 812
        on right: 809 812
    iotiming_rule (730)
        on left: 813
        on right: 812
    start_iotiming (731)
        on left: 815
        on right: 813
    $@148 (732)
        on left: 814
        on right: 815
    iotiming_members (733)
        on left: 816 817
        on right: 813 817
    iotiming_member (734)
        on left: 818 819 820 823 824
        on right: 817
    $@149 (735)
        on left: 821
        on right: 823
    $@150 (736)
        on left: 822
        on right: 823
    iotiming_drivecell_opt (737)
        on left: 827
        on right: 823
    $@151 (738)
        on left: 825
        on right: 827
    $@152 (739)
        on left: 826
        on right: 827
    iotiming_frompin (740)
        on left: 828 830
        on right: 827
    $@153 (741)
        on left: 829
        on right: 830
    iotiming_parallel (742)
        on left: 831 832
        on right: 827
    risefall <string> (743)
        on left: 833 834
        on right: 818 819 897 903
    iotiming_end (744)
        on left: 835
        on right: 809
    floorplan_contraints_section (745)
        on left: 836
        on right: 19
    fp_start (746)
        on left: 837
        on right: 836
    fp_stmts (747)
        on left: 838 839
        on right: 836 839
    fp_stmt (748)
        on left: 842
        on right: 839
    $@154 (749)
        on left: 840
        on right: 842
    $@155 (750)
        on left: 841
        on right: 842
    h_or_v <string> (751)
        on left: 843 844
        on right: 842
    constraint_type (752)
        on left: 845 846 847 848
        on right: 842
    constrain_what_list (753)
        on left: 849 850
        on right: 842 850
    constrain_what (754)
        on left: 852 854
        on right: 850
    $@156 (755)
        on left: 851
        on right: 852
    $@157 (756)
        on left: 853
        on right: 854
    row_or_comp_list (757)
        on left: 855 856
        on right: 852 854 856
    row_or_comp (758)
        on left: 858 860
        on right: 856
    $@158 (759)
        on left: 857
        on right: 858
    $@159 (760)
        on left: 859
        on right: 860
    timingdisables_section (761)
        on left: 861
        on right: 31
    timingdisables_start (762)
        on left: 862
        on right: 861
    timingdisables_rules (763)
        on left: 863 864
        on right: 861 864
    timingdisables_rule (764)
        on left: 867 869 871 872
        on right: 864
    $@160 (765)
        on left: 865
        on right: 867
    $@161 (766)
        on left: 866
        on right: 867
    $@162 (767)
        on left: 868
        on right: 869
    $@163 (768)
        on left: 870
        on right: 871
    td_macro_option (769)
        on left: 875 877
        on right: 871
    $@164 (770)
        on left: 873
        on right: 875
    $@165 (771)
        on left: 874
        on right: 875
    $@166 (772)
        on left: 876
        on right: 877
    timingdisables_end (773)
        on left: 878
        on right: 861
    partitions_section (774)
        on left: 879
        on right: 24
    partitions_start (775)
        on left: 880
        on right: 879
    partition_rules (776)
        on left: 881 882
        on right: 879 882
    partition_rule (777)
        on left: 883
        on right: 882
    start_partition (778)
        on left: 885
        on right: 883
    $@167 (779)
        on left: 884
        on right: 885
    turnoff (780)
        on left: 886 887
        on right: 885
    turnoff_setup <string> (781)
        on left: 888 889 890
        on right: 887
    turnoff_hold <string> (782)
        on left: 891 892 893
        on right: 887
    partition_members (783)
        on left: 894 895
        on right: 883 895
    partition_member (784)
        on left: 897 899 901 903 905 907 908
        on right: 895
    $@168 (785)
        on left: 896
        on right: 897
    $@169 (786)
        on left: 898
        on right: 899
    $@170 (787)
        on left: 900
        on right: 901
    $@171 (788)
        on left: 902
        on right: 903
    $@172 (789)
        on left: 904
        on right: 905
    $@173 (790)
        on left: 906
        on right: 907
    minmaxpins (791)
        on left: 910
        on right: 897 903
    $@174 (792)
        on left: 909
        on right: 910
    min_or_max_list (793)
        on left: 911 912
        on right: 910 912
    min_or_max_member (794)
        on left: 913 914
        on right: 912
    pin_list (795)
        on left: 915 916
        on right: 910 916
    risefallminmax1_list (796)
        on left: 917 918
        on right: 901 907 918
    risefallminmax1 (797)
        on left: 919 920 921 922
        on right: 918
    risefallminmax2_list (798)
        on left: 923 924
        on right: 899 905 924
    risefallminmax2 (799)
        on left: 925 926 927 928
        on right: 923 924
    partitions_end (800)
        on left: 929
        on right: 879
    comp_names (801)
        on left: 930 931
        on right: 497 931
    comp_name (802)
        on left: 933
        on right: 931
    $@175 (803)
        on left: 932
        on right: 933
    subnet_opt_syn <integer> (804)
        on left: 934 935
        on right: 933
    subnet_options (805)
        on left: 936 937
        on right: 497 937
    subnet_option (806)
        on left: 939 941
        on right: 937
    $@176 (807)
        on left: 938
        on right: 939
    $@177 (808)
        on left: 940
        on right: 941
    subnet_type <string> (809)
        on left: 942 943 944 945
        on right: 939
    pin_props_section (810)
        on left: 946
        on right: 25
    begin_pin_props (811)
        on left: 947
        on right: 946
    opt_semi (812)
        on left: 948 949
        on right: 947
    end_pin_props (813)
        on left: 950
        on right: 946
    pin_prop_list (814)
        on left: 951 952
        on right: 946 952
    pin_prop_terminal (815)
        on left: 955
        on right: 952
    $@178 (816)
        on left: 953
        on right: 955
    $@179 (817)
        on left: 954
        on right: 955
    pin_prop_options (818)
        on left: 956 957
        on right: 955 957
    pin_prop (819)
        on left: 959
        on right: 957
    $@180 (820)
        on left: 958
        on right: 959
    pin_prop_name_value_list (821)
        on left: 960 961
        on right: 959 961
    pin_prop_name_value (822)
        on left: 962 963 964
        on right: 961
    blockage_section (823)
        on left: 965
        on right: 13
    blockage_start (824)
        on left: 966
        on right: 965
    blockage_end (825)
        on left: 967
        on right: 965
    blockage_defs (826)
        on left: 968 969
        on right: 965 969
    blockage_def (827)
        on left: 970
        on right: 969
    blockage_rule (828)
        on left: 973 975
        on right: 970
    $@181 (829)
        on left: 971
        on right: 973
    $@182 (830)
        on left: 972
        on right: 973
    $@183 (831)
        on left: 974
        on right: 975
    layer_blockage_rules (832)
        on left: 976 977
        on right: 973 977
    layer_blockage_rule (833)
        on left: 978 979 980 982 983 985 986
        on right: 977
    $@184 (834)
        on left: 981
        on right: 982
    $@185 (835)
        on left: 984
        on right: 985
    comp_blockage_rule (836)
        on left: 988 989 990 991 992 993
        on right: 986
    $@186 (837)
        on left: 987
        on right: 988
    placement_comp_rules (838)
        on left: 994 995
        on right: 975 995
    placement_comp_rule (839)
        on left: 997 999 1001 1002 1003 1004 1005 1006 1007
        on right: 995
    $@187 (840)
        on left: 996
        on right: 997
    $@188 (841)
        on left: 998
        on right: 999
    $@189 (842)
        on left: 1000
        on right: 1001
    rectPoly_blockage_rules (843)
        on left: 1008 1009
        on right: 970 1009
    rectPoly_blockage (844)
        on left: 1010 1012
        on right: 970 1009
    $@190 (845)
        on left: 1011
        on right: 1012
    slot_section (846)
        on left: 1013
        on right: 28
    slot_start (847)
        on left: 1014
        on right: 1013
    slot_end (848)
        on left: 1015
        on right: 1013
    slot_defs (849)
        on left: 1016 1017
        on right: 1013 1017
    slot_def (850)
        on left: 1018
        on right: 1017
    slot_rule (851)
        on left: 1021
        on right: 1018
    $@191 (852)
        on left: 1019
        on right: 1021
    $@192 (853)
        on left: 1020
        on right: 1021
    geom_slot_rules (854)
        on left: 1022 1023
        on right: 1018 1023
    geom_slot (855)
        on left: 1024 1026
        on right: 1021 1023
    $@193 (856)
        on left: 1025
        on right: 1026
    fill_section (857)
        on left: 1027
        on right: 17
    fill_start (858)
        on left: 1028
        on right: 1027
    fill_end (859)
        on left: 1029
        on right: 1027
    fill_defs (860)
        on left: 1030 1031
        on right: 1027 1031
    fill_def (861)
        on left: 1034 1037
        on right: 1031
    $@194 (862)
        on left: 1032
        on right: 1034
    $@195 (863)
        on left: 1033
        on right: 1034
    $@196 (864)
        on left: 1035
        on right: 1037
    $@197 (865)
        on left: 1036
        on right: 1037
    geom_fill_rules (866)
        on left: 1038 1039
        on right: 1034 1039
    geom_fill (867)
        on left: 1040 1042
        on right: 1034 1039
    $@198 (868)
        on left: 1041
        on right: 1042
    fill_layer_mask_opc_opt (869)
        on left: 1043 1044
        on right: 1034 1044
    opt_mask_opc_l (870)
        on left: 1045 1046 1047
        on right: 1044
    fill_layer_opc (871)
        on left: 1048
        on right: 1045
    firstViaPt (872)
        on left: 1049
        on right: 1037
    nextViaPt (873)
        on left: 1050
        on right: 1052
    otherViaPts (874)
        on left: 1051 1052
        on right: 1037 1052
    fill_via_orient <integer> (875)
        on left: 1053 1054
        on right: 1049 1050
    fill_via_mask_opc_opt (876)
        on left: 1055 1056
        on right: 1037 1056
    opt_mask_opc (877)
        on left: 1057 1058 1059
        on right: 1056
    fill_via_prop (878)
        on left: 1061
        on right: 1059
    $@199 (879)
        on left: 1060
        on right: 1061
    fill_layer_prop (880)
        on left: 1063
        on right: 1047
    $@200 (881)
        on left: 1062
        on right: 1063
    fill_via_opc (882)
        on left: 1064
        on right: 1057
    fill_mask (883)
        on left: 1065
        on right: 1046
    fill_viaMask (884)
        on left: 1066
        on right: 1058
    nondefaultrule_section (885)
        on left: 1067
        on right: 23
    nondefault_start (886)
        on left: 1068
        on right: 1067
    nondefault_end (887)
        on left: 1069
        on right: 1067
    nondefault_defs (888)
        on left: 1070 1071
        on right: 1067 1071
    nondefault_def (889)
        on left: 1074
        on right: 1067 1071
    $@201 (890)
        on left: 1072
        on right: 1074
    $@202 (891)
        on left: 1073
        on right: 1074
    nondefault_options (892)
        on left: 1075 1076
        on right: 1074 1076
    nondefault_option (893)
        on left: 1077 1080 1082 1084 1086 1087
        on right: 1076
    $@203 (894)
        on left: 1078
        on right: 1080
    $@204 (895)
        on left: 1079
        on right: 1080
    $@205 (896)
        on left: 1081
        on right: 1082
    $@206 (897)
        on left: 1083
        on right: 1084
    $@207 (898)
        on left: 1085
        on right: 1086
    nondefault_layer_options (899)
        on left: 1088 1089
        on right: 1080 1089
    nondefault_layer_option (900)
        on left: 1090 1091 1092
        on right: 1089
    nondefault_prop_opt (901)
        on left: 1094
        on right: 1087
    $@208 (902)
        on left: 1093
        on right: 1094
    nondefault_prop_list (903)
        on left: 1095 1096
        on right: 1094 1096
    nondefault_prop (904)
        on left: 1097 1098 1099
        on right: 1096
    styles_section (905)
        on left: 1100
        on right: 30
    styles_start (906)
        on left: 1101
        on right: 1100
    styles_end (907)
        on left: 1102
        on right: 1100
    styles_rules (908)
        on left: 1103 1104
        on right: 1100 1104
    styles_rule (909)
        on left: 1106
        on right: 1104
    $@209 (910)
        on left: 1105
        on right: 1106


State 0

    0 $accept: . def_file $end

    K_VERSION  shift, and go to state 1

    $default  reduce using rule 2 (version_stmt)

    def_file      go to state 2
    version_stmt  go to state 3


State 1

    4 version_stmt: K_VERSION . $@1 T_STRING ';'

    $default  reduce using rule 3 ($@1)

    $@1  go to state 4


State 2

    0 $accept: def_file . $end

    $end  shift, and go to state 5


State 3

    1 def_file: version_stmt . case_sens_stmt rules end_design

    K_NAMESCASESENSITIVE  shift, and go to state 6

    $default  reduce using rule 5 (case_sens_stmt)

    case_sens_stmt  go to state 7


State 4

    4 version_stmt: K_VERSION $@1 . T_STRING ';'

    T_STRING  shift, and go to state 8


State 5

    0 $accept: def_file $end .

    $default  accept


State 6

    6 case_sens_stmt: K_NAMESCASESENSITIVE . K_ON ';'
    7               | K_NAMESCASESENSITIVE . K_OFF ';'

    K_ON   shift, and go to state 9
    K_OFF  shift, and go to state 10


State 7

    1 def_file: version_stmt case_sens_stmt . rules end_design

    error  shift, and go to state 11

    K_HISTORY              reduce using rule 8 (rules)
    K_DESIGN               reduce using rule 8 (rules)
    K_VIAS                 reduce using rule 8 (rules)
    K_TECH                 reduce using rule 8 (rules)
    K_UNITS                reduce using rule 8 (rules)
    K_ARRAY                reduce using rule 8 (rules)
    K_FLOORPLAN            reduce using rule 8 (rules)
    K_CANPLACE             reduce using rule 8 (rules)
    K_CANNOTOCCUPY         reduce using rule 8 (rules)
    K_DIEAREA              reduce using rule 8 (rules)
    K_PINS                 reduce using rule 8 (rules)
    K_DEFAULTCAP           reduce using rule 8 (rules)
    K_TRACKS               reduce using rule 8 (rules)
    K_GCELLGRID            reduce using rule 8 (rules)
    K_ROW                  reduce using rule 8 (rules)
    K_COMPS                reduce using rule 8 (rules)
    K_REGIONS              reduce using rule 8 (rules)
    K_NETS                 reduce using rule 8 (rules)
    K_SNETS                reduce using rule 8 (rules)
    K_NONDEFAULTRULES      reduce using rule 8 (rules)
    K_GROUPS               reduce using rule 8 (rules)
    K_CONSTRAINTS          reduce using rule 8 (rules)
    K_SCANCHAINS           reduce using rule 8 (rules)
    K_ASSERTIONS           reduce using rule 8 (rules)
    K_END                  reduce using rule 8 (rules)
    K_IOTIMINGS            reduce using rule 8 (rules)
    K_TIMINGDISABLES       reduce using rule 8 (rules)
    K_PARTITIONS           reduce using rule 8 (rules)
    K_FPC                  reduce using rule 8 (rules)
    K_DIVIDERCHAR          reduce using rule 8 (rules)
    K_BUSBITCHARS          reduce using rule 8 (rules)
    K_PROPERTYDEFINITIONS  reduce using rule 8 (rules)
    K_BEGINEXT             reduce using rule 8 (rules)
    K_COMPSMASKSHIFT       reduce using rule 8 (rules)
    K_PINPROPERTIES        reduce using rule 8 (rules)
    K_BLOCKAGES            reduce using rule 8 (rules)
    K_SLOTS                reduce using rule 8 (rules)
    K_FILLS                reduce using rule 8 (rules)
    K_STYLES               reduce using rule 8 (rules)

    rules  go to state 12


State 8

    4 version_stmt: K_VERSION $@1 T_STRING . ';'

    ';'  shift, and go to state 13


State 9

    6 case_sens_stmt: K_NAMESCASESENSITIVE K_ON . ';'

    ';'  shift, and go to state 14


State 10

    7 case_sens_stmt: K_NAMESCASESENSITIVE K_OFF . ';'

    ';'  shift, and go to state 15


State 11

   10 rules: error .

    $default  reduce using rule 10 (rules)


State 12

    1 def_file: version_stmt case_sens_stmt rules . end_design
    9 rules: rules . rule

    K_HISTORY              shift, and go to state 16
    K_DESIGN               shift, and go to state 17
    K_VIAS                 shift, and go to state 18
    K_TECH                 shift, and go to state 19
    K_UNITS                shift, and go to state 20
    K_ARRAY                shift, and go to state 21
    K_FLOORPLAN            shift, and go to state 22
    K_CANPLACE             shift, and go to state 23
    K_CANNOTOCCUPY         shift, and go to state 24
    K_DIEAREA              shift, and go to state 25
    K_PINS                 shift, and go to state 26
    K_DEFAULTCAP           shift, and go to state 27
    K_TRACKS               shift, and go to state 28
    K_GCELLGRID            shift, and go to state 29
    K_ROW                  shift, and go to state 30
    K_COMPS                shift, and go to state 31
    K_REGIONS              shift, and go to state 32
    K_NETS                 shift, and go to state 33
    K_SNETS                shift, and go to state 34
    K_NONDEFAULTRULES      shift, and go to state 35
    K_GROUPS               shift, and go to state 36
    K_CONSTRAINTS          shift, and go to state 37
    K_SCANCHAINS           shift, and go to state 38
    K_ASSERTIONS           shift, and go to state 39
    K_END                  shift, and go to state 40
    K_IOTIMINGS            shift, and go to state 41
    K_TIMINGDISABLES       shift, and go to state 42
    K_PARTITIONS           shift, and go to state 43
    K_FPC                  shift, and go to state 44
    K_DIVIDERCHAR          shift, and go to state 45
    K_BUSBITCHARS          shift, and go to state 46
    K_PROPERTYDEFINITIONS  shift, and go to state 47
    K_BEGINEXT             shift, and go to state 48
    K_COMPSMASKSHIFT       shift, and go to state 49
    K_PINPROPERTIES        shift, and go to state 50
    K_BLOCKAGES            shift, and go to state 51
    K_SLOTS                shift, and go to state 52
    K_FILLS                shift, and go to state 53
    K_STYLES               shift, and go to state 54

    rule                          go to state 55
    design_section                go to state 56
    design_name                   go to state 57
    end_design                    go to state 58
    tech_name                     go to state 59
    array_name                    go to state 60
    floorplan_name                go to state 61
    history                       go to state 62
    prop_def_section              go to state 63
    units                         go to state 64
    divider_char                  go to state 65
    bus_bit_chars                 go to state 66
    canplace                      go to state 67
    cannotoccupy                  go to state 68
    die_area                      go to state 69
    pin_cap_rule                  go to state 70
    start_def_cap                 go to state 71
    pin_rule                      go to state 72
    start_pins                    go to state 73
    row_rule                      go to state 74
    tracks_rule                   go to state 75
    track_start                   go to state 76
    gcellgrid                     go to state 77
    extension_section             go to state 78
    via_section                   go to state 79
    via                           go to state 80
    regions_section               go to state 81
    regions_start                 go to state 82
    comps_maskShift_section       go to state 83
    comps_section                 go to state 84
    start_comps                   go to state 85
    nets_section                  go to state 86
    start_nets                    go to state 87
    snets_section                 go to state 88
    start_snets                   go to state 89
    groups_section                go to state 90
    groups_start                  go to state 91
    assertions_section            go to state 92
    constraint_section            go to state 93
    assertions_start              go to state 94
    constraints_start             go to state 95
    scanchains_section            go to state 96
    scanchain_start               go to state 97
    iotiming_section              go to state 98
    iotiming_start                go to state 99
    floorplan_contraints_section  go to state 100
    fp_start                      go to state 101
    timingdisables_section        go to state 102
    timingdisables_start          go to state 103
    partitions_section            go to state 104
    partitions_start              go to state 105
    pin_props_section             go to state 106
    begin_pin_props               go to state 107
    blockage_section              go to state 108
    blockage_start                go to state 109
    slot_section                  go to state 110
    slot_start                    go to state 111
    fill_section                  go to state 112
    fill_start                    go to state 113
    nondefaultrule_section        go to state 114
    nondefault_start              go to state 115
    styles_section                go to state 116
    styles_start                  go to state 117


State 13

    4 version_stmt: K_VERSION $@1 T_STRING ';' .

    $default  reduce using rule 4 (version_stmt)


State 14

    6 case_sens_stmt: K_NAMESCASESENSITIVE K_ON ';' .

    $default  reduce using rule 6 (case_sens_stmt)


State 15

    7 case_sens_stmt: K_NAMESCASESENSITIVE K_OFF ';' .

    $default  reduce using rule 7 (case_sens_stmt)


State 16

   59 history: K_HISTORY .

    $default  reduce using rule 59 (history)


State 17

   51 design_name: K_DESIGN . $@2 T_STRING ';'

    $default  reduce using rule 50 ($@2)

    $@2  go to state 118


State 18

  310 via: K_VIAS . NUMBER ';'

    NUMBER  shift, and go to state 119


State 19

   54 tech_name: K_TECH . $@3 T_STRING ';'

    $default  reduce using rule 53 ($@3)

    $@3  go to state 120


State 20

  108 units: K_UNITS . K_DISTANCE K_MICRONS NUMBER ';'

    K_DISTANCE  shift, and go to state 121


State 21

   56 array_name: K_ARRAY . $@4 T_STRING ';'

    $default  reduce using rule 55 ($@4)

    $@4  go to state 122


State 22

   58 floorplan_name: K_FLOORPLAN . $@5 T_STRING ';'

    $default  reduce using rule 57 ($@5)

    $@5  go to state 123


State 23

  112 canplace: K_CANPLACE . $@26 T_STRING NUMBER NUMBER orient K_DO NUMBER K_BY NUMBER K_STEP NUMBER NUMBER ';'

    $default  reduce using rule 111 ($@26)

    $@26  go to state 124


State 24

  114 cannotoccupy: K_CANNOTOCCUPY . $@27 T_STRING NUMBER NUMBER orient K_DO NUMBER K_BY NUMBER K_STEP NUMBER NUMBER ';'

    $default  reduce using rule 113 ($@27)

    $@27  go to state 125


State 25

  124 die_area: K_DIEAREA . $@28 firstPt nextPt otherPts ';'

    $default  reduce using rule 123 ($@28)

    $@28  go to state 126


State 26

  132 start_pins: K_PINS . NUMBER ';'

    NUMBER  shift, and go to state 127


State 27

  126 start_def_cap: K_DEFAULTCAP . NUMBER

    NUMBER  shift, and go to state 128


State 28

  281 track_start: K_TRACKS . track_type

    K_X  shift, and go to state 129
    K_Y  shift, and go to state 130

    track_type  go to state 131


State 29

  306 gcellgrid: K_GCELLGRID . track_type NUMBER K_DO NUMBER K_STEP NUMBER ';'

    K_X  shift, and go to state 129
    K_Y  shift, and go to state 130

    track_type  go to state 132


State 30

  265 row_rule: K_ROW . $@48 T_STRING T_STRING NUMBER NUMBER orient $@49 row_do_option row_options ';'

    $default  reduce using rule 263 ($@48)

    $@48  go to state 133


State 31

  372 start_comps: K_COMPS . NUMBER ';'

    NUMBER  shift, and go to state 134


State 32

  349 regions_start: K_REGIONS . NUMBER ';'

    NUMBER  shift, and go to state 135


State 33

  450 start_nets: K_NETS . NUMBER ';'

    NUMBER  shift, and go to state 136


State 34

  675 start_snets: K_SNETS . NUMBER ';'

    NUMBER  shift, and go to state 137


State 35

  1068 nondefault_start: K_NONDEFAULTRULES . NUMBER ';'

    NUMBER  shift, and go to state 138


State 36

  678 groups_start: K_GROUPS . NUMBER ';'

    NUMBER  shift, and go to state 139


State 37

  727 constraints_start: K_CONSTRAINTS . NUMBER ';'

    NUMBER  shift, and go to state 140


State 38

  755 scanchain_start: K_SCANCHAINS . NUMBER ';'

    NUMBER  shift, and go to state 141


State 39

  726 assertions_start: K_ASSERTIONS . NUMBER ';'

    NUMBER  shift, and go to state 142


State 40

   52 end_design: K_END . K_DESIGN

    K_DESIGN  shift, and go to state 143


State 41

  810 iotiming_start: K_IOTIMINGS . NUMBER ';'

    NUMBER  shift, and go to state 144


State 42

  862 timingdisables_start: K_TIMINGDISABLES . NUMBER ';'

    NUMBER  shift, and go to state 145


State 43

  880 partitions_start: K_PARTITIONS . NUMBER ';'

    NUMBER  shift, and go to state 146


State 44

  837 fp_start: K_FPC . NUMBER ';'

    NUMBER  shift, and go to state 147


State 45

  109 divider_char: K_DIVIDERCHAR . QSTRING ';'

    QSTRING  shift, and go to state 148


State 46

  110 bus_bit_chars: K_BUSBITCHARS . QSTRING ';'

    QSTRING  shift, and go to state 149


State 47

   61 prop_def_section: K_PROPERTYDEFINITIONS . $@6 property_defs K_END K_PROPERTYDEFINITIONS

    $default  reduce using rule 60 ($@6)

    $@6  go to state 150


State 48

  307 extension_section: K_BEGINEXT .

    $default  reduce using rule 307 (extension_section)


State 49

  370 comps_maskShift_section: K_COMPSMASKSHIFT . $@68 layer_statement ';'

    $default  reduce using rule 369 ($@68)

    $@68  go to state 151


State 50

  947 begin_pin_props: K_PINPROPERTIES . NUMBER opt_semi

    NUMBER  shift, and go to state 152


State 51

  966 blockage_start: K_BLOCKAGES . NUMBER ';'

    NUMBER  shift, and go to state 153


State 52

  1014 slot_start: K_SLOTS . NUMBER ';'

    NUMBER  shift, and go to state 154


State 53

  1028 fill_start: K_FILLS . NUMBER ';'

    NUMBER  shift, and go to state 155


State 54

  1101 styles_start: K_STYLES . NUMBER ';'

    NUMBER  shift, and go to state 156


State 55

    9 rules: rules rule .

    $default  reduce using rule 9 (rules)


State 56

   11 rule: design_section .

    $default  reduce using rule 11 (rule)


State 57

   37 design_section: design_name .

    $default  reduce using rule 37 (design_section)


State 58

    1 def_file: version_stmt case_sens_stmt rules end_design .

    $default  reduce using rule 1 (def_file)


State 59

   47 design_section: tech_name .

    $default  reduce using rule 47 (design_section)


State 60

   33 design_section: array_name .

    $default  reduce using rule 33 (design_section)


State 61

   40 design_section: floorplan_name .

    $default  reduce using rule 40 (design_section)


State 62

   42 design_section: history .

    $default  reduce using rule 42 (design_section)


State 63

   45 design_section: prop_def_section .

    $default  reduce using rule 45 (design_section)


State 64

   49 design_section: units .

    $default  reduce using rule 49 (design_section)


State 65

   39 design_section: divider_char .

    $default  reduce using rule 39 (design_section)


State 66

   34 design_section: bus_bit_chars .

    $default  reduce using rule 34 (design_section)


State 67

   35 design_section: canplace .

    $default  reduce using rule 35 (design_section)


State 68

   36 design_section: cannotoccupy .

    $default  reduce using rule 36 (design_section)


State 69

   38 design_section: die_area .

    $default  reduce using rule 38 (design_section)


State 70

   43 design_section: pin_cap_rule .

    $default  reduce using rule 43 (design_section)


State 71

  125 pin_cap_rule: start_def_cap . pin_caps end_def_cap

    $default  reduce using rule 127 (pin_caps)

    pin_caps  go to state 157


State 72

   44 design_section: pin_rule .

    $default  reduce using rule 44 (design_section)


State 73

  131 pin_rule: start_pins . pins end_pins

    $default  reduce using rule 133 (pins)

    pins  go to state 158


State 74

   46 design_section: row_rule .

    $default  reduce using rule 46 (design_section)


State 75

   48 design_section: tracks_rule .

    $default  reduce using rule 48 (design_section)


State 76

  280 tracks_rule: track_start . NUMBER $@51 K_DO NUMBER K_STEP NUMBER track_opts ';'

    NUMBER  shift, and go to state 159


State 77

   41 design_section: gcellgrid .

    $default  reduce using rule 41 (design_section)


State 78

   16 rule: extension_section .

    $default  reduce using rule 16 (rule)


State 79

   32 rule: via_section .

    $default  reduce using rule 32 (rule)


State 80

  309 via_section: via . via_declarations via_end

    $default  reduce using rule 311 (via_declarations)

    via_declarations  go to state 160


State 81

   26 rule: regions_section .

    $default  reduce using rule 26 (rule)


State 82

  348 regions_section: regions_start . regions_stmts K_END K_REGIONS

    $default  reduce using rule 350 (regions_stmts)

    regions_stmts  go to state 161


State 83

   18 rule: comps_maskShift_section .

    $default  reduce using rule 18 (rule)


State 84

   14 rule: comps_section .

    $default  reduce using rule 14 (rule)


State 85

  371 comps_section: start_comps . comps_rule end_comps

    $default  reduce using rule 376 (comps_rule)

    comps_rule  go to state 162


State 86

   22 rule: nets_section .

    $default  reduce using rule 22 (rule)


State 87

  449 nets_section: start_nets . net_rules end_nets

    $default  reduce using rule 451 (net_rules)

    net_rules  go to state 163


State 88

   29 rule: snets_section .

    $default  reduce using rule 29 (rule)


State 89

  602 snets_section: start_snets . snet_rules end_snets

    $default  reduce using rule 603 (snet_rules)

    snet_rules  go to state 164


State 90

   20 rule: groups_section .

    $default  reduce using rule 20 (rule)


State 91

  677 groups_section: groups_start . group_rules groups_end

    $default  reduce using rule 679 (group_rules)

    group_rules  go to state 165


State 92

   12 rule: assertions_section .

    $default  reduce using rule 12 (rule)


State 93

   15 rule: constraint_section .

    $default  reduce using rule 15 (rule)


State 94

  724 assertions_section: assertions_start . constraint_rules assertions_end

    $default  reduce using rule 728 (constraint_rules)

    constraint_rules  go to state 166


State 95

  725 constraint_section: constraints_start . constraint_rules constraints_end

    $default  reduce using rule 728 (constraint_rules)

    constraint_rules  go to state 167


State 96

   27 rule: scanchains_section .

    $default  reduce using rule 27 (rule)


State 97

  754 scanchains_section: scanchain_start . scanchain_rules scanchain_end

    $default  reduce using rule 756 (scanchain_rules)

    scanchain_rules  go to state 168


State 98

   21 rule: iotiming_section .

    $default  reduce using rule 21 (rule)


State 99

  809 iotiming_section: iotiming_start . iotiming_rules iotiming_end

    $default  reduce using rule 811 (iotiming_rules)

    iotiming_rules  go to state 169


State 100

   19 rule: floorplan_contraints_section .

    $default  reduce using rule 19 (rule)


State 101

  836 floorplan_contraints_section: fp_start . fp_stmts K_END K_FPC

    $default  reduce using rule 838 (fp_stmts)

    fp_stmts  go to state 170


State 102

   31 rule: timingdisables_section .

    $default  reduce using rule 31 (rule)


State 103

  861 timingdisables_section: timingdisables_start . timingdisables_rules timingdisables_end

    $default  reduce using rule 863 (timingdisables_rules)

    timingdisables_rules  go to state 171


State 104

   24 rule: partitions_section .

    $default  reduce using rule 24 (rule)


State 105

  879 partitions_section: partitions_start . partition_rules partitions_end

    $default  reduce using rule 881 (partition_rules)

    partition_rules  go to state 172


State 106

   25 rule: pin_props_section .

    $default  reduce using rule 25 (rule)


State 107

  946 pin_props_section: begin_pin_props . pin_prop_list end_pin_props

    $default  reduce using rule 951 (pin_prop_list)

    pin_prop_list  go to state 173


State 108

   13 rule: blockage_section .

    $default  reduce using rule 13 (rule)


State 109

  965 blockage_section: blockage_start . blockage_defs blockage_end

    $default  reduce using rule 968 (blockage_defs)

    blockage_defs  go to state 174


State 110

   28 rule: slot_section .

    $default  reduce using rule 28 (rule)


State 111

  1013 slot_section: slot_start . slot_defs slot_end

    $default  reduce using rule 1016 (slot_defs)

    slot_defs  go to state 175


State 112

   17 rule: fill_section .

    $default  reduce using rule 17 (rule)


State 113

  1027 fill_section: fill_start . fill_defs fill_end

    $default  reduce using rule 1030 (fill_defs)

    fill_defs  go to state 176


State 114

   23 rule: nondefaultrule_section .

    $default  reduce using rule 23 (rule)


State 115

  1067 nondefaultrule_section: nondefault_start . nondefault_def nondefault_defs nondefault_end

    '-'  shift, and go to state 177

    nondefault_def  go to state 178


State 116

   30 rule: styles_section .

    $default  reduce using rule 30 (rule)


State 117

  1100 styles_section: styles_start . styles_rules styles_end

    $default  reduce using rule 1103 (styles_rules)

    styles_rules  go to state 179


State 118

   51 design_name: K_DESIGN $@2 . T_STRING ';'

    T_STRING  shift, and go to state 180


State 119

  310 via: K_VIAS NUMBER . ';'

    ';'  shift, and go to state 181


State 120

   54 tech_name: K_TECH $@3 . T_STRING ';'

    T_STRING  shift, and go to state 182


State 121

  108 units: K_UNITS K_DISTANCE . K_MICRONS NUMBER ';'

    K_MICRONS  shift, and go to state 183


State 122

   56 array_name: K_ARRAY $@4 . T_STRING ';'

    T_STRING  shift, and go to state 184


State 123

   58 floorplan_name: K_FLOORPLAN $@5 . T_STRING ';'

    T_STRING  shift, and go to state 185


State 124

  112 canplace: K_CANPLACE $@26 . T_STRING NUMBER NUMBER orient K_DO NUMBER K_BY NUMBER K_STEP NUMBER NUMBER ';'

    T_STRING  shift, and go to state 186


State 125

  114 cannotoccupy: K_CANNOTOCCUPY $@27 . T_STRING NUMBER NUMBER orient K_DO NUMBER K_BY NUMBER K_STEP NUMBER NUMBER ';'

    T_STRING  shift, and go to state 187


State 126

  124 die_area: K_DIEAREA $@28 . firstPt nextPt otherPts ';'

    '('  shift, and go to state 188

    firstPt  go to state 189
    pt       go to state 190


State 127

  132 start_pins: K_PINS NUMBER . ';'

    ';'  shift, and go to state 191


State 128

  126 start_def_cap: K_DEFAULTCAP NUMBER .

    $default  reduce using rule 126 (start_def_cap)


State 129

  282 track_type: K_X .

    $default  reduce using rule 282 (track_type)


State 130

  283 track_type: K_Y .

    $default  reduce using rule 283 (track_type)


State 131

  281 track_start: K_TRACKS track_type .

    $default  reduce using rule 281 (track_start)


State 132

  306 gcellgrid: K_GCELLGRID track_type . NUMBER K_DO NUMBER K_STEP NUMBER ';'

    NUMBER  shift, and go to state 192


State 133

  265 row_rule: K_ROW $@48 . T_STRING T_STRING NUMBER NUMBER orient $@49 row_do_option row_options ';'

    T_STRING  shift, and go to state 193


State 134

  372 start_comps: K_COMPS NUMBER . ';'

    ';'  shift, and go to state 194


State 135

  349 regions_start: K_REGIONS NUMBER . ';'

    ';'  shift, and go to state 195


State 136

  450 start_nets: K_NETS NUMBER . ';'

    ';'  shift, and go to state 196


State 137

  675 start_snets: K_SNETS NUMBER . ';'

    ';'  shift, and go to state 197


State 138

  1068 nondefault_start: K_NONDEFAULTRULES NUMBER . ';'

    ';'  shift, and go to state 198


State 139

  678 groups_start: K_GROUPS NUMBER . ';'

    ';'  shift, and go to state 199


State 140

  727 constraints_start: K_CONSTRAINTS NUMBER . ';'

    ';'  shift, and go to state 200


State 141

  755 scanchain_start: K_SCANCHAINS NUMBER . ';'

    ';'  shift, and go to state 201


State 142

  726 assertions_start: K_ASSERTIONS NUMBER . ';'

    ';'  shift, and go to state 202


State 143

   52 end_design: K_END K_DESIGN .

    $default  reduce using rule 52 (end_design)


State 144

  810 iotiming_start: K_IOTIMINGS NUMBER . ';'

    ';'  shift, and go to state 203


State 145

  862 timingdisables_start: K_TIMINGDISABLES NUMBER . ';'

    ';'  shift, and go to state 204


State 146

  880 partitions_start: K_PARTITIONS NUMBER . ';'

    ';'  shift, and go to state 205


State 147

  837 fp_start: K_FPC NUMBER . ';'

    ';'  shift, and go to state 206


State 148

  109 divider_char: K_DIVIDERCHAR QSTRING . ';'

    ';'  shift, and go to state 207


State 149

  110 bus_bit_chars: K_BUSBITCHARS QSTRING . ';'

    ';'  shift, and go to state 208


State 150

   61 prop_def_section: K_PROPERTYDEFINITIONS $@6 . property_defs K_END K_PROPERTYDEFINITIONS

    $default  reduce using rule 62 (property_defs)

    property_defs  go to state 209


State 151

  370 comps_maskShift_section: K_COMPSMASKSHIFT $@68 . layer_statement ';'

    $default  reduce using rule 373 (layer_statement)

    layer_statement  go to state 210


State 152

  947 begin_pin_props: K_PINPROPERTIES NUMBER . opt_semi

    ';'  shift, and go to state 211

    $default  reduce using rule 948 (opt_semi)

    opt_semi  go to state 212


State 153

  966 blockage_start: K_BLOCKAGES NUMBER . ';'

    ';'  shift, and go to state 213


State 154

  1014 slot_start: K_SLOTS NUMBER . ';'

    ';'  shift, and go to state 214


State 155

  1028 fill_start: K_FILLS NUMBER . ';'

    ';'  shift, and go to state 215


State 156

  1101 styles_start: K_STYLES NUMBER . ';'

    ';'  shift, and go to state 216


State 157

  125 pin_cap_rule: start_def_cap pin_caps . end_def_cap
  128 pin_caps: pin_caps . pin_cap

    K_MINPINS  shift, and go to state 217
    K_END      shift, and go to state 218

    pin_cap      go to state 219
    end_def_cap  go to state 220


State 158

  131 pin_rule: start_pins pins . end_pins
  134 pins: pins . pin

    K_END  shift, and go to state 221
    '-'    shift, and go to state 222

    pin       go to state 223
    end_pins  go to state 224


State 159

  280 tracks_rule: track_start NUMBER . $@51 K_DO NUMBER K_STEP NUMBER track_opts ';'

    $default  reduce using rule 279 ($@51)

    $@51  go to state 225


State 160

  309 via_section: via via_declarations . via_end
  312 via_declarations: via_declarations . via_declaration

    K_END  shift, and go to state 226
    '-'    shift, and go to state 227

    via_declaration  go to state 228
    via_end          go to state 229


State 161

  348 regions_section: regions_start regions_stmts . K_END K_REGIONS
  351 regions_stmts: regions_stmts . regions_stmt

    K_END  shift, and go to state 230
    '-'    shift, and go to state 231

    regions_stmt  go to state 232


State 162

  371 comps_section: start_comps comps_rule . end_comps
  377 comps_rule: comps_rule . comp

    K_END  shift, and go to state 233
    '-'    shift, and go to state 234

    comp              go to state 235
    comp_start        go to state 236
    comp_id_and_name  go to state 237
    end_comps         go to state 238


State 163

  449 nets_section: start_nets net_rules . end_nets
  452 net_rules: net_rules . one_net

    K_END  shift, and go to state 239
    '-'    shift, and go to state 240

    one_net              go to state 241
    net_and_connections  go to state 242
    net_start            go to state 243
    end_nets             go to state 244


State 164

  602 snets_section: start_snets snet_rules . end_snets
  604 snet_rules: snet_rules . snet_rule

    K_END  shift, and go to state 245
    '-'    shift, and go to state 240

    net_and_connections  go to state 246
    net_start            go to state 243
    snet_rule            go to state 247
    end_snets            go to state 248


State 165

  677 groups_section: groups_start group_rules . groups_end
  680 group_rules: group_rules . group_rule

    K_END  shift, and go to state 249
    '-'    shift, and go to state 250

    group_rule   go to state 251
    start_group  go to state 252
    groups_end   go to state 253


State 166

  724 assertions_section: assertions_start constraint_rules . assertions_end
  729 constraint_rules: constraint_rules . constraint_rule

    K_END  shift, and go to state 254
    '-'    shift, and go to state 255

    constraint_rule  go to state 256
    operand_rule     go to state 257
    wiredlogic_rule  go to state 258
    assertions_end   go to state 259


State 167

  725 constraint_section: constraints_start constraint_rules . constraints_end
  729 constraint_rules: constraint_rules . constraint_rule

    K_END  shift, and go to state 260
    '-'    shift, and go to state 255

    constraint_rule  go to state 256
    operand_rule     go to state 257
    wiredlogic_rule  go to state 258
    constraints_end  go to state 261


State 168

  754 scanchains_section: scanchain_start scanchain_rules . scanchain_end
  757 scanchain_rules: scanchain_rules . scan_rule

    K_END  shift, and go to state 262
    '-'    shift, and go to state 263

    scan_rule      go to state 264
    start_scan     go to state 265
    scanchain_end  go to state 266


State 169

  809 iotiming_section: iotiming_start iotiming_rules . iotiming_end
  812 iotiming_rules: iotiming_rules . iotiming_rule

    K_END  shift, and go to state 267
    '-'    shift, and go to state 268

    iotiming_rule   go to state 269
    start_iotiming  go to state 270
    iotiming_end    go to state 271


State 170

  836 floorplan_contraints_section: fp_start fp_stmts . K_END K_FPC
  839 fp_stmts: fp_stmts . fp_stmt

    K_END  shift, and go to state 272
    '-'    shift, and go to state 273

    fp_stmt  go to state 274


State 171

  861 timingdisables_section: timingdisables_start timingdisables_rules . timingdisables_end
  864 timingdisables_rules: timingdisables_rules . timingdisables_rule

    K_END  shift, and go to state 275
    '-'    shift, and go to state 276

    timingdisables_rule  go to state 277
    timingdisables_end   go to state 278


State 172

  879 partitions_section: partitions_start partition_rules . partitions_end
  882 partition_rules: partition_rules . partition_rule

    K_END  shift, and go to state 279
    '-'    shift, and go to state 280

    partition_rule   go to state 281
    start_partition  go to state 282
    partitions_end   go to state 283


State 173

  946 pin_props_section: begin_pin_props pin_prop_list . end_pin_props
  952 pin_prop_list: pin_prop_list . pin_prop_terminal

    K_END  shift, and go to state 284
    '-'    shift, and go to state 285

    end_pin_props      go to state 286
    pin_prop_terminal  go to state 287


State 174

  965 blockage_section: blockage_start blockage_defs . blockage_end
  969 blockage_defs: blockage_defs . blockage_def

    K_END  shift, and go to state 288
    '-'    shift, and go to state 289

    blockage_end   go to state 290
    blockage_def   go to state 291
    blockage_rule  go to state 292


State 175

  1013 slot_section: slot_start slot_defs . slot_end
  1017 slot_defs: slot_defs . slot_def

    K_END  shift, and go to state 293
    '-'    shift, and go to state 294

    slot_end   go to state 295
    slot_def   go to state 296
    slot_rule  go to state 297


State 176

  1027 fill_section: fill_start fill_defs . fill_end
  1031 fill_defs: fill_defs . fill_def

    K_END  shift, and go to state 298
    '-'    shift, and go to state 299

    fill_end  go to state 300
    fill_def  go to state 301


State 177

  1074 nondefault_def: '-' . $@201 T_STRING $@202 nondefault_options ';'

    $default  reduce using rule 1072 ($@201)

    $@201  go to state 302


State 178

  1067 nondefaultrule_section: nondefault_start nondefault_def . nondefault_defs nondefault_end

    $default  reduce using rule 1070 (nondefault_defs)

    nondefault_defs  go to state 303


State 179

  1100 styles_section: styles_start styles_rules . styles_end
  1104 styles_rules: styles_rules . styles_rule

    K_END  shift, and go to state 304
    '-'    shift, and go to state 305

    styles_end   go to state 306
    styles_rule  go to state 307


State 180

   51 design_name: K_DESIGN $@2 T_STRING . ';'

    ';'  shift, and go to state 308


State 181

  310 via: K_VIAS NUMBER ';' .

    $default  reduce using rule 310 (via)


State 182

   54 tech_name: K_TECH $@3 T_STRING . ';'

    ';'  shift, and go to state 309


State 183

  108 units: K_UNITS K_DISTANCE K_MICRONS . NUMBER ';'

    NUMBER  shift, and go to state 310


State 184

   56 array_name: K_ARRAY $@4 T_STRING . ';'

    ';'  shift, and go to state 311


State 185

   58 floorplan_name: K_FLOORPLAN $@5 T_STRING . ';'

    ';'  shift, and go to state 312


State 186

  112 canplace: K_CANPLACE $@26 T_STRING . NUMBER NUMBER orient K_DO NUMBER K_BY NUMBER K_STEP NUMBER NUMBER ';'

    NUMBER  shift, and go to state 313


State 187

  114 cannotoccupy: K_CANNOTOCCUPY $@27 T_STRING . NUMBER NUMBER orient K_DO NUMBER K_BY NUMBER K_STEP NUMBER NUMBER ';'

    NUMBER  shift, and go to state 314


State 188

  341 pt: '(' . NUMBER NUMBER ')'
  342   | '(' . '*' NUMBER ')'
  343   | '(' . NUMBER '*' ')'
  344   | '(' . '*' '*' ')'

    NUMBER  shift, and go to state 315
    '*'     shift, and go to state 316


State 189

  124 die_area: K_DIEAREA $@28 firstPt . nextPt otherPts ';'

    '('  shift, and go to state 188

    nextPt  go to state 317
    pt      go to state 318


State 190

  337 firstPt: pt .

    $default  reduce using rule 337 (firstPt)


State 191

  132 start_pins: K_PINS NUMBER ';' .

    $default  reduce using rule 132 (start_pins)


State 192

  306 gcellgrid: K_GCELLGRID track_type NUMBER . K_DO NUMBER K_STEP NUMBER ';'

    K_DO  shift, and go to state 319


State 193

  265 row_rule: K_ROW $@48 T_STRING . T_STRING NUMBER NUMBER orient $@49 row_do_option row_options ';'

    T_STRING  shift, and go to state 320


State 194

  372 start_comps: K_COMPS NUMBER ';' .

    $default  reduce using rule 372 (start_comps)


State 195

  349 regions_start: K_REGIONS NUMBER ';' .

    $default  reduce using rule 349 (regions_start)


State 196

  450 start_nets: K_NETS NUMBER ';' .

    $default  reduce using rule 450 (start_nets)


State 197

  675 start_snets: K_SNETS NUMBER ';' .

    $default  reduce using rule 675 (start_snets)


State 198

  1068 nondefault_start: K_NONDEFAULTRULES NUMBER ';' .

    $default  reduce using rule 1068 (nondefault_start)


State 199

  678 groups_start: K_GROUPS NUMBER ';' .

    $default  reduce using rule 678 (groups_start)


State 200

  727 constraints_start: K_CONSTRAINTS NUMBER ';' .

    $default  reduce using rule 727 (constraints_start)


State 201

  755 scanchain_start: K_SCANCHAINS NUMBER ';' .

    $default  reduce using rule 755 (scanchain_start)


State 202

  726 assertions_start: K_ASSERTIONS NUMBER ';' .

    $default  reduce using rule 726 (assertions_start)


State 203

  810 iotiming_start: K_IOTIMINGS NUMBER ';' .

    $default  reduce using rule 810 (iotiming_start)


State 204

  862 timingdisables_start: K_TIMINGDISABLES NUMBER ';' .

    $default  reduce using rule 862 (timingdisables_start)


State 205

  880 partitions_start: K_PARTITIONS NUMBER ';' .

    $default  reduce using rule 880 (partitions_start)


State 206

  837 fp_start: K_FPC NUMBER ';' .

    $default  reduce using rule 837 (fp_start)


State 207

  109 divider_char: K_DIVIDERCHAR QSTRING ';' .

    $default  reduce using rule 109 (divider_char)


State 208

  110 bus_bit_chars: K_BUSBITCHARS QSTRING ';' .

    $default  reduce using rule 110 (bus_bit_chars)


State 209

   61 prop_def_section: K_PROPERTYDEFINITIONS $@6 property_defs . K_END K_PROPERTYDEFINITIONS
   63 property_defs: property_defs . property_def

    error             shift, and go to state 321
    K_DESIGN          shift, and go to state 322
    K_PINSHAPE        shift, and go to state 323
    K_ROW             shift, and go to state 324
    K_REGION          shift, and go to state 325
    K_NONDEFAULTRULE  shift, and go to state 326
    K_GROUP           shift, and go to state 327
    K_NET             shift, and go to state 328
    K_END             shift, and go to state 329
    K_PIN             shift, and go to state 330
    K_COMPONENT       shift, and go to state 331
    K_SNET            shift, and go to state 332
    K_COMPONENTPIN    shift, and go to state 333
    K_VIA             shift, and go to state 334
    K_BLOCKAGE        shift, and go to state 335
    K_ROUTE           shift, and go to state 336
    K_SCANCHAIN       shift, and go to state 337
    K_SPECIALROUTE    shift, and go to state 338
    K_TRACK           shift, and go to state 339

    property_def  go to state 340


State 210

  370 comps_maskShift_section: K_COMPSMASKSHIFT $@68 layer_statement . ';'
  374 layer_statement: layer_statement . maskLayer

    T_STRING  shift, and go to state 341
    ';'       shift, and go to state 342

    maskLayer  go to state 343


State 211

  949 opt_semi: ';' .

    $default  reduce using rule 949 (opt_semi)


State 212

  947 begin_pin_props: K_PINPROPERTIES NUMBER opt_semi .

    $default  reduce using rule 947 (begin_pin_props)


State 213

  966 blockage_start: K_BLOCKAGES NUMBER ';' .

    $default  reduce using rule 966 (blockage_start)


State 214

  1014 slot_start: K_SLOTS NUMBER ';' .

    $default  reduce using rule 1014 (slot_start)


State 215

  1028 fill_start: K_FILLS NUMBER ';' .

    $default  reduce using rule 1028 (fill_start)


State 216

  1101 styles_start: K_STYLES NUMBER ';' .

    $default  reduce using rule 1101 (styles_start)


State 217

  129 pin_cap: K_MINPINS . NUMBER K_WIRECAP NUMBER ';'

    NUMBER  shift, and go to state 344


State 218

  130 end_def_cap: K_END . K_DEFAULTCAP

    K_DEFAULTCAP  shift, and go to state 345


State 219

  128 pin_caps: pin_caps pin_cap .

    $default  reduce using rule 128 (pin_caps)


State 220

  125 pin_cap_rule: start_def_cap pin_caps end_def_cap .

    $default  reduce using rule 125 (pin_cap_rule)


State 221

  262 end_pins: K_END . K_PINS

    K_PINS  shift, and go to state 346


State 222

  138 pin: '-' . $@29 T_STRING '+' K_NET $@30 T_STRING $@31 pin_options ';'

    $default  reduce using rule 135 ($@29)

    $@29  go to state 347


State 223

  134 pins: pins pin .

    $default  reduce using rule 134 (pins)


State 224

  131 pin_rule: start_pins pins end_pins .

    $default  reduce using rule 131 (pin_rule)


State 225

  280 tracks_rule: track_start NUMBER $@51 . K_DO NUMBER K_STEP NUMBER track_opts ';'

    K_DO  shift, and go to state 348


State 226

  347 via_end: K_END . K_VIAS

    K_VIAS  shift, and go to state 349


State 227

  315 via_declaration: '-' . $@55 T_STRING $@56 layer_stmts ';'

    $default  reduce using rule 313 ($@55)

    $@55  go to state 350


State 228

  312 via_declarations: via_declarations via_declaration .

    $default  reduce using rule 312 (via_declarations)


State 229

  309 via_section: via via_declarations via_end .

    $default  reduce using rule 309 (via_section)


State 230

  348 regions_section: regions_start regions_stmts K_END . K_REGIONS

    K_REGIONS  shift, and go to state 351


State 231

  354 regions_stmt: '-' . $@65 T_STRING $@66 rect_list region_options ';'

    $default  reduce using rule 352 ($@65)

    $@65  go to state 352


State 232

  351 regions_stmts: regions_stmts regions_stmt .

    $default  reduce using rule 351 (regions_stmts)


State 233

  448 end_comps: K_END . K_COMPS

    K_COMPS  shift, and go to state 353


State 234

  381 comp_id_and_name: '-' . $@69 T_STRING T_STRING

    $default  reduce using rule 380 ($@69)

    $@69  go to state 354


State 235

  377 comps_rule: comps_rule comp .

    $default  reduce using rule 377 (comps_rule)


State 236

  378 comp: comp_start . comp_options ';'

    $default  reduce using rule 385 (comp_options)

    comp_options  go to state 355


State 237

  379 comp_start: comp_id_and_name . comp_net_list

    $default  reduce using rule 382 (comp_net_list)

    comp_net_list  go to state 356


State 238

  371 comps_section: start_comps comps_rule end_comps .

    $default  reduce using rule 371 (comps_section)


State 239

  589 end_nets: K_END . K_NETS

    K_NETS  shift, and go to state 357


State 240

  456 net_start: '-' . $@78 net_name

    $default  reduce using rule 455 ($@78)

    $@78  go to state 358


State 241

  452 net_rules: net_rules one_net .

    $default  reduce using rule 452 (net_rules)


State 242

  453 one_net: net_and_connections . net_options ';'

    $default  reduce using rule 472 (net_options)

    net_options  go to state 359


State 243

  454 net_and_connections: net_start .

    $default  reduce using rule 454 (net_and_connections)


State 244

  449 nets_section: start_nets net_rules end_nets .

    $default  reduce using rule 449 (nets_section)


State 245

  676 end_snets: K_END . K_SNETS

    K_SNETS  shift, and go to state 360


State 246

  605 snet_rule: net_and_connections . snet_options ';'

    $default  reduce using rule 606 (snet_options)

    snet_options  go to state 361


State 247

  604 snet_rules: snet_rules snet_rule .

    $default  reduce using rule 604 (snet_rules)


State 248

  602 snets_section: start_snets snet_rules end_snets .

    $default  reduce using rule 602 (snets_section)


State 249

  723 groups_end: K_END . K_GROUPS

    K_GROUPS  shift, and go to state 362


State 250

  683 start_group: '-' . $@125 T_STRING

    $default  reduce using rule 682 ($@125)

    $@125  go to state 363


State 251

  680 group_rules: group_rules group_rule .

    $default  reduce using rule 680 (group_rules)


State 252

  681 group_rule: start_group . group_members group_options ';'

    $default  reduce using rule 684 (group_members)

    group_members  go to state 364


State 253

  677 groups_section: groups_start group_rules groups_end .

    $default  reduce using rule 677 (groups_section)


State 254

  753 assertions_end: K_END . K_ASSERTIONS

    K_ASSERTIONS  shift, and go to state 365


State 255

  732 operand_rule: '-' . operand delay_specs ';'
  743 wiredlogic_rule: '-' . K_WIREDLOGIC $@133 T_STRING opt_plus K_MAXDIST NUMBER ';'

    K_NET         shift, and go to state 366
    K_PATH        shift, and go to state 367
    K_SUM         shift, and go to state 368
    K_DIFF        shift, and go to state 369
    K_WIREDLOGIC  shift, and go to state 370

    operand  go to state 371


State 256

  729 constraint_rules: constraint_rules constraint_rule .

    $default  reduce using rule 729 (constraint_rules)


State 257

  730 constraint_rule: operand_rule .

    $default  reduce using rule 730 (constraint_rule)


State 258

  731 constraint_rule: wiredlogic_rule .

    $default  reduce using rule 731 (constraint_rule)


State 259

  724 assertions_section: assertions_start constraint_rules assertions_end .

    $default  reduce using rule 724 (assertions_section)


State 260

  752 constraints_end: K_END . K_CONSTRAINTS

    K_CONSTRAINTS  shift, and go to state 372


State 261

  725 constraint_section: constraints_start constraint_rules constraints_end .

    $default  reduce using rule 725 (constraint_section)


State 262

  808 scanchain_end: K_END . K_SCANCHAINS

    K_SCANCHAINS  shift, and go to state 373


State 263

  760 start_scan: '-' . $@134 T_STRING

    $default  reduce using rule 759 ($@134)

    $@134  go to state 374


State 264

  757 scanchain_rules: scanchain_rules scan_rule .

    $default  reduce using rule 757 (scanchain_rules)


State 265

  758 scan_rule: start_scan . scan_members ';'

    $default  reduce using rule 761 (scan_members)

    scan_members  go to state 375


State 266

  754 scanchains_section: scanchain_start scanchain_rules scanchain_end .

    $default  reduce using rule 754 (scanchains_section)


State 267

  835 iotiming_end: K_END . K_IOTIMINGS

    K_IOTIMINGS  shift, and go to state 376


State 268

  815 start_iotiming: '-' . '(' $@148 T_STRING T_STRING ')'

    '('  shift, and go to state 377


State 269

  812 iotiming_rules: iotiming_rules iotiming_rule .

    $default  reduce using rule 812 (iotiming_rules)


State 270

  813 iotiming_rule: start_iotiming . iotiming_members ';'

    $default  reduce using rule 816 (iotiming_members)

    iotiming_members  go to state 378


State 271

  809 iotiming_section: iotiming_start iotiming_rules iotiming_end .

    $default  reduce using rule 809 (iotiming_section)


State 272

  836 floorplan_contraints_section: fp_start fp_stmts K_END . K_FPC

    K_FPC  shift, and go to state 379


State 273

  842 fp_stmt: '-' . $@154 T_STRING h_or_v $@155 constraint_type constrain_what_list ';'

    $default  reduce using rule 840 ($@154)

    $@154  go to state 380


State 274

  839 fp_stmts: fp_stmts fp_stmt .

    $default  reduce using rule 839 (fp_stmts)


State 275

  878 timingdisables_end: K_END . K_TIMINGDISABLES

    K_TIMINGDISABLES  shift, and go to state 381


State 276

  867 timingdisables_rule: '-' . K_FROMPIN $@160 T_STRING T_STRING K_TOPIN $@161 T_STRING T_STRING ';'
  869                    | '-' . K_THRUPIN $@162 T_STRING T_STRING ';'
  871                    | '-' . K_MACRO $@163 T_STRING td_macro_option ';'
  872                    | '-' . K_REENTRANTPATHS ';'

    K_FROMPIN         shift, and go to state 382
    K_THRUPIN         shift, and go to state 383
    K_MACRO           shift, and go to state 384
    K_REENTRANTPATHS  shift, and go to state 385


State 277

  864 timingdisables_rules: timingdisables_rules timingdisables_rule .

    $default  reduce using rule 864 (timingdisables_rules)


State 278

  861 timingdisables_section: timingdisables_start timingdisables_rules timingdisables_end .

    $default  reduce using rule 861 (timingdisables_section)


State 279

  929 partitions_end: K_END . K_PARTITIONS

    K_PARTITIONS  shift, and go to state 386


State 280

  885 start_partition: '-' . $@167 T_STRING turnoff

    $default  reduce using rule 884 ($@167)

    $@167  go to state 387


State 281

  882 partition_rules: partition_rules partition_rule .

    $default  reduce using rule 882 (partition_rules)


State 282

  883 partition_rule: start_partition . partition_members ';'

    $default  reduce using rule 894 (partition_members)

    partition_members  go to state 388


State 283

  879 partitions_section: partitions_start partition_rules partitions_end .

    $default  reduce using rule 879 (partitions_section)


State 284

  950 end_pin_props: K_END . K_PINPROPERTIES

    K_PINPROPERTIES  shift, and go to state 389


State 285

  955 pin_prop_terminal: '-' . $@178 T_STRING T_STRING $@179 pin_prop_options ';'

    $default  reduce using rule 953 ($@178)

    $@178  go to state 390


State 286

  946 pin_props_section: begin_pin_props pin_prop_list end_pin_props .

    $default  reduce using rule 946 (pin_props_section)


State 287

  952 pin_prop_list: pin_prop_list pin_prop_terminal .

    $default  reduce using rule 952 (pin_prop_list)


State 288

  967 blockage_end: K_END . K_BLOCKAGES

    K_BLOCKAGES  shift, and go to state 391


State 289

  973 blockage_rule: '-' . K_LAYER $@181 T_STRING $@182 layer_blockage_rules
  975              | '-' . K_PLACEMENT $@183 placement_comp_rules

    K_LAYER      shift, and go to state 392
    K_PLACEMENT  shift, and go to state 393


State 290

  965 blockage_section: blockage_start blockage_defs blockage_end .

    $default  reduce using rule 965 (blockage_section)


State 291

  969 blockage_defs: blockage_defs blockage_def .

    $default  reduce using rule 969 (blockage_defs)


State 292

  970 blockage_def: blockage_rule . rectPoly_blockage rectPoly_blockage_rules ';'

    K_RECT     shift, and go to state 394
    K_POLYGON  shift, and go to state 395

    rectPoly_blockage  go to state 396


State 293

  1015 slot_end: K_END . K_SLOTS

    K_SLOTS  shift, and go to state 397


State 294

  1021 slot_rule: '-' . K_LAYER $@191 T_STRING $@192 geom_slot

    K_LAYER  shift, and go to state 398


State 295

  1013 slot_section: slot_start slot_defs slot_end .

    $default  reduce using rule 1013 (slot_section)


State 296

  1017 slot_defs: slot_defs slot_def .

    $default  reduce using rule 1017 (slot_defs)


State 297

  1018 slot_def: slot_rule . geom_slot_rules ';'

    $default  reduce using rule 1022 (geom_slot_rules)

    geom_slot_rules  go to state 399


State 298

  1029 fill_end: K_END . K_FILLS

    K_FILLS  shift, and go to state 400


State 299

  1034 fill_def: '-' . K_LAYER $@194 T_STRING $@195 fill_layer_mask_opc_opt geom_fill geom_fill_rules ';'
  1037         | '-' . K_VIA $@196 T_STRING $@197 fill_via_mask_opc_opt firstViaPt otherViaPts ';'

    K_LAYER  shift, and go to state 401
    K_VIA    shift, and go to state 402


State 300

  1027 fill_section: fill_start fill_defs fill_end .

    $default  reduce using rule 1027 (fill_section)


State 301

  1031 fill_defs: fill_defs fill_def .

    $default  reduce using rule 1031 (fill_defs)


State 302

  1074 nondefault_def: '-' $@201 . T_STRING $@202 nondefault_options ';'

    T_STRING  shift, and go to state 403


State 303

  1067 nondefaultrule_section: nondefault_start nondefault_def nondefault_defs . nondefault_end
  1071 nondefault_defs: nondefault_defs . nondefault_def

    K_END  shift, and go to state 404
    '-'    shift, and go to state 177

    nondefault_end  go to state 405
    nondefault_def  go to state 406


State 304

  1102 styles_end: K_END . K_STYLES

    K_STYLES  shift, and go to state 407


State 305

  1106 styles_rule: '-' . K_STYLE NUMBER $@209 firstPt nextPt otherPts ';'

    K_STYLE  shift, and go to state 408


State 306

  1100 styles_section: styles_start styles_rules styles_end .

    $default  reduce using rule 1100 (styles_section)


State 307

  1104 styles_rules: styles_rules styles_rule .

    $default  reduce using rule 1104 (styles_rules)


State 308

   51 design_name: K_DESIGN $@2 T_STRING ';' .

    $default  reduce using rule 51 (design_name)


State 309

   54 tech_name: K_TECH $@3 T_STRING ';' .

    $default  reduce using rule 54 (tech_name)


State 310

  108 units: K_UNITS K_DISTANCE K_MICRONS NUMBER . ';'

    ';'  shift, and go to state 409


State 311

   56 array_name: K_ARRAY $@4 T_STRING ';' .

    $default  reduce using rule 56 (array_name)


State 312

   58 floorplan_name: K_FLOORPLAN $@5 T_STRING ';' .

    $default  reduce using rule 58 (floorplan_name)


State 313

  112 canplace: K_CANPLACE $@26 T_STRING NUMBER . NUMBER orient K_DO NUMBER K_BY NUMBER K_STEP NUMBER NUMBER ';'

    NUMBER  shift, and go to state 410


State 314

  114 cannotoccupy: K_CANNOTOCCUPY $@27 T_STRING NUMBER . NUMBER orient K_DO NUMBER K_BY NUMBER K_STEP NUMBER NUMBER ';'

    NUMBER  shift, and go to state 411


State 315

  341 pt: '(' NUMBER . NUMBER ')'
  343   | '(' NUMBER . '*' ')'

    NUMBER  shift, and go to state 412
    '*'     shift, and go to state 413


State 316

  342 pt: '(' '*' . NUMBER ')'
  344   | '(' '*' . '*' ')'

    NUMBER  shift, and go to state 414
    '*'     shift, and go to state 415


State 317

  124 die_area: K_DIEAREA $@28 firstPt nextPt . otherPts ';'

    $default  reduce using rule 339 (otherPts)

    otherPts  go to state 416


State 318

  338 nextPt: pt .

    $default  reduce using rule 338 (nextPt)


State 319

  306 gcellgrid: K_GCELLGRID track_type NUMBER K_DO . NUMBER K_STEP NUMBER ';'

    NUMBER  shift, and go to state 417


State 320

  265 row_rule: K_ROW $@48 T_STRING T_STRING . NUMBER NUMBER orient $@49 row_do_option row_options ';'

    NUMBER  shift, and go to state 418


State 321

   98 property_def: error . ';'

    ';'  shift, and go to state 419


State 322

   65 property_def: K_DESIGN . $@7 T_STRING property_type_and_val ';'

    $default  reduce using rule 64 ($@7)

    $@7  go to state 420


State 323

   87 property_def: K_PINSHAPE . $@18 T_STRING property_type_and_val ';'

    $default  reduce using rule 86 ($@18)

    $@18  go to state 421


State 324

   77 property_def: K_ROW . $@13 T_STRING property_type_and_val ';'

    $default  reduce using rule 76 ($@13)

    $@13  go to state 422


State 325

   71 property_def: K_REGION . $@10 T_STRING property_type_and_val ';'

    $default  reduce using rule 70 ($@10)

    $@10  go to state 423


State 326

   81 property_def: K_NONDEFAULTRULE . $@15 T_STRING property_type_and_val ';'

    $default  reduce using rule 80 ($@15)

    $@15  go to state 424


State 327

   73 property_def: K_GROUP . $@11 T_STRING property_type_and_val ';'

    $default  reduce using rule 72 ($@11)

    $@11  go to state 425


State 328

   67 property_def: K_NET . $@8 T_STRING property_type_and_val ';'

    $default  reduce using rule 66 ($@8)

    $@8  go to state 426


State 329

   61 prop_def_section: K_PROPERTYDEFINITIONS $@6 property_defs K_END . K_PROPERTYDEFINITIONS

    K_PROPERTYDEFINITIONS  shift, and go to state 427


State 330

   85 property_def: K_PIN . $@17 T_STRING property_type_and_val ';'

    $default  reduce using rule 84 ($@17)

    $@17  go to state 428


State 331

   75 property_def: K_COMPONENT . $@12 T_STRING property_type_and_val ';'

    $default  reduce using rule 74 ($@12)

    $@12  go to state 429


State 332

   69 property_def: K_SNET . $@9 T_STRING property_type_and_val ';'

    $default  reduce using rule 68 ($@9)

    $@9  go to state 430


State 333

   79 property_def: K_COMPONENTPIN . $@14 T_STRING property_type_and_val ';'

    $default  reduce using rule 78 ($@14)

    $@14  go to state 431


State 334

   95 property_def: K_VIA . $@22 T_STRING property_type_and_val ';'

    $default  reduce using rule 94 ($@22)

    $@22  go to state 432


State 335

   83 property_def: K_BLOCKAGE . $@16 T_STRING property_type_and_val ';'

    $default  reduce using rule 82 ($@16)

    $@16  go to state 433


State 336

   89 property_def: K_ROUTE . $@19 T_STRING property_type_and_val ';'

    $default  reduce using rule 88 ($@19)

    $@19  go to state 434


State 337

   91 property_def: K_SCANCHAIN . $@20 T_STRING property_type_and_val ';'

    $default  reduce using rule 90 ($@20)

    $@20  go to state 435


State 338

   93 property_def: K_SPECIALROUTE . $@21 T_STRING property_type_and_val ';'

    $default  reduce using rule 92 ($@21)

    $@21  go to state 436


State 339

   97 property_def: K_TRACK . $@23 T_STRING property_type_and_val ';'

    $default  reduce using rule 96 ($@23)

    $@23  go to state 437


State 340

   63 property_defs: property_defs property_def .

    $default  reduce using rule 63 (property_defs)


State 341

  375 maskLayer: T_STRING .

    $default  reduce using rule 375 (maskLayer)


State 342

  370 comps_maskShift_section: K_COMPSMASKSHIFT $@68 layer_statement ';' .

    $default  reduce using rule 370 (comps_maskShift_section)


State 343

  374 layer_statement: layer_statement maskLayer .

    $default  reduce using rule 374 (layer_statement)


State 344

  129 pin_cap: K_MINPINS NUMBER . K_WIRECAP NUMBER ';'

    K_WIRECAP  shift, and go to state 438


State 345

  130 end_def_cap: K_END K_DEFAULTCAP .

    $default  reduce using rule 130 (end_def_cap)


State 346

  262 end_pins: K_END K_PINS .

    $default  reduce using rule 262 (end_pins)


State 347

  138 pin: '-' $@29 . T_STRING '+' K_NET $@30 T_STRING $@31 pin_options ';'

    T_STRING  shift, and go to state 439


State 348

  280 tracks_rule: track_start NUMBER $@51 K_DO . NUMBER K_STEP NUMBER track_opts ';'

    NUMBER  shift, and go to state 440


State 349

  347 via_end: K_END K_VIAS .

    $default  reduce using rule 347 (via_end)


State 350

  315 via_declaration: '-' $@55 . T_STRING $@56 layer_stmts ';'

    T_STRING  shift, and go to state 441


State 351

  348 regions_section: regions_start regions_stmts K_END K_REGIONS .

    $default  reduce using rule 348 (regions_section)


State 352

  354 regions_stmt: '-' $@65 . T_STRING $@66 rect_list region_options ';'

    T_STRING  shift, and go to state 442


State 353

  448 end_comps: K_END K_COMPS .

    $default  reduce using rule 448 (end_comps)


State 354

  381 comp_id_and_name: '-' $@69 . T_STRING T_STRING

    T_STRING  shift, and go to state 443


State 355

  378 comp: comp_start comp_options . ';'
  386 comp_options: comp_options . comp_option

    ';'  shift, and go to state 444
    '+'  shift, and go to state 445

    extension_stmt       go to state 446
    comp_option          go to state 447
    comp_extension_stmt  go to state 448
    comp_eeq             go to state 449
    comp_generate        go to state 450
    comp_source          go to state 451
    comp_region          go to state 452
    comp_halo            go to state 453
    comp_routehalo       go to state 454
    comp_property        go to state 455
    comp_region_start    go to state 456
    comp_foreign         go to state 457
    comp_type            go to state 458
    maskShift            go to state 459
    placement_status     go to state 460
    comp_pinprop         go to state 461
    comp_physical        go to state 462
    weight               go to state 463


State 356

  379 comp_start: comp_id_and_name comp_net_list .
  383 comp_net_list: comp_net_list . '*'
  384              | comp_net_list . T_STRING

    T_STRING  shift, and go to state 464
    '*'       shift, and go to state 465

    $default  reduce using rule 379 (comp_start)


State 357

  589 end_nets: K_END K_NETS .

    $default  reduce using rule 589 (end_nets)


State 358

  456 net_start: '-' $@78 . net_name

    T_STRING    shift, and go to state 466
    K_MUSTJOIN  shift, and go to state 467

    net_name  go to state 468


State 359

  453 one_net: net_and_connections net_options . ';'
  473 net_options: net_options . net_option

    ';'  shift, and go to state 469
    '+'  shift, and go to state 470

    extension_stmt  go to state 471
    net_option      go to state 472
    vpin_stmt       go to state 473
    vpin_begin      go to state 474


State 360

  676 end_snets: K_END K_SNETS .

    $default  reduce using rule 676 (end_snets)


State 361

  605 snet_rule: net_and_connections snet_options . ';'
  607 snet_options: snet_options . snet_option

    ';'  shift, and go to state 475
    '+'  shift, and go to state 476

    extension_stmt     go to state 477
    snet_option        go to state 478
    snet_other_option  go to state 479
    snet_width         go to state 480
    snet_voltage       go to state 481
    snet_spacing       go to state 482


State 362

  723 groups_end: K_END K_GROUPS .

    $default  reduce using rule 723 (groups_end)


State 363

  683 start_group: '-' $@125 . T_STRING

    T_STRING  shift, and go to state 483


State 364

  681 group_rule: start_group group_members . group_options ';'
  685 group_members: group_members . group_member

    T_STRING  shift, and go to state 484

    $default  reduce using rule 687 (group_options)

    group_member   go to state 485
    group_options  go to state 486


State 365

  753 assertions_end: K_END K_ASSERTIONS .

    $default  reduce using rule 753 (assertions_end)


State 366

  734 operand: K_NET . $@131 T_STRING

    $default  reduce using rule 733 ($@131)

    $@131  go to state 487


State 367

  736 operand: K_PATH . $@132 T_STRING T_STRING T_STRING T_STRING

    $default  reduce using rule 735 ($@132)

    $@132  go to state 488


State 368

  737 operand: K_SUM . '(' operand_list ')'

    '('  shift, and go to state 489


State 369

  738 operand: K_DIFF . '(' operand_list ')'

    '('  shift, and go to state 490


State 370

  743 wiredlogic_rule: '-' K_WIREDLOGIC . $@133 T_STRING opt_plus K_MAXDIST NUMBER ';'

    $default  reduce using rule 742 ($@133)

    $@133  go to state 491


State 371

  732 operand_rule: '-' operand . delay_specs ';'

    $default  reduce using rule 746 (delay_specs)

    delay_specs  go to state 492


State 372

  752 constraints_end: K_END K_CONSTRAINTS .

    $default  reduce using rule 752 (constraints_end)


State 373

  808 scanchain_end: K_END K_SCANCHAINS .

    $default  reduce using rule 808 (scanchain_end)


State 374

  760 start_scan: '-' $@134 . T_STRING

    T_STRING  shift, and go to state 493


State 375

  758 scan_rule: start_scan scan_members . ';'
  762 scan_members: scan_members . scan_member

    ';'  shift, and go to state 494
    '+'  shift, and go to state 495

    extension_stmt  go to state 496
    scan_member     go to state 497


State 376

  835 iotiming_end: K_END K_IOTIMINGS .

    $default  reduce using rule 835 (iotiming_end)


State 377

  815 start_iotiming: '-' '(' . $@148 T_STRING T_STRING ')'

    $default  reduce using rule 814 ($@148)

    $@148  go to state 498


State 378

  813 iotiming_rule: start_iotiming iotiming_members . ';'
  817 iotiming_members: iotiming_members . iotiming_member

    ';'  shift, and go to state 499
    '+'  shift, and go to state 500

    extension_stmt   go to state 501
    iotiming_member  go to state 502


State 379

  836 floorplan_contraints_section: fp_start fp_stmts K_END K_FPC .

    $default  reduce using rule 836 (floorplan_contraints_section)


State 380

  842 fp_stmt: '-' $@154 . T_STRING h_or_v $@155 constraint_type constrain_what_list ';'

    T_STRING  shift, and go to state 503


State 381

  878 timingdisables_end: K_END K_TIMINGDISABLES .

    $default  reduce using rule 878 (timingdisables_end)


State 382

  867 timingdisables_rule: '-' K_FROMPIN . $@160 T_STRING T_STRING K_TOPIN $@161 T_STRING T_STRING ';'

    $default  reduce using rule 865 ($@160)

    $@160  go to state 504


State 383

  869 timingdisables_rule: '-' K_THRUPIN . $@162 T_STRING T_STRING ';'

    $default  reduce using rule 868 ($@162)

    $@162  go to state 505


State 384

  871 timingdisables_rule: '-' K_MACRO . $@163 T_STRING td_macro_option ';'

    $default  reduce using rule 870 ($@163)

    $@163  go to state 506


State 385

  872 timingdisables_rule: '-' K_REENTRANTPATHS . ';'

    ';'  shift, and go to state 507


State 386

  929 partitions_end: K_END K_PARTITIONS .

    $default  reduce using rule 929 (partitions_end)


State 387

  885 start_partition: '-' $@167 . T_STRING turnoff

    T_STRING  shift, and go to state 508


State 388

  883 partition_rule: start_partition partition_members . ';'
  895 partition_members: partition_members . partition_member

    ';'  shift, and go to state 509
    '+'  shift, and go to state 510

    extension_stmt    go to state 511
    partition_member  go to state 512


State 389

  950 end_pin_props: K_END K_PINPROPERTIES .

    $default  reduce using rule 950 (end_pin_props)


State 390

  955 pin_prop_terminal: '-' $@178 . T_STRING T_STRING $@179 pin_prop_options ';'

    T_STRING  shift, and go to state 513


State 391

  967 blockage_end: K_END K_BLOCKAGES .

    $default  reduce using rule 967 (blockage_end)


State 392

  973 blockage_rule: '-' K_LAYER . $@181 T_STRING $@182 layer_blockage_rules

    $default  reduce using rule 971 ($@181)

    $@181  go to state 514


State 393

  975 blockage_rule: '-' K_PLACEMENT . $@183 placement_comp_rules

    $default  reduce using rule 974 ($@183)

    $@183  go to state 515


State 394

  1010 rectPoly_blockage: K_RECT . pt pt

    '('  shift, and go to state 188

    pt  go to state 516


State 395

  1012 rectPoly_blockage: K_POLYGON . $@190 firstPt nextPt nextPt otherPts

    $default  reduce using rule 1011 ($@190)

    $@190  go to state 517


State 396

  970 blockage_def: blockage_rule rectPoly_blockage . rectPoly_blockage_rules ';'

    $default  reduce using rule 1008 (rectPoly_blockage_rules)

    rectPoly_blockage_rules  go to state 518


State 397

  1015 slot_end: K_END K_SLOTS .

    $default  reduce using rule 1015 (slot_end)


State 398

  1021 slot_rule: '-' K_LAYER . $@191 T_STRING $@192 geom_slot

    $default  reduce using rule 1019 ($@191)

    $@191  go to state 519


State 399

  1018 slot_def: slot_rule geom_slot_rules . ';'
  1023 geom_slot_rules: geom_slot_rules . geom_slot

    K_RECT     shift, and go to state 520
    K_POLYGON  shift, and go to state 521
    ';'        shift, and go to state 522

    geom_slot  go to state 523


State 400

  1029 fill_end: K_END K_FILLS .

    $default  reduce using rule 1029 (fill_end)


State 401

  1034 fill_def: '-' K_LAYER . $@194 T_STRING $@195 fill_layer_mask_opc_opt geom_fill geom_fill_rules ';'

    $default  reduce using rule 1032 ($@194)

    $@194  go to state 524


State 402

  1037 fill_def: '-' K_VIA . $@196 T_STRING $@197 fill_via_mask_opc_opt firstViaPt otherViaPts ';'

    $default  reduce using rule 1035 ($@196)

    $@196  go to state 525


State 403

  1074 nondefault_def: '-' $@201 T_STRING . $@202 nondefault_options ';'

    $default  reduce using rule 1073 ($@202)

    $@202  go to state 526


State 404

  1069 nondefault_end: K_END . K_NONDEFAULTRULES

    K_NONDEFAULTRULES  shift, and go to state 527


State 405

  1067 nondefaultrule_section: nondefault_start nondefault_def nondefault_defs nondefault_end .

    $default  reduce using rule 1067 (nondefaultrule_section)


State 406

  1071 nondefault_defs: nondefault_defs nondefault_def .

    $default  reduce using rule 1071 (nondefault_defs)


State 407

  1102 styles_end: K_END K_STYLES .

    $default  reduce using rule 1102 (styles_end)


State 408

  1106 styles_rule: '-' K_STYLE . NUMBER $@209 firstPt nextPt otherPts ';'

    NUMBER  shift, and go to state 528


State 409

  108 units: K_UNITS K_DISTANCE K_MICRONS NUMBER ';' .

    $default  reduce using rule 108 (units)


State 410

  112 canplace: K_CANPLACE $@26 T_STRING NUMBER NUMBER . orient K_DO NUMBER K_BY NUMBER K_STEP NUMBER NUMBER ';'

    K_N   shift, and go to state 529
    K_S   shift, and go to state 530
    K_E   shift, and go to state 531
    K_W   shift, and go to state 532
    K_FN  shift, and go to state 533
    K_FE  shift, and go to state 534
    K_FS  shift, and go to state 535
    K_FW  shift, and go to state 536

    orient  go to state 537


State 411

  114 cannotoccupy: K_CANNOTOCCUPY $@27 T_STRING NUMBER NUMBER . orient K_DO NUMBER K_BY NUMBER K_STEP NUMBER NUMBER ';'

    K_N   shift, and go to state 529
    K_S   shift, and go to state 530
    K_E   shift, and go to state 531
    K_W   shift, and go to state 532
    K_FN  shift, and go to state 533
    K_FE  shift, and go to state 534
    K_FS  shift, and go to state 535
    K_FW  shift, and go to state 536

    orient  go to state 538


State 412

  341 pt: '(' NUMBER NUMBER . ')'

    ')'  shift, and go to state 539


State 413

  343 pt: '(' NUMBER '*' . ')'

    ')'  shift, and go to state 540


State 414

  342 pt: '(' '*' NUMBER . ')'

    ')'  shift, and go to state 541


State 415

  344 pt: '(' '*' '*' . ')'

    ')'  shift, and go to state 542


State 416

  124 die_area: K_DIEAREA $@28 firstPt nextPt otherPts . ';'
  340 otherPts: otherPts . nextPt

    ';'  shift, and go to state 543
    '('  shift, and go to state 188

    nextPt  go to state 544
    pt      go to state 318


State 417

  306 gcellgrid: K_GCELLGRID track_type NUMBER K_DO NUMBER . K_STEP NUMBER ';'

    K_STEP  shift, and go to state 545


State 418

  265 row_rule: K_ROW $@48 T_STRING T_STRING NUMBER . NUMBER orient $@49 row_do_option row_options ';'

    NUMBER  shift, and go to state 546


State 419

   98 property_def: error ';' .

    $default  reduce using rule 98 (property_def)


State 420

   65 property_def: K_DESIGN $@7 . T_STRING property_type_and_val ';'

    T_STRING  shift, and go to state 547


State 421

   87 property_def: K_PINSHAPE $@18 . T_STRING property_type_and_val ';'

    T_STRING  shift, and go to state 548


State 422

   77 property_def: K_ROW $@13 . T_STRING property_type_and_val ';'

    T_STRING  shift, and go to state 549


State 423

   71 property_def: K_REGION $@10 . T_STRING property_type_and_val ';'

    T_STRING  shift, and go to state 550


State 424

   81 property_def: K_NONDEFAULTRULE $@15 . T_STRING property_type_and_val ';'

    T_STRING  shift, and go to state 551


State 425

   73 property_def: K_GROUP $@11 . T_STRING property_type_and_val ';'

    T_STRING  shift, and go to state 552


State 426

   67 property_def: K_NET $@8 . T_STRING property_type_and_val ';'

    T_STRING  shift, and go to state 553


State 427

   61 prop_def_section: K_PROPERTYDEFINITIONS $@6 property_defs K_END K_PROPERTYDEFINITIONS .

    $default  reduce using rule 61 (prop_def_section)


State 428

   85 property_def: K_PIN $@17 . T_STRING property_type_and_val ';'

    T_STRING  shift, and go to state 554


State 429

   75 property_def: K_COMPONENT $@12 . T_STRING property_type_and_val ';'

    T_STRING  shift, and go to state 555


State 430

   69 property_def: K_SNET $@9 . T_STRING property_type_and_val ';'

    T_STRING  shift, and go to state 556


State 431

   79 property_def: K_COMPONENTPIN $@14 . T_STRING property_type_and_val ';'

    T_STRING  shift, and go to state 557


State 432

   95 property_def: K_VIA $@22 . T_STRING property_type_and_val ';'

    T_STRING  shift, and go to state 558


State 433

   83 property_def: K_BLOCKAGE $@16 . T_STRING property_type_and_val ';'

    T_STRING  shift, and go to state 559


State 434

   89 property_def: K_ROUTE $@19 . T_STRING property_type_and_val ';'

    T_STRING  shift, and go to state 560


State 435

   91 property_def: K_SCANCHAIN $@20 . T_STRING property_type_and_val ';'

    T_STRING  shift, and go to state 561


State 436

   93 property_def: K_SPECIALROUTE $@21 . T_STRING property_type_and_val ';'

    T_STRING  shift, and go to state 562


State 437

   97 property_def: K_TRACK $@23 . T_STRING property_type_and_val ';'

    T_STRING  shift, and go to state 563


State 438

  129 pin_cap: K_MINPINS NUMBER K_WIRECAP . NUMBER ';'

    NUMBER  shift, and go to state 564


State 439

  138 pin: '-' $@29 T_STRING . '+' K_NET $@30 T_STRING $@31 pin_options ';'

    '+'  shift, and go to state 565


State 440

  280 tracks_rule: track_start NUMBER $@51 K_DO NUMBER . K_STEP NUMBER track_opts ';'

    K_STEP  shift, and go to state 566


State 441

  315 via_declaration: '-' $@55 T_STRING . $@56 layer_stmts ';'

    $default  reduce using rule 314 ($@56)

    $@56  go to state 567


State 442

  354 regions_stmt: '-' $@65 T_STRING . $@66 rect_list region_options ';'

    $default  reduce using rule 353 ($@66)

    $@66  go to state 568


State 443

  381 comp_id_and_name: '-' $@69 T_STRING . T_STRING

    T_STRING  shift, and go to state 569


State 444

  378 comp: comp_start comp_options ';' .

    $default  reduce using rule 378 (comp)


State 445

  308 extension_stmt: '+' . K_BEGINEXT
  403 comp_eeq: '+' . K_EEQMASTER $@70 T_STRING
  405 comp_generate: '+' . K_COMP_GEN $@71 T_STRING opt_pattern
  408 comp_source: '+' . K_SOURCE source_type
  418 comp_halo: '+' . K_HALO $@72 halo_soft NUMBER NUMBER NUMBER NUMBER
  422 comp_routehalo: '+' . K_ROUTEHALO NUMBER $@73 T_STRING T_STRING
  424 comp_property: '+' . K_PROPERTY $@74 comp_prop_list
  430 comp_region_start: '+' . K_REGION
  432 comp_foreign: '+' . K_FOREIGN $@75 T_STRING opt_paren orient
  436 comp_type: '+' . K_UNPLACED
  437          | '+' . K_UNPLACED pt orient
  439 maskShift: '+' . K_MASKSHIFT $@76 T_STRING
  440 placement_status: '+' . K_FIXED
  441                 | '+' . K_COVER
  442                 | '+' . K_PLACED
  443                 | '+' . K_SOFTFIXED
  445 comp_pinprop: '+' . K_PINPROPERTY $@77 T_STRING prop_name_value
  446 comp_physical: '+' . K_PHYSICAL
  447 weight: '+' . K_WEIGHT NUMBER

    K_COMP_GEN     shift, and go to state 570
    K_SOURCE       shift, and go to state 571
    K_WEIGHT       shift, and go to state 572
    K_EEQMASTER    shift, and go to state 573
    K_FIXED        shift, and go to state 574
    K_COVER        shift, and go to state 575
    K_UNPLACED     shift, and go to state 576
    K_PLACED       shift, and go to state 577
    K_FOREIGN      shift, and go to state 578
    K_REGION       shift, and go to state 579
    K_PROPERTY     shift, and go to state 580
    K_BEGINEXT     shift, and go to state 581
    K_MASKSHIFT    shift, and go to state 582
    K_HALO         shift, and go to state 583
    K_PHYSICAL     shift, and go to state 584
    K_PINPROPERTY  shift, and go to state 585
    K_SOFTFIXED    shift, and go to state 586
    K_ROUTEHALO    shift, and go to state 587


State 446

  401 comp_extension_stmt: extension_stmt .

    $default  reduce using rule 401 (comp_extension_stmt)


State 447

  386 comp_options: comp_options comp_option .

    $default  reduce using rule 386 (comp_options)


State 448

  400 comp_option: comp_extension_stmt .

    $default  reduce using rule 400 (comp_option)


State 449

  396 comp_option: comp_eeq .

    $default  reduce using rule 396 (comp_option)


State 450

  387 comp_option: comp_generate .

    $default  reduce using rule 387 (comp_option)


State 451

  388 comp_option: comp_source .

    $default  reduce using rule 388 (comp_option)


State 452

  395 comp_option: comp_region .

    $default  reduce using rule 395 (comp_option)


State 453

  397 comp_option: comp_halo .

    $default  reduce using rule 397 (comp_option)


State 454

  398 comp_option: comp_routehalo .

    $default  reduce using rule 398 (comp_option)


State 455

  399 comp_option: comp_property .

    $default  reduce using rule 399 (comp_option)


State 456

  413 comp_region: comp_region_start . comp_pnt_list
  414            | comp_region_start . T_STRING

    T_STRING  shift, and go to state 588
    '('       shift, and go to state 188

    pt             go to state 589
    comp_pnt_list  go to state 590


State 457

  394 comp_option: comp_foreign .

    $default  reduce using rule 394 (comp_option)


State 458

  389 comp_option: comp_type .

    $default  reduce using rule 389 (comp_option)


State 459

  393 comp_option: maskShift .

    $default  reduce using rule 393 (comp_option)


State 460

  435 comp_type: placement_status . pt orient

    '('  shift, and go to state 188

    pt  go to state 591


State 461

  390 comp_option: comp_pinprop .

    $default  reduce using rule 390 (comp_option)


State 462

  391 comp_option: comp_physical .

    $default  reduce using rule 391 (comp_option)


State 463

  392 comp_option: weight .

    $default  reduce using rule 392 (comp_option)


State 464

  384 comp_net_list: comp_net_list T_STRING .

    $default  reduce using rule 384 (comp_net_list)


State 465

  383 comp_net_list: comp_net_list '*' .

    $default  reduce using rule 383 (comp_net_list)


State 466

  458 net_name: T_STRING . $@79 net_connections

    $default  reduce using rule 457 ($@79)

    $@79  go to state 592


State 467

  460 net_name: K_MUSTJOIN . '(' T_STRING $@80 T_STRING ')'

    '('  shift, and go to state 593


State 468

  456 net_start: '-' $@78 net_name .

    $default  reduce using rule 456 (net_start)


State 469

  453 one_net: net_and_connections net_options ';' .

    $default  reduce using rule 453 (one_net)


State 470

  308 extension_stmt: '+' . K_BEGINEXT
  475 net_option: '+' . net_type $@84 opt_wire
  476           | '+' . K_SOURCE netsource_type
  477           | '+' . K_FIXEDBUMP
  479           | '+' . K_FREQUENCY $@85 NUMBER
  481           | '+' . K_ORIGINAL $@86 T_STRING
  482           | '+' . K_PATTERN nets_pattern_type
  483           | '+' . K_WEIGHT NUMBER
  484           | '+' . K_XTALK NUMBER
  485           | '+' . K_ESTCAP NUMBER
  486           | '+' . K_USE use_type
  487           | '+' . K_STYLE NUMBER
  489           | '+' . K_NONDEFAULTRULE $@87 T_STRING
  493           | '+' . K_SHIELDNET $@88 T_STRING $@89
  497           | '+' . K_SUBNET $@90 T_STRING $@91 comp_names $@92 subnet_options
  499           | '+' . K_PROPERTY $@93 net_prop_name_values
  509 vpin_begin: '+' . K_VPIN $@95 T_STRING

    K_SOURCE          shift, and go to state 594
    K_WEIGHT          shift, and go to state 595
    K_FIXED           shift, and go to state 596
    K_COVER           shift, and go to state 597
    K_ORIGINAL        shift, and go to state 598
    K_USE             shift, and go to state 599
    K_STYLE           shift, and go to state 600
    K_PATTERN         shift, and go to state 601
    K_ESTCAP          shift, and go to state 602
    K_ROUTED          shift, and go to state 603
    K_NONDEFAULTRULE  shift, and go to state 604
    K_VPIN            shift, and go to state 605
    K_SUBNET          shift, and go to state 606
    K_XTALK           shift, and go to state 607
    K_PROPERTY        shift, and go to state 608
    K_BEGINEXT        shift, and go to state 581
    K_SHIELDNET       shift, and go to state 609
    K_NOSHIELD        shift, and go to state 610
    K_FIXEDBUMP       shift, and go to state 611
    K_FREQUENCY       shift, and go to state 612

    net_type  go to state 613


State 471

  500 net_option: extension_stmt .

    $default  reduce using rule 500 (net_option)


State 472

  473 net_options: net_options net_option .

    $default  reduce using rule 473 (net_options)


State 473

  490 net_option: vpin_stmt .

    $default  reduce using rule 490 (net_option)


State 474

  507 vpin_stmt: vpin_begin . vpin_layer_opt pt pt $@94 vpin_options

    K_LAYER  shift, and go to state 614

    $default  reduce using rule 510 (vpin_layer_opt)

    vpin_layer_opt  go to state 615


State 475

  605 snet_rule: net_and_connections snet_options ';' .

    $default  reduce using rule 605 (snet_rule)


State 476

  308 extension_stmt: '+' . K_BEGINEXT
  613 snet_other_option: '+' . snet_type $@107 opt_swire
  614                  | '+' . K_SHAPE shape_type
  615                  | '+' . K_MASK NUMBER
  617                  | '+' . K_PROPERTY $@108 net_prop_name_values
  620                  | '+' . K_POLYGON $@109 T_STRING $@110 firstPt nextPt nextPt otherPts
  622                  | '+' . K_RECT $@111 T_STRING pt pt
  625                  | '+' . K_VIA $@112 T_STRING orient_pt $@113 firstPt otherPts
  626                  | '+' . K_SOURCE source_type
  627                  | '+' . K_FIXEDBUMP
  628                  | '+' . K_FREQUENCY NUMBER
  630                  | '+' . K_ORIGINAL $@114 T_STRING
  631                  | '+' . K_PATTERN snets_pattern_type
  632                  | '+' . K_WEIGHT NUMBER
  633                  | '+' . K_ESTCAP NUMBER
  634                  | '+' . K_USE use_type
  635                  | '+' . K_STYLE NUMBER
  645 snet_width: '+' . K_WIDTH $@116 T_STRING NUMBER
  647 snet_voltage: '+' . K_VOLTAGE $@117 T_STRING
  650 snet_spacing: '+' . K_SPACING $@118 T_STRING NUMBER $@119 opt_snet_range

    K_RECT       shift, and go to state 616
    K_SOURCE     shift, and go to state 617
    K_WEIGHT     shift, and go to state 618
    K_FIXED      shift, and go to state 619
    K_COVER      shift, and go to state 620
    K_ORIGINAL   shift, and go to state 621
    K_USE        shift, and go to state 622
    K_STYLE      shift, and go to state 623
    K_PATTERN    shift, and go to state 624
    K_ESTCAP     shift, and go to state 625
    K_ROUTED     shift, and go to state 626
    K_SHAPE      shift, and go to state 627
    K_WIDTH      shift, and go to state 628
    K_VOLTAGE    shift, and go to state 629
    K_SPACING    shift, and go to state 630
    K_PROPERTY   shift, and go to state 631
    K_BEGINEXT   shift, and go to state 581
    K_MASK       shift, and go to state 632
    K_SHIELD     shift, and go to state 633
    K_FIXEDBUMP  shift, and go to state 634
    K_FREQUENCY  shift, and go to state 635
    K_POLYGON    shift, and go to state 636
    K_VIA        shift, and go to state 637

    snet_type  go to state 638


State 477

  636 snet_other_option: extension_stmt .

    $default  reduce using rule 636 (snet_other_option)


State 478

  607 snet_options: snet_options snet_option .

    $default  reduce using rule 607 (snet_options)


State 479

  611 snet_option: snet_other_option .

    $default  reduce using rule 611 (snet_option)


State 480

  608 snet_option: snet_width .

    $default  reduce using rule 608 (snet_option)


State 481

  609 snet_option: snet_voltage .

    $default  reduce using rule 609 (snet_option)


State 482

  610 snet_option: snet_spacing .

    $default  reduce using rule 610 (snet_option)


State 483

  683 start_group: '-' $@125 T_STRING .

    $default  reduce using rule 683 (start_group)


State 484

  686 group_member: T_STRING .

    $default  reduce using rule 686 (group_member)


State 485

  685 group_members: group_members group_member .

    $default  reduce using rule 685 (group_members)


State 486

  681 group_rule: start_group group_members group_options . ';'
  688 group_options: group_options . group_option

    ';'  shift, and go to state 639
    '+'  shift, and go to state 640

    extension_stmt  go to state 641
    group_option    go to state 642


State 487

  734 operand: K_NET $@131 . T_STRING

    T_STRING  shift, and go to state 643


State 488

  736 operand: K_PATH $@132 . T_STRING T_STRING T_STRING T_STRING

    T_STRING  shift, and go to state 644


State 489

  737 operand: K_SUM '(' . operand_list ')'

    K_NET   shift, and go to state 366
    K_PATH  shift, and go to state 367
    K_SUM   shift, and go to state 368
    K_DIFF  shift, and go to state 369

    operand       go to state 645
    operand_list  go to state 646


State 490

  738 operand: K_DIFF '(' . operand_list ')'

    K_NET   shift, and go to state 366
    K_PATH  shift, and go to state 367
    K_SUM   shift, and go to state 368
    K_DIFF  shift, and go to state 369

    operand       go to state 645
    operand_list  go to state 647


State 491

  743 wiredlogic_rule: '-' K_WIREDLOGIC $@133 . T_STRING opt_plus K_MAXDIST NUMBER ';'

    T_STRING  shift, and go to state 648


State 492

  732 operand_rule: '-' operand delay_specs . ';'
  747 delay_specs: delay_specs . delay_spec

    ';'  shift, and go to state 649
    '+'  shift, and go to state 650

    delay_spec  go to state 651


State 493

  760 start_scan: '-' $@134 T_STRING .

    $default  reduce using rule 760 (start_scan)


State 494

  758 scan_rule: start_scan scan_members ';' .

    $default  reduce using rule 758 (scan_rule)


State 495

  308 extension_stmt: '+' . K_BEGINEXT
  766 scan_member: '+' . K_START $@135 T_STRING opt_pin
  768            | '+' . K_FLOATING $@136 floating_inst_list
  770            | '+' . K_ORDERED $@137 ordered_inst_list_opt
  772            | '+' . K_STOP $@138 T_STRING opt_pin
  774            | '+' . K_COMMONSCANPINS $@139 opt_common_pins
  776            | '+' . K_PARTITION $@140 T_STRING partition_maxbits
  780            | '+' . K_PROPERTY $@141 prop_name_value $@142 ordered_inst_list_opt
  783            | '+' . K_NAME $@143 T_STRING $@144 ordered_inst_list_opt

    K_NAME            shift, and go to state 652
    K_START           shift, and go to state 653
    K_FLOATING        shift, and go to state 654
    K_ORDERED         shift, and go to state 655
    K_STOP            shift, and go to state 656
    K_PROPERTY        shift, and go to state 657
    K_BEGINEXT        shift, and go to state 581
    K_COMMONSCANPINS  shift, and go to state 658
    K_PARTITION       shift, and go to state 659


State 496

  777 scan_member: extension_stmt .

    $default  reduce using rule 777 (scan_member)


State 497

  762 scan_members: scan_members scan_member .

    $default  reduce using rule 762 (scan_members)


State 498

  815 start_iotiming: '-' '(' $@148 . T_STRING T_STRING ')'

    T_STRING  shift, and go to state 660


State 499

  813 iotiming_rule: start_iotiming iotiming_members ';' .

    $default  reduce using rule 813 (iotiming_rule)


State 500

  308 extension_stmt: '+' . K_BEGINEXT
  818 iotiming_member: '+' . risefall K_VARIABLE NUMBER NUMBER
  819                | '+' . risefall K_SLEWRATE NUMBER NUMBER
  820                | '+' . K_CAPACITANCE NUMBER
  823                | '+' . K_DRIVECELL $@149 T_STRING $@150 iotiming_drivecell_opt

    K_RISE         shift, and go to state 661
    K_FALL         shift, and go to state 662
    K_CAPACITANCE  shift, and go to state 663
    K_DRIVECELL    shift, and go to state 664
    K_BEGINEXT     shift, and go to state 581

    risefall  go to state 665


State 501

  824 iotiming_member: extension_stmt .

    $default  reduce using rule 824 (iotiming_member)


State 502

  817 iotiming_members: iotiming_members iotiming_member .

    $default  reduce using rule 817 (iotiming_members)


State 503

  842 fp_stmt: '-' $@154 T_STRING . h_or_v $@155 constraint_type constrain_what_list ';'

    K_HORIZONTAL  shift, and go to state 666
    K_VERTICAL    shift, and go to state 667

    h_or_v  go to state 668


State 504

  867 timingdisables_rule: '-' K_FROMPIN $@160 . T_STRING T_STRING K_TOPIN $@161 T_STRING T_STRING ';'

    T_STRING  shift, and go to state 669


State 505

  869 timingdisables_rule: '-' K_THRUPIN $@162 . T_STRING T_STRING ';'

    T_STRING  shift, and go to state 670


State 506

  871 timingdisables_rule: '-' K_MACRO $@163 . T_STRING td_macro_option ';'

    T_STRING  shift, and go to state 671


State 507

  872 timingdisables_rule: '-' K_REENTRANTPATHS ';' .

    $default  reduce using rule 872 (timingdisables_rule)


State 508

  885 start_partition: '-' $@167 T_STRING . turnoff

    K_TURNOFF  shift, and go to state 672

    $default  reduce using rule 886 (turnoff)

    turnoff  go to state 673


State 509

  883 partition_rule: start_partition partition_members ';' .

    $default  reduce using rule 883 (partition_rule)


State 510

  308 extension_stmt: '+' . K_BEGINEXT
  897 partition_member: '+' . K_FROMCLOCKPIN $@168 T_STRING T_STRING risefall minmaxpins
  899                 | '+' . K_FROMCOMPPIN $@169 T_STRING T_STRING risefallminmax2_list
  901                 | '+' . K_FROMIOPIN $@170 T_STRING risefallminmax1_list
  903                 | '+' . K_TOCLOCKPIN $@171 T_STRING T_STRING risefall minmaxpins
  905                 | '+' . K_TOCOMPPIN $@172 T_STRING T_STRING risefallminmax2_list
  907                 | '+' . K_TOIOPIN $@173 T_STRING risefallminmax1_list

    K_FROMCLOCKPIN  shift, and go to state 674
    K_FROMCOMPPIN   shift, and go to state 675
    K_FROMIOPIN     shift, and go to state 676
    K_TOCLOCKPIN    shift, and go to state 677
    K_TOCOMPPIN     shift, and go to state 678
    K_TOIOPIN       shift, and go to state 679
    K_BEGINEXT      shift, and go to state 581


State 511

  908 partition_member: extension_stmt .

    $default  reduce using rule 908 (partition_member)


State 512

  895 partition_members: partition_members partition_member .

    $default  reduce using rule 895 (partition_members)


State 513

  955 pin_prop_terminal: '-' $@178 T_STRING . T_STRING $@179 pin_prop_options ';'

    T_STRING  shift, and go to state 680


State 514

  973 blockage_rule: '-' K_LAYER $@181 . T_STRING $@182 layer_blockage_rules

    T_STRING  shift, and go to state 681


State 515

  975 blockage_rule: '-' K_PLACEMENT $@183 . placement_comp_rules

    $default  reduce using rule 994 (placement_comp_rules)

    placement_comp_rules  go to state 682


State 516

  1010 rectPoly_blockage: K_RECT pt . pt

    '('  shift, and go to state 188

    pt  go to state 683


State 517

  1012 rectPoly_blockage: K_POLYGON $@190 . firstPt nextPt nextPt otherPts

    '('  shift, and go to state 188

    firstPt  go to state 684
    pt       go to state 190


State 518

  970 blockage_def: blockage_rule rectPoly_blockage rectPoly_blockage_rules . ';'
  1009 rectPoly_blockage_rules: rectPoly_blockage_rules . rectPoly_blockage

    K_RECT     shift, and go to state 394
    K_POLYGON  shift, and go to state 395
    ';'        shift, and go to state 685

    rectPoly_blockage  go to state 686


State 519

  1021 slot_rule: '-' K_LAYER $@191 . T_STRING $@192 geom_slot

    T_STRING  shift, and go to state 687


State 520

  1024 geom_slot: K_RECT . pt pt

    '('  shift, and go to state 188

    pt  go to state 688


State 521

  1026 geom_slot: K_POLYGON . $@193 firstPt nextPt nextPt otherPts

    $default  reduce using rule 1025 ($@193)

    $@193  go to state 689


State 522

  1018 slot_def: slot_rule geom_slot_rules ';' .

    $default  reduce using rule 1018 (slot_def)


State 523

  1023 geom_slot_rules: geom_slot_rules geom_slot .

    $default  reduce using rule 1023 (geom_slot_rules)


State 524

  1034 fill_def: '-' K_LAYER $@194 . T_STRING $@195 fill_layer_mask_opc_opt geom_fill geom_fill_rules ';'

    T_STRING  shift, and go to state 690


State 525

  1037 fill_def: '-' K_VIA $@196 . T_STRING $@197 fill_via_mask_opc_opt firstViaPt otherViaPts ';'

    T_STRING  shift, and go to state 691


State 526

  1074 nondefault_def: '-' $@201 T_STRING $@202 . nondefault_options ';'

    $default  reduce using rule 1075 (nondefault_options)

    nondefault_options  go to state 692


State 527

  1069 nondefault_end: K_END K_NONDEFAULTRULES .

    $default  reduce using rule 1069 (nondefault_end)


State 528

  1106 styles_rule: '-' K_STYLE NUMBER . $@209 firstPt nextPt otherPts ';'

    $default  reduce using rule 1105 ($@209)

    $@209  go to state 693


State 529

  115 orient: K_N .

    $default  reduce using rule 115 (orient)


State 530

  117 orient: K_S .

    $default  reduce using rule 117 (orient)


State 531

  118 orient: K_E .

    $default  reduce using rule 118 (orient)


State 532

  116 orient: K_W .

    $default  reduce using rule 116 (orient)


State 533

  119 orient: K_FN .

    $default  reduce using rule 119 (orient)


State 534

  122 orient: K_FE .

    $default  reduce using rule 122 (orient)


State 535

  121 orient: K_FS .

    $default  reduce using rule 121 (orient)


State 536

  120 orient: K_FW .

    $default  reduce using rule 120 (orient)


State 537

  112 canplace: K_CANPLACE $@26 T_STRING NUMBER NUMBER orient . K_DO NUMBER K_BY NUMBER K_STEP NUMBER NUMBER ';'

    K_DO  shift, and go to state 694


State 538

  114 cannotoccupy: K_CANNOTOCCUPY $@27 T_STRING NUMBER NUMBER orient . K_DO NUMBER K_BY NUMBER K_STEP NUMBER NUMBER ';'

    K_DO  shift, and go to state 695


State 539

  341 pt: '(' NUMBER NUMBER ')' .

    $default  reduce using rule 341 (pt)


State 540

  343 pt: '(' NUMBER '*' ')' .

    $default  reduce using rule 343 (pt)


State 541

  342 pt: '(' '*' NUMBER ')' .

    $default  reduce using rule 342 (pt)


State 542

  344 pt: '(' '*' '*' ')' .

    $default  reduce using rule 344 (pt)


State 543

  124 die_area: K_DIEAREA $@28 firstPt nextPt otherPts ';' .

    $default  reduce using rule 124 (die_area)


State 544

  340 otherPts: otherPts nextPt .

    $default  reduce using rule 340 (otherPts)


State 545

  306 gcellgrid: K_GCELLGRID track_type NUMBER K_DO NUMBER K_STEP . NUMBER ';'

    NUMBER  shift, and go to state 696


State 546

  265 row_rule: K_ROW $@48 T_STRING T_STRING NUMBER NUMBER . orient $@49 row_do_option row_options ';'

    K_N   shift, and go to state 529
    K_S   shift, and go to state 530
    K_E   shift, and go to state 531
    K_W   shift, and go to state 532
    K_FN  shift, and go to state 533
    K_FE  shift, and go to state 534
    K_FS  shift, and go to state 535
    K_FW  shift, and go to state 536

    orient  go to state 697


State 547

   65 property_def: K_DESIGN $@7 T_STRING . property_type_and_val ';'

    K_STRING         shift, and go to state 698
    K_REAL           shift, and go to state 699
    K_INTEGER        shift, and go to state 700
    K_NAMEMAPSTRING  shift, and go to state 701

    property_type_and_val  go to state 702


State 548

   87 property_def: K_PINSHAPE $@18 T_STRING . property_type_and_val ';'

    K_STRING         shift, and go to state 698
    K_REAL           shift, and go to state 699
    K_INTEGER        shift, and go to state 700
    K_NAMEMAPSTRING  shift, and go to state 701

    property_type_and_val  go to state 703


State 549

   77 property_def: K_ROW $@13 T_STRING . property_type_and_val ';'

    K_STRING         shift, and go to state 698
    K_REAL           shift, and go to state 699
    K_INTEGER        shift, and go to state 700
    K_NAMEMAPSTRING  shift, and go to state 701

    property_type_and_val  go to state 704


State 550

   71 property_def: K_REGION $@10 T_STRING . property_type_and_val ';'

    K_STRING         shift, and go to state 698
    K_REAL           shift, and go to state 699
    K_INTEGER        shift, and go to state 700
    K_NAMEMAPSTRING  shift, and go to state 701

    property_type_and_val  go to state 705


State 551

   81 property_def: K_NONDEFAULTRULE $@15 T_STRING . property_type_and_val ';'

    K_STRING         shift, and go to state 698
    K_REAL           shift, and go to state 699
    K_INTEGER        shift, and go to state 700
    K_NAMEMAPSTRING  shift, and go to state 701

    property_type_and_val  go to state 706


State 552

   73 property_def: K_GROUP $@11 T_STRING . property_type_and_val ';'

    K_STRING         shift, and go to state 698
    K_REAL           shift, and go to state 699
    K_INTEGER        shift, and go to state 700
    K_NAMEMAPSTRING  shift, and go to state 701

    property_type_and_val  go to state 707


State 553

   67 property_def: K_NET $@8 T_STRING . property_type_and_val ';'

    K_STRING         shift, and go to state 698
    K_REAL           shift, and go to state 699
    K_INTEGER        shift, and go to state 700
    K_NAMEMAPSTRING  shift, and go to state 701

    property_type_and_val  go to state 708


State 554

   85 property_def: K_PIN $@17 T_STRING . property_type_and_val ';'

    K_STRING         shift, and go to state 698
    K_REAL           shift, and go to state 699
    K_INTEGER        shift, and go to state 700
    K_NAMEMAPSTRING  shift, and go to state 701

    property_type_and_val  go to state 709


State 555

   75 property_def: K_COMPONENT $@12 T_STRING . property_type_and_val ';'

    K_STRING         shift, and go to state 698
    K_REAL           shift, and go to state 699
    K_INTEGER        shift, and go to state 700
    K_NAMEMAPSTRING  shift, and go to state 701

    property_type_and_val  go to state 710


State 556

   69 property_def: K_SNET $@9 T_STRING . property_type_and_val ';'

    K_STRING         shift, and go to state 698
    K_REAL           shift, and go to state 699
    K_INTEGER        shift, and go to state 700
    K_NAMEMAPSTRING  shift, and go to state 701

    property_type_and_val  go to state 711


State 557

   79 property_def: K_COMPONENTPIN $@14 T_STRING . property_type_and_val ';'

    K_STRING         shift, and go to state 698
    K_REAL           shift, and go to state 699
    K_INTEGER        shift, and go to state 700
    K_NAMEMAPSTRING  shift, and go to state 701

    property_type_and_val  go to state 712


State 558

   95 property_def: K_VIA $@22 T_STRING . property_type_and_val ';'

    K_STRING         shift, and go to state 698
    K_REAL           shift, and go to state 699
    K_INTEGER        shift, and go to state 700
    K_NAMEMAPSTRING  shift, and go to state 701

    property_type_and_val  go to state 713


State 559

   83 property_def: K_BLOCKAGE $@16 T_STRING . property_type_and_val ';'

    K_STRING         shift, and go to state 698
    K_REAL           shift, and go to state 699
    K_INTEGER        shift, and go to state 700
    K_NAMEMAPSTRING  shift, and go to state 701

    property_type_and_val  go to state 714


State 560

   89 property_def: K_ROUTE $@19 T_STRING . property_type_and_val ';'

    K_STRING         shift, and go to state 698
    K_REAL           shift, and go to state 699
    K_INTEGER        shift, and go to state 700
    K_NAMEMAPSTRING  shift, and go to state 701

    property_type_and_val  go to state 715


State 561

   91 property_def: K_SCANCHAIN $@20 T_STRING . property_type_and_val ';'

    K_STRING         shift, and go to state 698
    K_REAL           shift, and go to state 699
    K_INTEGER        shift, and go to state 700
    K_NAMEMAPSTRING  shift, and go to state 701

    property_type_and_val  go to state 716


State 562

   93 property_def: K_SPECIALROUTE $@21 T_STRING . property_type_and_val ';'

    K_STRING         shift, and go to state 698
    K_REAL           shift, and go to state 699
    K_INTEGER        shift, and go to state 700
    K_NAMEMAPSTRING  shift, and go to state 701

    property_type_and_val  go to state 717


State 563

   97 property_def: K_TRACK $@23 T_STRING . property_type_and_val ';'

    K_STRING         shift, and go to state 698
    K_REAL           shift, and go to state 699
    K_INTEGER        shift, and go to state 700
    K_NAMEMAPSTRING  shift, and go to state 701

    property_type_and_val  go to state 718


State 564

  129 pin_cap: K_MINPINS NUMBER K_WIRECAP NUMBER . ';'

    ';'  shift, and go to state 719


State 565

  138 pin: '-' $@29 T_STRING '+' . K_NET $@30 T_STRING $@31 pin_options ';'

    K_NET  shift, and go to state 720


State 566

  280 tracks_rule: track_start NUMBER $@51 K_DO NUMBER K_STEP . NUMBER track_opts ';'

    NUMBER  shift, and go to state 721


State 567

  315 via_declaration: '-' $@55 T_STRING $@56 . layer_stmts ';'

    $default  reduce using rule 316 (layer_stmts)

    layer_stmts  go to state 722


State 568

  354 regions_stmt: '-' $@65 T_STRING $@66 . rect_list region_options ';'

    '('  shift, and go to state 188

    pt         go to state 723
    rect_list  go to state 724


State 569

  381 comp_id_and_name: '-' $@69 T_STRING T_STRING .

    $default  reduce using rule 381 (comp_id_and_name)


State 570

  405 comp_generate: '+' K_COMP_GEN . $@71 T_STRING opt_pattern

    $default  reduce using rule 404 ($@71)

    $@71  go to state 725


State 571

  408 comp_source: '+' K_SOURCE . source_type

    K_NETLIST  shift, and go to state 726
    K_DIST     shift, and go to state 727
    K_USER     shift, and go to state 728
    K_TIMING   shift, and go to state 729

    source_type  go to state 730


State 572

  447 weight: '+' K_WEIGHT . NUMBER

    NUMBER  shift, and go to state 731


State 573

  403 comp_eeq: '+' K_EEQMASTER . $@70 T_STRING

    $default  reduce using rule 402 ($@70)

    $@70  go to state 732


State 574

  440 placement_status: '+' K_FIXED .

    $default  reduce using rule 440 (placement_status)


State 575

  441 placement_status: '+' K_COVER .

    $default  reduce using rule 441 (placement_status)


State 576

  436 comp_type: '+' K_UNPLACED .
  437          | '+' K_UNPLACED . pt orient

    '('  shift, and go to state 188

    $default  reduce using rule 436 (comp_type)

    pt  go to state 733


State 577

  442 placement_status: '+' K_PLACED .

    $default  reduce using rule 442 (placement_status)


State 578

  432 comp_foreign: '+' K_FOREIGN . $@75 T_STRING opt_paren orient

    $default  reduce using rule 431 ($@75)

    $@75  go to state 734


State 579

  430 comp_region_start: '+' K_REGION .

    $default  reduce using rule 430 (comp_region_start)


State 580

  424 comp_property: '+' K_PROPERTY . $@74 comp_prop_list

    $default  reduce using rule 423 ($@74)

    $@74  go to state 735


State 581

  308 extension_stmt: '+' K_BEGINEXT .

    $default  reduce using rule 308 (extension_stmt)


State 582

  439 maskShift: '+' K_MASKSHIFT . $@76 T_STRING

    $default  reduce using rule 438 ($@76)

    $@76  go to state 736


State 583

  418 comp_halo: '+' K_HALO . $@72 halo_soft NUMBER NUMBER NUMBER NUMBER

    $default  reduce using rule 417 ($@72)

    $@72  go to state 737


State 584

  446 comp_physical: '+' K_PHYSICAL .

    $default  reduce using rule 446 (comp_physical)


State 585

  445 comp_pinprop: '+' K_PINPROPERTY . $@77 T_STRING prop_name_value

    $default  reduce using rule 444 ($@77)

    $@77  go to state 738


State 586

  443 placement_status: '+' K_SOFTFIXED .

    $default  reduce using rule 443 (placement_status)


State 587

  422 comp_routehalo: '+' K_ROUTEHALO . NUMBER $@73 T_STRING T_STRING

    NUMBER  shift, and go to state 739


State 588

  414 comp_region: comp_region_start T_STRING .

    $default  reduce using rule 414 (comp_region)


State 589

  415 comp_pnt_list: pt . pt

    '('  shift, and go to state 188

    pt  go to state 740


State 590

  413 comp_region: comp_region_start comp_pnt_list .
  416 comp_pnt_list: comp_pnt_list . pt pt

    '('  shift, and go to state 188

    $default  reduce using rule 413 (comp_region)

    pt  go to state 741


State 591

  435 comp_type: placement_status pt . orient

    K_N   shift, and go to state 529
    K_S   shift, and go to state 530
    K_E   shift, and go to state 531
    K_W   shift, and go to state 532
    K_FN  shift, and go to state 533
    K_FE  shift, and go to state 534
    K_FS  shift, and go to state 535
    K_FW  shift, and go to state 536

    orient  go to state 742


State 592

  458 net_name: T_STRING $@79 . net_connections

    $default  reduce using rule 461 (net_connections)

    net_connections  go to state 743


State 593

  460 net_name: K_MUSTJOIN '(' . T_STRING $@80 T_STRING ')'

    T_STRING  shift, and go to state 744


State 594

  476 net_option: '+' K_SOURCE . netsource_type

    K_TEST     shift, and go to state 745
    K_NETLIST  shift, and go to state 746
    K_DIST     shift, and go to state 747
    K_USER     shift, and go to state 748
    K_TIMING   shift, and go to state 749

    netsource_type  go to state 750


State 595

  483 net_option: '+' K_WEIGHT . NUMBER

    NUMBER  shift, and go to state 751


State 596

  518 net_type: K_FIXED .

    $default  reduce using rule 518 (net_type)


State 597

  519 net_type: K_COVER .

    $default  reduce using rule 519 (net_type)


State 598

  481 net_option: '+' K_ORIGINAL . $@86 T_STRING

    $default  reduce using rule 480 ($@86)

    $@86  go to state 752


State 599

  486 net_option: '+' K_USE . use_type

    K_SIGNAL  shift, and go to state 753
    K_POWER   shift, and go to state 754
    K_GROUND  shift, and go to state 755
    K_CLOCK   shift, and go to state 756
    K_TIEOFF  shift, and go to state 757
    K_ANALOG  shift, and go to state 758
    K_SCAN    shift, and go to state 759
    K_RESET   shift, and go to state 760

    use_type  go to state 761


State 600

  487 net_option: '+' K_STYLE . NUMBER

    NUMBER  shift, and go to state 762


State 601

  482 net_option: '+' K_PATTERN . nets_pattern_type

    K_WIREDLOGIC  shift, and go to state 763
    K_BALANCED    shift, and go to state 764
    K_STEINER     shift, and go to state 765
    K_TRUNK       shift, and go to state 766

    nets_pattern_type  go to state 767


State 602

  485 net_option: '+' K_ESTCAP . NUMBER

    NUMBER  shift, and go to state 768


State 603

  520 net_type: K_ROUTED .

    $default  reduce using rule 520 (net_type)


State 604

  489 net_option: '+' K_NONDEFAULTRULE . $@87 T_STRING

    $default  reduce using rule 488 ($@87)

    $@87  go to state 769


State 605

  509 vpin_begin: '+' K_VPIN . $@95 T_STRING

    $default  reduce using rule 508 ($@95)

    $@95  go to state 770


State 606

  497 net_option: '+' K_SUBNET . $@90 T_STRING $@91 comp_names $@92 subnet_options

    $default  reduce using rule 494 ($@90)

    $@90  go to state 771


State 607

  484 net_option: '+' K_XTALK . NUMBER

    NUMBER  shift, and go to state 772


State 608

  499 net_option: '+' K_PROPERTY . $@93 net_prop_name_values

    $default  reduce using rule 498 ($@93)

    $@93  go to state 773


State 609

  493 net_option: '+' K_SHIELDNET . $@88 T_STRING $@89

    $default  reduce using rule 491 ($@88)

    $@88  go to state 774


State 610

  521 net_type: K_NOSHIELD .

    $default  reduce using rule 521 (net_type)


State 611

  477 net_option: '+' K_FIXEDBUMP .

    $default  reduce using rule 477 (net_option)


State 612

  479 net_option: '+' K_FREQUENCY . $@85 NUMBER

    $default  reduce using rule 478 ($@85)

    $@85  go to state 775


State 613

  475 net_option: '+' net_type . $@84 opt_wire

    $default  reduce using rule 474 ($@84)

    $@84  go to state 776


State 614

  512 vpin_layer_opt: K_LAYER . $@96 T_STRING

    $default  reduce using rule 511 ($@96)

    $@96  go to state 777


State 615

  507 vpin_stmt: vpin_begin vpin_layer_opt . pt pt $@94 vpin_options

    '('  shift, and go to state 188

    pt  go to state 778


State 616

  622 snet_other_option: '+' K_RECT . $@111 T_STRING pt pt

    $default  reduce using rule 621 ($@111)

    $@111  go to state 779


State 617

  626 snet_other_option: '+' K_SOURCE . source_type

    K_NETLIST  shift, and go to state 726
    K_DIST     shift, and go to state 727
    K_USER     shift, and go to state 728
    K_TIMING   shift, and go to state 729

    source_type  go to state 780


State 618

  632 snet_other_option: '+' K_WEIGHT . NUMBER

    NUMBER  shift, and go to state 781


State 619

  637 snet_type: K_FIXED .

    $default  reduce using rule 637 (snet_type)


State 620

  638 snet_type: K_COVER .

    $default  reduce using rule 638 (snet_type)


State 621

  630 snet_other_option: '+' K_ORIGINAL . $@114 T_STRING

    $default  reduce using rule 629 ($@114)

    $@114  go to state 782


State 622

  634 snet_other_option: '+' K_USE . use_type

    K_SIGNAL  shift, and go to state 753
    K_POWER   shift, and go to state 754
    K_GROUND  shift, and go to state 755
    K_CLOCK   shift, and go to state 756
    K_TIEOFF  shift, and go to state 757
    K_ANALOG  shift, and go to state 758
    K_SCAN    shift, and go to state 759
    K_RESET   shift, and go to state 760

    use_type  go to state 783


State 623

  635 snet_other_option: '+' K_STYLE . NUMBER

    NUMBER  shift, and go to state 784


State 624

  631 snet_other_option: '+' K_PATTERN . snets_pattern_type

    K_WIREDLOGIC  shift, and go to state 785
    K_BALANCED    shift, and go to state 786
    K_STEINER     shift, and go to state 787
    K_TRUNK       shift, and go to state 788

    snets_pattern_type  go to state 789


State 625

  633 snet_other_option: '+' K_ESTCAP . NUMBER

    NUMBER  shift, and go to state 790


State 626

  639 snet_type: K_ROUTED .

    $default  reduce using rule 639 (snet_type)


State 627

  614 snet_other_option: '+' K_SHAPE . shape_type

    K_RING          shift, and go to state 791
    K_STRIPE        shift, and go to state 792
    K_FOLLOWPIN     shift, and go to state 793
    K_IOWIRE        shift, and go to state 794
    K_COREWIRE      shift, and go to state 795
    K_BLOCKWIRE     shift, and go to state 796
    K_FILLWIRE      shift, and go to state 797
    K_BLOCKAGEWIRE  shift, and go to state 798
    K_PADRING       shift, and go to state 799
    K_BLOCKRING     shift, and go to state 800
    K_DRCFILL       shift, and go to state 801
    K_FILLWIREOPC   shift, and go to state 802

    shape_type  go to state 803


State 628

  645 snet_width: '+' K_WIDTH . $@116 T_STRING NUMBER

    $default  reduce using rule 644 ($@116)

    $@116  go to state 804


State 629

  647 snet_voltage: '+' K_VOLTAGE . $@117 T_STRING

    $default  reduce using rule 646 ($@117)

    $@117  go to state 805


State 630

  650 snet_spacing: '+' K_SPACING . $@118 T_STRING NUMBER $@119 opt_snet_range

    $default  reduce using rule 648 ($@118)

    $@118  go to state 806


State 631

  617 snet_other_option: '+' K_PROPERTY . $@108 net_prop_name_values

    $default  reduce using rule 616 ($@108)

    $@108  go to state 807


State 632

  615 snet_other_option: '+' K_MASK . NUMBER

    NUMBER  shift, and go to state 808


State 633

  641 snet_type: K_SHIELD . $@115 T_STRING

    $default  reduce using rule 640 ($@115)

    $@115  go to state 809


State 634

  627 snet_other_option: '+' K_FIXEDBUMP .

    $default  reduce using rule 627 (snet_other_option)


State 635

  628 snet_other_option: '+' K_FREQUENCY . NUMBER

    NUMBER  shift, and go to state 810


State 636

  620 snet_other_option: '+' K_POLYGON . $@109 T_STRING $@110 firstPt nextPt nextPt otherPts

    $default  reduce using rule 618 ($@109)

    $@109  go to state 811


State 637

  625 snet_other_option: '+' K_VIA . $@112 T_STRING orient_pt $@113 firstPt otherPts

    $default  reduce using rule 623 ($@112)

    $@112  go to state 812


State 638

  613 snet_other_option: '+' snet_type . $@107 opt_swire

    $default  reduce using rule 612 ($@107)

    $@107  go to state 813


State 639

  681 group_rule: start_group group_members group_options ';' .

    $default  reduce using rule 681 (group_rule)


State 640

  308 extension_stmt: '+' . K_BEGINEXT
  689 group_option: '+' . K_SOFT group_soft_options
  691             | '+' . K_PROPERTY $@126 group_prop_list
  693             | '+' . K_REGION $@127 group_region
  695             | '+' . K_POWERDOMAIN
  697             | '+' . K_HINSTS $@128 group_hinsts
  699             | '+' . K_COMPS $@129 group_components
  701             | '+' . K_GROUPS $@130 group_groups

    K_COMPS        shift, and go to state 814
    K_REGION       shift, and go to state 815
    K_GROUPS       shift, and go to state 816
    K_SOFT         shift, and go to state 817
    K_POWERDOMAIN  shift, and go to state 818
    K_HINSTS       shift, and go to state 819
    K_PROPERTY     shift, and go to state 820
    K_BEGINEXT     shift, and go to state 581


State 641

  694 group_option: extension_stmt .

    $default  reduce using rule 694 (group_option)


State 642

  688 group_options: group_options group_option .

    $default  reduce using rule 688 (group_options)


State 643

  734 operand: K_NET $@131 T_STRING .

    $default  reduce using rule 734 (operand)


State 644

  736 operand: K_PATH $@132 T_STRING . T_STRING T_STRING T_STRING

    T_STRING  shift, and go to state 821


State 645

  739 operand_list: operand .

    $default  reduce using rule 739 (operand_list)


State 646

  737 operand: K_SUM '(' operand_list . ')'
  740 operand_list: operand_list . operand
  741             | operand_list . ',' operand

    K_NET   shift, and go to state 366
    K_PATH  shift, and go to state 367
    K_SUM   shift, and go to state 368
    K_DIFF  shift, and go to state 369
    ')'     shift, and go to state 822
    ','     shift, and go to state 823

    operand  go to state 824


State 647

  738 operand: K_DIFF '(' operand_list . ')'
  740 operand_list: operand_list . operand
  741             | operand_list . ',' operand

    K_NET   shift, and go to state 366
    K_PATH  shift, and go to state 367
    K_SUM   shift, and go to state 368
    K_DIFF  shift, and go to state 369
    ')'     shift, and go to state 825
    ','     shift, and go to state 823

    operand  go to state 824


State 648

  743 wiredlogic_rule: '-' K_WIREDLOGIC $@133 T_STRING . opt_plus K_MAXDIST NUMBER ';'

    '+'  shift, and go to state 826

    $default  reduce using rule 744 (opt_plus)

    opt_plus  go to state 827


State 649

  732 operand_rule: '-' operand delay_specs ';' .

    $default  reduce using rule 732 (operand_rule)


State 650

  748 delay_spec: '+' . K_RISEMIN NUMBER
  749           | '+' . K_RISEMAX NUMBER
  750           | '+' . K_FALLMIN NUMBER
  751           | '+' . K_FALLMAX NUMBER

    K_RISEMIN  shift, and go to state 828
    K_RISEMAX  shift, and go to state 829
    K_FALLMIN  shift, and go to state 830
    K_FALLMAX  shift, and go to state 831


State 651

  747 delay_specs: delay_specs delay_spec .

    $default  reduce using rule 747 (delay_specs)


State 652

  783 scan_member: '+' K_NAME . $@143 T_STRING $@144 ordered_inst_list_opt

    $default  reduce using rule 781 ($@143)

    $@143  go to state 832


State 653

  766 scan_member: '+' K_START . $@135 T_STRING opt_pin

    $default  reduce using rule 765 ($@135)

    $@135  go to state 833


State 654

  768 scan_member: '+' K_FLOATING . $@136 floating_inst_list

    $default  reduce using rule 767 ($@136)

    $@136  go to state 834


State 655

  770 scan_member: '+' K_ORDERED . $@137 ordered_inst_list_opt

    $default  reduce using rule 769 ($@137)

    $@137  go to state 835


State 656

  772 scan_member: '+' K_STOP . $@138 T_STRING opt_pin

    $default  reduce using rule 771 ($@138)

    $@138  go to state 836


State 657

  780 scan_member: '+' K_PROPERTY . $@141 prop_name_value $@142 ordered_inst_list_opt

    $default  reduce using rule 778 ($@141)

    $@141  go to state 837


State 658

  774 scan_member: '+' K_COMMONSCANPINS . $@139 opt_common_pins

    $default  reduce using rule 773 ($@139)

    $@139  go to state 838


State 659

  776 scan_member: '+' K_PARTITION . $@140 T_STRING partition_maxbits

    $default  reduce using rule 775 ($@140)

    $@140  go to state 839


State 660

  815 start_iotiming: '-' '(' $@148 T_STRING . T_STRING ')'

    T_STRING  shift, and go to state 840


State 661

  833 risefall: K_RISE .

    $default  reduce using rule 833 (risefall)


State 662

  834 risefall: K_FALL .

    $default  reduce using rule 834 (risefall)


State 663

  820 iotiming_member: '+' K_CAPACITANCE . NUMBER

    NUMBER  shift, and go to state 841


State 664

  823 iotiming_member: '+' K_DRIVECELL . $@149 T_STRING $@150 iotiming_drivecell_opt

    $default  reduce using rule 821 ($@149)

    $@149  go to state 842


State 665

  818 iotiming_member: '+' risefall . K_VARIABLE NUMBER NUMBER
  819                | '+' risefall . K_SLEWRATE NUMBER NUMBER

    K_VARIABLE  shift, and go to state 843
    K_SLEWRATE  shift, and go to state 844


State 666

  843 h_or_v: K_HORIZONTAL .

    $default  reduce using rule 843 (h_or_v)


State 667

  844 h_or_v: K_VERTICAL .

    $default  reduce using rule 844 (h_or_v)


State 668

  842 fp_stmt: '-' $@154 T_STRING h_or_v . $@155 constraint_type constrain_what_list ';'

    $default  reduce using rule 841 ($@155)

    $@155  go to state 845


State 669

  867 timingdisables_rule: '-' K_FROMPIN $@160 T_STRING . T_STRING K_TOPIN $@161 T_STRING T_STRING ';'

    T_STRING  shift, and go to state 846


State 670

  869 timingdisables_rule: '-' K_THRUPIN $@162 T_STRING . T_STRING ';'

    T_STRING  shift, and go to state 847


State 671

  871 timingdisables_rule: '-' K_MACRO $@163 T_STRING . td_macro_option ';'

    K_FROMPIN  shift, and go to state 848
    K_THRUPIN  shift, and go to state 849

    td_macro_option  go to state 850


State 672

  887 turnoff: K_TURNOFF . turnoff_setup turnoff_hold

    K_SETUPRISE  shift, and go to state 851
    K_SETUPFALL  shift, and go to state 852

    $default  reduce using rule 888 (turnoff_setup)

    turnoff_setup  go to state 853


State 673

  885 start_partition: '-' $@167 T_STRING turnoff .

    $default  reduce using rule 885 (start_partition)


State 674

  897 partition_member: '+' K_FROMCLOCKPIN . $@168 T_STRING T_STRING risefall minmaxpins

    $default  reduce using rule 896 ($@168)

    $@168  go to state 854


State 675

  899 partition_member: '+' K_FROMCOMPPIN . $@169 T_STRING T_STRING risefallminmax2_list

    $default  reduce using rule 898 ($@169)

    $@169  go to state 855


State 676

  901 partition_member: '+' K_FROMIOPIN . $@170 T_STRING risefallminmax1_list

    $default  reduce using rule 900 ($@170)

    $@170  go to state 856


State 677

  903 partition_member: '+' K_TOCLOCKPIN . $@171 T_STRING T_STRING risefall minmaxpins

    $default  reduce using rule 902 ($@171)

    $@171  go to state 857


State 678

  905 partition_member: '+' K_TOCOMPPIN . $@172 T_STRING T_STRING risefallminmax2_list

    $default  reduce using rule 904 ($@172)

    $@172  go to state 858


State 679

  907 partition_member: '+' K_TOIOPIN . $@173 T_STRING risefallminmax1_list

    $default  reduce using rule 906 ($@173)

    $@173  go to state 859


State 680

  955 pin_prop_terminal: '-' $@178 T_STRING T_STRING . $@179 pin_prop_options ';'

    $default  reduce using rule 954 ($@179)

    $@179  go to state 860


State 681

  973 blockage_rule: '-' K_LAYER $@181 T_STRING . $@182 layer_blockage_rules

    $default  reduce using rule 972 ($@182)

    $@182  go to state 861


State 682

  975 blockage_rule: '-' K_PLACEMENT $@183 placement_comp_rules .
  995 placement_comp_rules: placement_comp_rules . placement_comp_rule

    '+'  shift, and go to state 862

    $default  reduce using rule 975 (blockage_rule)

    placement_comp_rule  go to state 863


State 683

  1010 rectPoly_blockage: K_RECT pt pt .

    $default  reduce using rule 1010 (rectPoly_blockage)


State 684

  1012 rectPoly_blockage: K_POLYGON $@190 firstPt . nextPt nextPt otherPts

    '('  shift, and go to state 188

    nextPt  go to state 864
    pt      go to state 318


State 685

  970 blockage_def: blockage_rule rectPoly_blockage rectPoly_blockage_rules ';' .

    $default  reduce using rule 970 (blockage_def)


State 686

  1009 rectPoly_blockage_rules: rectPoly_blockage_rules rectPoly_blockage .

    $default  reduce using rule 1009 (rectPoly_blockage_rules)


State 687

  1021 slot_rule: '-' K_LAYER $@191 T_STRING . $@192 geom_slot

    $default  reduce using rule 1020 ($@192)

    $@192  go to state 865


State 688

  1024 geom_slot: K_RECT pt . pt

    '('  shift, and go to state 188

    pt  go to state 866


State 689

  1026 geom_slot: K_POLYGON $@193 . firstPt nextPt nextPt otherPts

    '('  shift, and go to state 188

    firstPt  go to state 867
    pt       go to state 190


State 690

  1034 fill_def: '-' K_LAYER $@194 T_STRING . $@195 fill_layer_mask_opc_opt geom_fill geom_fill_rules ';'

    $default  reduce using rule 1033 ($@195)

    $@195  go to state 868


State 691

  1037 fill_def: '-' K_VIA $@196 T_STRING . $@197 fill_via_mask_opc_opt firstViaPt otherViaPts ';'

    $default  reduce using rule 1036 ($@197)

    $@197  go to state 869


State 692

  1074 nondefault_def: '-' $@201 T_STRING $@202 nondefault_options . ';'
  1076 nondefault_options: nondefault_options . nondefault_option

    ';'  shift, and go to state 870
    '+'  shift, and go to state 871

    nondefault_option    go to state 872
    nondefault_prop_opt  go to state 873


State 693

  1106 styles_rule: '-' K_STYLE NUMBER $@209 . firstPt nextPt otherPts ';'

    '('  shift, and go to state 188

    firstPt  go to state 874
    pt       go to state 190


State 694

  112 canplace: K_CANPLACE $@26 T_STRING NUMBER NUMBER orient K_DO . NUMBER K_BY NUMBER K_STEP NUMBER NUMBER ';'

    NUMBER  shift, and go to state 875


State 695

  114 cannotoccupy: K_CANNOTOCCUPY $@27 T_STRING NUMBER NUMBER orient K_DO . NUMBER K_BY NUMBER K_STEP NUMBER NUMBER ';'

    NUMBER  shift, and go to state 876


State 696

  306 gcellgrid: K_GCELLGRID track_type NUMBER K_DO NUMBER K_STEP NUMBER . ';'

    ';'  shift, and go to state 877


State 697

  265 row_rule: K_ROW $@48 T_STRING T_STRING NUMBER NUMBER orient . $@49 row_do_option row_options ';'

    $default  reduce using rule 264 ($@49)

    $@49  go to state 878


State 698

  103 property_type_and_val: K_STRING .
  104                      | K_STRING . QSTRING

    QSTRING  shift, and go to state 879

    $default  reduce using rule 103 (property_type_and_val)


State 699

  102 property_type_and_val: K_REAL . $@25 opt_range opt_num_val

    $default  reduce using rule 101 ($@25)

    $@25  go to state 880


State 700

  100 property_type_and_val: K_INTEGER . $@24 opt_range opt_num_val

    $default  reduce using rule 99 ($@24)

    $@24  go to state 881


State 701

  105 property_type_and_val: K_NAMEMAPSTRING . T_STRING

    T_STRING  shift, and go to state 882


State 702

   65 property_def: K_DESIGN $@7 T_STRING property_type_and_val . ';'

    ';'  shift, and go to state 883


State 703

   87 property_def: K_PINSHAPE $@18 T_STRING property_type_and_val . ';'

    ';'  shift, and go to state 884


State 704

   77 property_def: K_ROW $@13 T_STRING property_type_and_val . ';'

    ';'  shift, and go to state 885


State 705

   71 property_def: K_REGION $@10 T_STRING property_type_and_val . ';'

    ';'  shift, and go to state 886


State 706

   81 property_def: K_NONDEFAULTRULE $@15 T_STRING property_type_and_val . ';'

    ';'  shift, and go to state 887


State 707

   73 property_def: K_GROUP $@11 T_STRING property_type_and_val . ';'

    ';'  shift, and go to state 888


State 708

   67 property_def: K_NET $@8 T_STRING property_type_and_val . ';'

    ';'  shift, and go to state 889


State 709

   85 property_def: K_PIN $@17 T_STRING property_type_and_val . ';'

    ';'  shift, and go to state 890


State 710

   75 property_def: K_COMPONENT $@12 T_STRING property_type_and_val . ';'

    ';'  shift, and go to state 891


State 711

   69 property_def: K_SNET $@9 T_STRING property_type_and_val . ';'

    ';'  shift, and go to state 892


State 712

   79 property_def: K_COMPONENTPIN $@14 T_STRING property_type_and_val . ';'

    ';'  shift, and go to state 893


State 713

   95 property_def: K_VIA $@22 T_STRING property_type_and_val . ';'

    ';'  shift, and go to state 894


State 714

   83 property_def: K_BLOCKAGE $@16 T_STRING property_type_and_val . ';'

    ';'  shift, and go to state 895


State 715

   89 property_def: K_ROUTE $@19 T_STRING property_type_and_val . ';'

    ';'  shift, and go to state 896


State 716

   91 property_def: K_SCANCHAIN $@20 T_STRING property_type_and_val . ';'

    ';'  shift, and go to state 897


State 717

   93 property_def: K_SPECIALROUTE $@21 T_STRING property_type_and_val . ';'

    ';'  shift, and go to state 898


State 718

   97 property_def: K_TRACK $@23 T_STRING property_type_and_val . ';'

    ';'  shift, and go to state 899


State 719

  129 pin_cap: K_MINPINS NUMBER K_WIRECAP NUMBER ';' .

    $default  reduce using rule 129 (pin_cap)


State 720

  138 pin: '-' $@29 T_STRING '+' K_NET . $@30 T_STRING $@31 pin_options ';'

    $default  reduce using rule 136 ($@30)

    $@30  go to state 900


State 721

  280 tracks_rule: track_start NUMBER $@51 K_DO NUMBER K_STEP NUMBER . track_opts ';'

    K_PROPERTY  shift, and go to state 901

    $default  reduce using rule 285 (track_opt_property_statements)

    track_opts                     go to state 902
    track_opt_property_statements  go to state 903
    track_property_statements      go to state 904
    track_property_statement       go to state 905


State 722

  315 via_declaration: '-' $@55 T_STRING $@56 layer_stmts . ';'
  317 layer_stmts: layer_stmts . layer_stmt

    ';'  shift, and go to state 906
    '+'  shift, and go to state 907

    extension_stmt      go to state 908
    layer_stmt          go to state 909
    layer_viarule_opts  go to state 910


State 723

  355 rect_list: pt . pt

    '('  shift, and go to state 188

    pt  go to state 911


State 724

  354 regions_stmt: '-' $@65 T_STRING $@66 rect_list . region_options ';'
  356 rect_list: rect_list . pt pt

    '('  shift, and go to state 188

    $default  reduce using rule 357 (region_options)

    pt              go to state 912
    region_options  go to state 913


State 725

  405 comp_generate: '+' K_COMP_GEN $@71 . T_STRING opt_pattern

    T_STRING  shift, and go to state 914


State 726

  409 source_type: K_NETLIST .

    $default  reduce using rule 409 (source_type)


State 727

  410 source_type: K_DIST .

    $default  reduce using rule 410 (source_type)


State 728

  411 source_type: K_USER .

    $default  reduce using rule 411 (source_type)


State 729

  412 source_type: K_TIMING .

    $default  reduce using rule 412 (source_type)


State 730

  408 comp_source: '+' K_SOURCE source_type .

    $default  reduce using rule 408 (comp_source)


State 731

  447 weight: '+' K_WEIGHT NUMBER .

    $default  reduce using rule 447 (weight)


State 732

  403 comp_eeq: '+' K_EEQMASTER $@70 . T_STRING

    T_STRING  shift, and go to state 915


State 733

  437 comp_type: '+' K_UNPLACED pt . orient

    K_N   shift, and go to state 529
    K_S   shift, and go to state 530
    K_E   shift, and go to state 531
    K_W   shift, and go to state 532
    K_FN  shift, and go to state 533
    K_FE  shift, and go to state 534
    K_FS  shift, and go to state 535
    K_FW  shift, and go to state 536

    orient  go to state 916


State 734

  432 comp_foreign: '+' K_FOREIGN $@75 . T_STRING opt_paren orient

    T_STRING  shift, and go to state 917


State 735

  424 comp_property: '+' K_PROPERTY $@74 . comp_prop_list

    T_STRING  shift, and go to state 918

    comp_prop_list  go to state 919
    comp_prop       go to state 920


State 736

  439 maskShift: '+' K_MASKSHIFT $@76 . T_STRING

    T_STRING  shift, and go to state 921


State 737

  418 comp_halo: '+' K_HALO $@72 . halo_soft NUMBER NUMBER NUMBER NUMBER

    K_SOFT  shift, and go to state 922

    $default  reduce using rule 419 (halo_soft)

    halo_soft  go to state 923


State 738

  445 comp_pinprop: '+' K_PINPROPERTY $@77 . T_STRING prop_name_value

    T_STRING  shift, and go to state 924


State 739

  422 comp_routehalo: '+' K_ROUTEHALO NUMBER . $@73 T_STRING T_STRING

    $default  reduce using rule 421 ($@73)

    $@73  go to state 925


State 740

  415 comp_pnt_list: pt pt .

    $default  reduce using rule 415 (comp_pnt_list)


State 741

  416 comp_pnt_list: comp_pnt_list pt . pt

    '('  shift, and go to state 188

    pt  go to state 926


State 742

  435 comp_type: placement_status pt orient .

    $default  reduce using rule 435 (comp_type)


State 743

  458 net_name: T_STRING $@79 net_connections .
  462 net_connections: net_connections . net_connection

    '('  shift, and go to state 927

    $default  reduce using rule 458 (net_name)

    net_connection  go to state 928


State 744

  460 net_name: K_MUSTJOIN '(' T_STRING . $@80 T_STRING ')'

    $default  reduce using rule 459 ($@80)

    $@80  go to state 929


State 745

  505 netsource_type: K_TEST .

    $default  reduce using rule 505 (netsource_type)


State 746

  501 netsource_type: K_NETLIST .

    $default  reduce using rule 501 (netsource_type)


State 747

  502 netsource_type: K_DIST .

    $default  reduce using rule 502 (netsource_type)


State 748

  503 netsource_type: K_USER .

    $default  reduce using rule 503 (netsource_type)


State 749

  504 netsource_type: K_TIMING .

    $default  reduce using rule 504 (netsource_type)


State 750

  476 net_option: '+' K_SOURCE netsource_type .

    $default  reduce using rule 476 (net_option)


State 751

  483 net_option: '+' K_WEIGHT NUMBER .

    $default  reduce using rule 483 (net_option)


State 752

  481 net_option: '+' K_ORIGINAL $@86 . T_STRING

    T_STRING  shift, and go to state 930


State 753

  251 use_type: K_SIGNAL .

    $default  reduce using rule 251 (use_type)


State 754

  252 use_type: K_POWER .

    $default  reduce using rule 252 (use_type)


State 755

  253 use_type: K_GROUND .

    $default  reduce using rule 253 (use_type)


State 756

  254 use_type: K_CLOCK .

    $default  reduce using rule 254 (use_type)


State 757

  255 use_type: K_TIEOFF .

    $default  reduce using rule 255 (use_type)


State 758

  256 use_type: K_ANALOG .

    $default  reduce using rule 256 (use_type)


State 759

  257 use_type: K_SCAN .

    $default  reduce using rule 257 (use_type)


State 760

  258 use_type: K_RESET .

    $default  reduce using rule 258 (use_type)


State 761

  486 net_option: '+' K_USE use_type .

    $default  reduce using rule 486 (net_option)


State 762

  487 net_option: '+' K_STYLE NUMBER .

    $default  reduce using rule 487 (net_option)


State 763

  658 nets_pattern_type: K_WIREDLOGIC .

    $default  reduce using rule 658 (nets_pattern_type)


State 764

  655 nets_pattern_type: K_BALANCED .

    $default  reduce using rule 655 (nets_pattern_type)


State 765

  656 nets_pattern_type: K_STEINER .

    $default  reduce using rule 656 (nets_pattern_type)


State 766

  657 nets_pattern_type: K_TRUNK .

    $default  reduce using rule 657 (nets_pattern_type)


State 767

  482 net_option: '+' K_PATTERN nets_pattern_type .

    $default  reduce using rule 482 (net_option)


State 768

  485 net_option: '+' K_ESTCAP NUMBER .

    $default  reduce using rule 485 (net_option)


State 769

  489 net_option: '+' K_NONDEFAULTRULE $@87 . T_STRING

    T_STRING  shift, and go to state 931


State 770

  509 vpin_begin: '+' K_VPIN $@95 . T_STRING

    T_STRING  shift, and go to state 932


State 771

  497 net_option: '+' K_SUBNET $@90 . T_STRING $@91 comp_names $@92 subnet_options

    T_STRING  shift, and go to state 933


State 772

  484 net_option: '+' K_XTALK NUMBER .

    $default  reduce using rule 484 (net_option)


State 773

  499 net_option: '+' K_PROPERTY $@93 . net_prop_name_values

    $default  reduce using rule 181 (net_prop_name_values)

    net_prop_name_values  go to state 934


State 774

  493 net_option: '+' K_SHIELDNET $@88 . T_STRING $@89

    T_STRING  shift, and go to state 935


State 775

  479 net_option: '+' K_FREQUENCY $@85 . NUMBER

    NUMBER  shift, and go to state 936


State 776

  475 net_option: '+' net_type $@84 . opt_wire

    $default  reduce using rule 522 ($@97)

    opt_wire  go to state 937
    $@97      go to state 938


State 777

  512 vpin_layer_opt: K_LAYER $@96 . T_STRING

    T_STRING  shift, and go to state 939


State 778

  507 vpin_stmt: vpin_begin vpin_layer_opt pt . pt $@94 vpin_options

    '('  shift, and go to state 188

    pt  go to state 940


State 779

  622 snet_other_option: '+' K_RECT $@111 . T_STRING pt pt

    T_STRING  shift, and go to state 941


State 780

  626 snet_other_option: '+' K_SOURCE source_type .

    $default  reduce using rule 626 (snet_other_option)


State 781

  632 snet_other_option: '+' K_WEIGHT NUMBER .

    $default  reduce using rule 632 (snet_other_option)


State 782

  630 snet_other_option: '+' K_ORIGINAL $@114 . T_STRING

    T_STRING  shift, and go to state 942


State 783

  634 snet_other_option: '+' K_USE use_type .

    $default  reduce using rule 634 (snet_other_option)


State 784

  635 snet_other_option: '+' K_STYLE NUMBER .

    $default  reduce using rule 635 (snet_other_option)


State 785

  662 snets_pattern_type: K_WIREDLOGIC .

    $default  reduce using rule 662 (snets_pattern_type)


State 786

  659 snets_pattern_type: K_BALANCED .

    $default  reduce using rule 659 (snets_pattern_type)


State 787

  660 snets_pattern_type: K_STEINER .

    $default  reduce using rule 660 (snets_pattern_type)


State 788

  661 snets_pattern_type: K_TRUNK .

    $default  reduce using rule 661 (snets_pattern_type)


State 789

  631 snet_other_option: '+' K_PATTERN snets_pattern_type .

    $default  reduce using rule 631 (snet_other_option)


State 790

  633 snet_other_option: '+' K_ESTCAP NUMBER .

    $default  reduce using rule 633 (snet_other_option)


State 791

  590 shape_type: K_RING .

    $default  reduce using rule 590 (shape_type)


State 792

  591 shape_type: K_STRIPE .

    $default  reduce using rule 591 (shape_type)


State 793

  592 shape_type: K_FOLLOWPIN .

    $default  reduce using rule 592 (shape_type)


State 794

  593 shape_type: K_IOWIRE .

    $default  reduce using rule 593 (shape_type)


State 795

  594 shape_type: K_COREWIRE .

    $default  reduce using rule 594 (shape_type)


State 796

  595 shape_type: K_BLOCKWIRE .

    $default  reduce using rule 595 (shape_type)


State 797

  596 shape_type: K_FILLWIRE .

    $default  reduce using rule 596 (shape_type)


State 798

  599 shape_type: K_BLOCKAGEWIRE .

    $default  reduce using rule 599 (shape_type)


State 799

  600 shape_type: K_PADRING .

    $default  reduce using rule 600 (shape_type)


State 800

  601 shape_type: K_BLOCKRING .

    $default  reduce using rule 601 (shape_type)


State 801

  598 shape_type: K_DRCFILL .

    $default  reduce using rule 598 (shape_type)


State 802

  597 shape_type: K_FILLWIREOPC .

    $default  reduce using rule 597 (shape_type)


State 803

  614 snet_other_option: '+' K_SHAPE shape_type .

    $default  reduce using rule 614 (snet_other_option)


State 804

  645 snet_width: '+' K_WIDTH $@116 . T_STRING NUMBER

    T_STRING  shift, and go to state 943


State 805

  647 snet_voltage: '+' K_VOLTAGE $@117 . T_STRING

    T_STRING  shift, and go to state 944


State 806

  650 snet_spacing: '+' K_SPACING $@118 . T_STRING NUMBER $@119 opt_snet_range

    T_STRING  shift, and go to state 945


State 807

  617 snet_other_option: '+' K_PROPERTY $@108 . net_prop_name_values

    $default  reduce using rule 181 (net_prop_name_values)

    net_prop_name_values  go to state 946


State 808

  615 snet_other_option: '+' K_MASK NUMBER .

    $default  reduce using rule 615 (snet_other_option)


State 809

  641 snet_type: K_SHIELD $@115 . T_STRING

    T_STRING  shift, and go to state 947


State 810

  628 snet_other_option: '+' K_FREQUENCY NUMBER .

    $default  reduce using rule 628 (snet_other_option)


State 811

  620 snet_other_option: '+' K_POLYGON $@109 . T_STRING $@110 firstPt nextPt nextPt otherPts

    T_STRING  shift, and go to state 948


State 812

  625 snet_other_option: '+' K_VIA $@112 . T_STRING orient_pt $@113 firstPt otherPts

    T_STRING  shift, and go to state 949


State 813

  613 snet_other_option: '+' snet_type $@107 . opt_swire

    T_STRING  reduce using rule 664 ($@120)
    $default  reduce using rule 663 (opt_swire)

    opt_swire  go to state 950
    $@120      go to state 951


State 814

  699 group_option: '+' K_COMPS . $@129 group_components

    $default  reduce using rule 698 ($@129)

    $@129  go to state 952


State 815

  693 group_option: '+' K_REGION . $@127 group_region

    $default  reduce using rule 692 ($@127)

    $@127  go to state 953


State 816

  701 group_option: '+' K_GROUPS . $@130 group_groups

    $default  reduce using rule 700 ($@130)

    $@130  go to state 954


State 817

  689 group_option: '+' K_SOFT . group_soft_options

    $default  reduce using rule 718 (group_soft_options)

    group_soft_options  go to state 955


State 818

  695 group_option: '+' K_POWERDOMAIN .

    $default  reduce using rule 695 (group_option)


State 819

  697 group_option: '+' K_HINSTS . $@128 group_hinsts

    $default  reduce using rule 696 ($@128)

    $@128  go to state 956


State 820

  691 group_option: '+' K_PROPERTY . $@126 group_prop_list

    $default  reduce using rule 690 ($@126)

    $@126  go to state 957


State 821

  736 operand: K_PATH $@132 T_STRING T_STRING . T_STRING T_STRING

    T_STRING  shift, and go to state 958


State 822

  737 operand: K_SUM '(' operand_list ')' .

    $default  reduce using rule 737 (operand)


State 823

  741 operand_list: operand_list ',' . operand

    K_NET   shift, and go to state 366
    K_PATH  shift, and go to state 367
    K_SUM   shift, and go to state 368
    K_DIFF  shift, and go to state 369

    operand  go to state 959


State 824

  740 operand_list: operand_list operand .

    $default  reduce using rule 740 (operand_list)


State 825

  738 operand: K_DIFF '(' operand_list ')' .

    $default  reduce using rule 738 (operand)


State 826

  745 opt_plus: '+' .

    $default  reduce using rule 745 (opt_plus)


State 827

  743 wiredlogic_rule: '-' K_WIREDLOGIC $@133 T_STRING opt_plus . K_MAXDIST NUMBER ';'

    K_MAXDIST  shift, and go to state 960


State 828

  748 delay_spec: '+' K_RISEMIN . NUMBER

    NUMBER  shift, and go to state 961


State 829

  749 delay_spec: '+' K_RISEMAX . NUMBER

    NUMBER  shift, and go to state 962


State 830

  750 delay_spec: '+' K_FALLMIN . NUMBER

    NUMBER  shift, and go to state 963


State 831

  751 delay_spec: '+' K_FALLMAX . NUMBER

    NUMBER  shift, and go to state 964


State 832

  783 scan_member: '+' K_NAME $@143 . T_STRING $@144 ordered_inst_list_opt

    T_STRING  shift, and go to state 965


State 833

  766 scan_member: '+' K_START $@135 . T_STRING opt_pin

    T_STRING  shift, and go to state 966


State 834

  768 scan_member: '+' K_FLOATING $@136 . floating_inst_list

    $default  reduce using rule 787 (floating_inst_list)

    floating_inst_list  go to state 967


State 835

  770 scan_member: '+' K_ORDERED $@137 . ordered_inst_list_opt

    T_STRING  reduce using rule 799 ($@146)
    $default  reduce using rule 795 (ordered_inst_list_opt)

    ordered_inst_list_opt  go to state 968
    ordered_inst_list      go to state 969
    one_ordered_inst       go to state 970
    $@146                  go to state 971


State 836

  772 scan_member: '+' K_STOP $@138 . T_STRING opt_pin

    T_STRING  shift, and go to state 972


State 837

  780 scan_member: '+' K_PROPERTY $@141 . prop_name_value $@142 ordered_inst_list_opt

    $default  reduce using rule 177 ($@43)

    prop_name_value  go to state 973
    $@43             go to state 974


State 838

  774 scan_member: '+' K_COMMONSCANPINS $@139 . opt_common_pins

    '('  shift, and go to state 975

    $default  reduce using rule 784 (opt_common_pins)

    opt_common_pins  go to state 976


State 839

  776 scan_member: '+' K_PARTITION $@140 . T_STRING partition_maxbits

    T_STRING  shift, and go to state 977


State 840

  815 start_iotiming: '-' '(' $@148 T_STRING T_STRING . ')'

    ')'  shift, and go to state 978


State 841

  820 iotiming_member: '+' K_CAPACITANCE NUMBER .

    $default  reduce using rule 820 (iotiming_member)


State 842

  823 iotiming_member: '+' K_DRIVECELL $@149 . T_STRING $@150 iotiming_drivecell_opt

    T_STRING  shift, and go to state 979


State 843

  818 iotiming_member: '+' risefall K_VARIABLE . NUMBER NUMBER

    NUMBER  shift, and go to state 980


State 844

  819 iotiming_member: '+' risefall K_SLEWRATE . NUMBER NUMBER

    NUMBER  shift, and go to state 981


State 845

  842 fp_stmt: '-' $@154 T_STRING h_or_v $@155 . constraint_type constrain_what_list ';'

    K_ALIGN  shift, and go to state 982
    K_MIN    shift, and go to state 983
    K_MAX    shift, and go to state 984
    K_EQUAL  shift, and go to state 985

    constraint_type  go to state 986


State 846

  867 timingdisables_rule: '-' K_FROMPIN $@160 T_STRING T_STRING . K_TOPIN $@161 T_STRING T_STRING ';'

    K_TOPIN  shift, and go to state 987


State 847

  869 timingdisables_rule: '-' K_THRUPIN $@162 T_STRING T_STRING . ';'

    ';'  shift, and go to state 988


State 848

  875 td_macro_option: K_FROMPIN . $@164 T_STRING K_TOPIN $@165 T_STRING

    $default  reduce using rule 873 ($@164)

    $@164  go to state 989


State 849

  877 td_macro_option: K_THRUPIN . $@166 T_STRING

    $default  reduce using rule 876 ($@166)

    $@166  go to state 990


State 850

  871 timingdisables_rule: '-' K_MACRO $@163 T_STRING td_macro_option . ';'

    ';'  shift, and go to state 991


State 851

  889 turnoff_setup: K_SETUPRISE .

    $default  reduce using rule 889 (turnoff_setup)


State 852

  890 turnoff_setup: K_SETUPFALL .

    $default  reduce using rule 890 (turnoff_setup)


State 853

  887 turnoff: K_TURNOFF turnoff_setup . turnoff_hold

    K_HOLDRISE  shift, and go to state 992
    K_HOLDFALL  shift, and go to state 993

    $default  reduce using rule 891 (turnoff_hold)

    turnoff_hold  go to state 994


State 854

  897 partition_member: '+' K_FROMCLOCKPIN $@168 . T_STRING T_STRING risefall minmaxpins

    T_STRING  shift, and go to state 995


State 855

  899 partition_member: '+' K_FROMCOMPPIN $@169 . T_STRING T_STRING risefallminmax2_list

    T_STRING  shift, and go to state 996


State 856

  901 partition_member: '+' K_FROMIOPIN $@170 . T_STRING risefallminmax1_list

    T_STRING  shift, and go to state 997


State 857

  903 partition_member: '+' K_TOCLOCKPIN $@171 . T_STRING T_STRING risefall minmaxpins

    T_STRING  shift, and go to state 998


State 858

  905 partition_member: '+' K_TOCOMPPIN $@172 . T_STRING T_STRING risefallminmax2_list

    T_STRING  shift, and go to state 999


State 859

  907 partition_member: '+' K_TOIOPIN $@173 . T_STRING risefallminmax1_list

    T_STRING  shift, and go to state 1000


State 860

  955 pin_prop_terminal: '-' $@178 T_STRING T_STRING $@179 . pin_prop_options ';'

    $default  reduce using rule 956 (pin_prop_options)

    pin_prop_options  go to state 1001


State 861

  973 blockage_rule: '-' K_LAYER $@181 T_STRING $@182 . layer_blockage_rules

    $default  reduce using rule 976 (layer_blockage_rules)

    layer_blockage_rules  go to state 1002


State 862

  997 placement_comp_rule: '+' . K_COMPONENT $@187 T_STRING
  999                    | '+' . K_NAME $@188 T_STRING
  1001                    | '+' . K_PROPERTY $@189 prop_name_value
  1002                    | '+' . K_ONLYBLOCKS
  1003                    | '+' . K_PUSHDOWN
  1004                    | '+' . K_SOFT
  1005                    | '+' . K_SOFT NUMBER
  1006                    | '+' . K_PARTIAL NUMBER
  1007                    | '+' . K_PARTIAL NUMBER K_NOFLOPS

    K_NAME        shift, and go to state 1003
    K_SOFT        shift, and go to state 1004
    K_PROPERTY    shift, and go to state 1005
    K_COMPONENT   shift, and go to state 1006
    K_ONLYBLOCKS  shift, and go to state 1007
    K_PUSHDOWN    shift, and go to state 1008
    K_PARTIAL     shift, and go to state 1009


State 863

  995 placement_comp_rules: placement_comp_rules placement_comp_rule .

    $default  reduce using rule 995 (placement_comp_rules)


State 864

  1012 rectPoly_blockage: K_POLYGON $@190 firstPt nextPt . nextPt otherPts

    '('  shift, and go to state 188

    nextPt  go to state 1010
    pt      go to state 318


State 865

  1021 slot_rule: '-' K_LAYER $@191 T_STRING $@192 . geom_slot

    K_RECT     shift, and go to state 520
    K_POLYGON  shift, and go to state 521

    geom_slot  go to state 1011


State 866

  1024 geom_slot: K_RECT pt pt .

    $default  reduce using rule 1024 (geom_slot)


State 867

  1026 geom_slot: K_POLYGON $@193 firstPt . nextPt nextPt otherPts

    '('  shift, and go to state 188

    nextPt  go to state 1012
    pt      go to state 318


State 868

  1034 fill_def: '-' K_LAYER $@194 T_STRING $@195 . fill_layer_mask_opc_opt geom_fill geom_fill_rules ';'

    $default  reduce using rule 1043 (fill_layer_mask_opc_opt)

    fill_layer_mask_opc_opt  go to state 1013


State 869

  1037 fill_def: '-' K_VIA $@196 T_STRING $@197 . fill_via_mask_opc_opt firstViaPt otherViaPts ';'

    $default  reduce using rule 1055 (fill_via_mask_opc_opt)

    fill_via_mask_opc_opt  go to state 1014


State 870

  1074 nondefault_def: '-' $@201 T_STRING $@202 nondefault_options ';' .

    $default  reduce using rule 1074 (nondefault_def)


State 871

  1077 nondefault_option: '+' . K_HARDSPACING
  1080                  | '+' . K_LAYER $@203 T_STRING K_WIDTH NUMBER $@204 nondefault_layer_options
  1082                  | '+' . K_VIA $@205 T_STRING
  1084                  | '+' . K_VIARULE $@206 T_STRING
  1086                  | '+' . K_MINCUTS $@207 T_STRING NUMBER
  1094 nondefault_prop_opt: '+' . K_PROPERTY $@208 nondefault_prop_list

    K_LAYER        shift, and go to state 1015
    K_PROPERTY     shift, and go to state 1016
    K_HARDSPACING  shift, and go to state 1017
    K_MINCUTS      shift, and go to state 1018
    K_VIA          shift, and go to state 1019
    K_VIARULE      shift, and go to state 1020


State 872

  1076 nondefault_options: nondefault_options nondefault_option .

    $default  reduce using rule 1076 (nondefault_options)


State 873

  1087 nondefault_option: nondefault_prop_opt .

    $default  reduce using rule 1087 (nondefault_option)


State 874

  1106 styles_rule: '-' K_STYLE NUMBER $@209 firstPt . nextPt otherPts ';'

    '('  shift, and go to state 188

    nextPt  go to state 1021
    pt      go to state 318


State 875

  112 canplace: K_CANPLACE $@26 T_STRING NUMBER NUMBER orient K_DO NUMBER . K_BY NUMBER K_STEP NUMBER NUMBER ';'

    K_BY  shift, and go to state 1022


State 876

  114 cannotoccupy: K_CANNOTOCCUPY $@27 T_STRING NUMBER NUMBER orient K_DO NUMBER . K_BY NUMBER K_STEP NUMBER NUMBER ';'

    K_BY  shift, and go to state 1023


State 877

  306 gcellgrid: K_GCELLGRID track_type NUMBER K_DO NUMBER K_STEP NUMBER ';' .

    $default  reduce using rule 306 (gcellgrid)


State 878

  265 row_rule: K_ROW $@48 T_STRING T_STRING NUMBER NUMBER orient $@49 . row_do_option row_options ';'

    K_DO  shift, and go to state 1024

    $default  reduce using rule 266 (row_do_option)

    row_do_option  go to state 1025


State 879

  104 property_type_and_val: K_STRING QSTRING .

    $default  reduce using rule 104 (property_type_and_val)


State 880

  102 property_type_and_val: K_REAL $@25 . opt_range opt_num_val

    K_RANGE  shift, and go to state 1026

    $default  reduce using rule 653 (opt_range)

    opt_range  go to state 1027


State 881

  100 property_type_and_val: K_INTEGER $@24 . opt_range opt_num_val

    K_RANGE  shift, and go to state 1026

    $default  reduce using rule 653 (opt_range)

    opt_range  go to state 1028


State 882

  105 property_type_and_val: K_NAMEMAPSTRING T_STRING .

    $default  reduce using rule 105 (property_type_and_val)


State 883

   65 property_def: K_DESIGN $@7 T_STRING property_type_and_val ';' .

    $default  reduce using rule 65 (property_def)


State 884

   87 property_def: K_PINSHAPE $@18 T_STRING property_type_and_val ';' .

    $default  reduce using rule 87 (property_def)


State 885

   77 property_def: K_ROW $@13 T_STRING property_type_and_val ';' .

    $default  reduce using rule 77 (property_def)


State 886

   71 property_def: K_REGION $@10 T_STRING property_type_and_val ';' .

    $default  reduce using rule 71 (property_def)


State 887

   81 property_def: K_NONDEFAULTRULE $@15 T_STRING property_type_and_val ';' .

    $default  reduce using rule 81 (property_def)


State 888

   73 property_def: K_GROUP $@11 T_STRING property_type_and_val ';' .

    $default  reduce using rule 73 (property_def)


State 889

   67 property_def: K_NET $@8 T_STRING property_type_and_val ';' .

    $default  reduce using rule 67 (property_def)


State 890

   85 property_def: K_PIN $@17 T_STRING property_type_and_val ';' .

    $default  reduce using rule 85 (property_def)


State 891

   75 property_def: K_COMPONENT $@12 T_STRING property_type_and_val ';' .

    $default  reduce using rule 75 (property_def)


State 892

   69 property_def: K_SNET $@9 T_STRING property_type_and_val ';' .

    $default  reduce using rule 69 (property_def)


State 893

   79 property_def: K_COMPONENTPIN $@14 T_STRING property_type_and_val ';' .

    $default  reduce using rule 79 (property_def)


State 894

   95 property_def: K_VIA $@22 T_STRING property_type_and_val ';' .

    $default  reduce using rule 95 (property_def)


State 895

   83 property_def: K_BLOCKAGE $@16 T_STRING property_type_and_val ';' .

    $default  reduce using rule 83 (property_def)


State 896

   89 property_def: K_ROUTE $@19 T_STRING property_type_and_val ';' .

    $default  reduce using rule 89 (property_def)


State 897

   91 property_def: K_SCANCHAIN $@20 T_STRING property_type_and_val ';' .

    $default  reduce using rule 91 (property_def)


State 898

   93 property_def: K_SPECIALROUTE $@21 T_STRING property_type_and_val ';' .

    $default  reduce using rule 93 (property_def)


State 899

   97 property_def: K_TRACK $@23 T_STRING property_type_and_val ';' .

    $default  reduce using rule 97 (property_def)


State 900

  138 pin: '-' $@29 T_STRING '+' K_NET $@30 . T_STRING $@31 pin_options ';'

    T_STRING  shift, and go to state 1029


State 901

  290 track_property_statement: K_PROPERTY . $@52 prop_name_value

    $default  reduce using rule 289 ($@52)

    $@52  go to state 1030


State 902

  280 tracks_rule: track_start NUMBER $@51 K_DO NUMBER K_STEP NUMBER track_opts . ';'

    ';'  shift, and go to state 1031


State 903

  284 track_opts: track_opt_property_statements . track_mask_statement track_width_statement track_ndr_statement track_layer_statement

    K_MASK  shift, and go to state 1032

    $default  reduce using rule 296 (track_mask_statement)

    track_mask_statement  go to state 1033


State 904

  286 track_opt_property_statements: track_property_statements .
  287 track_property_statements: track_property_statements . track_property_statement

    K_PROPERTY  shift, and go to state 901

    $default  reduce using rule 286 (track_opt_property_statements)

    track_property_statement  go to state 1034


State 905

  288 track_property_statements: track_property_statement .

    $default  reduce using rule 288 (track_property_statements)


State 906

  315 via_declaration: '-' $@55 T_STRING $@56 layer_stmts ';' .

    $default  reduce using rule 315 (via_declaration)


State 907

  308 extension_stmt: '+' . K_BEGINEXT
  319 layer_stmt: '+' . K_RECT $@57 T_STRING mask pt pt
  321           | '+' . K_PROPERTY $@58 prop_name_value
  324           | '+' . K_POLYGON $@59 T_STRING mask $@60 firstPt nextPt nextPt otherPts
  326           | '+' . K_PATTERNNAME $@61 T_STRING
  329           | '+' . K_VIARULE $@62 T_STRING '+' K_CUTSIZE NUMBER NUMBER '+' K_LAYERS $@63 T_STRING T_STRING T_STRING '+' K_CUTSPACING NUMBER NUMBER '+' K_ENCLOSURE NUMBER NUMBER NUMBER NUMBER
  332 layer_viarule_opts: '+' . K_ROWCOL NUMBER NUMBER
  333                   | '+' . K_ORIGIN NUMBER NUMBER
  334                   | '+' . K_OFFSET NUMBER NUMBER NUMBER NUMBER
  336                   | '+' . K_PATTERN $@64 T_STRING

    K_RECT         shift, and go to state 1035
    K_PATTERN      shift, and go to state 1036
    K_PATTERNNAME  shift, and go to state 1037
    K_PROPERTY     shift, and go to state 1038
    K_BEGINEXT     shift, and go to state 581
    K_OFFSET       shift, and go to state 1039
    K_ORIGIN       shift, and go to state 1040
    K_ROWCOL       shift, and go to state 1041
    K_POLYGON      shift, and go to state 1042
    K_VIARULE      shift, and go to state 1043


State 908

  331 layer_stmt: extension_stmt .

    $default  reduce using rule 331 (layer_stmt)


State 909

  317 layer_stmts: layer_stmts layer_stmt .

    $default  reduce using rule 317 (layer_stmts)


State 910

  330 layer_stmt: layer_viarule_opts .

    $default  reduce using rule 330 (layer_stmt)


State 911

  355 rect_list: pt pt .

    $default  reduce using rule 355 (rect_list)


State 912

  356 rect_list: rect_list pt . pt

    '('  shift, and go to state 188

    pt  go to state 1044


State 913

  354 regions_stmt: '-' $@65 T_STRING $@66 rect_list region_options . ';'
  358 region_options: region_options . region_option

    ';'  shift, and go to state 1045
    '+'  shift, and go to state 1046

    region_option  go to state 1047


State 914

  405 comp_generate: '+' K_COMP_GEN $@71 T_STRING . opt_pattern

    T_STRING  shift, and go to state 1048

    $default  reduce using rule 406 (opt_pattern)

    opt_pattern  go to state 1049


State 915

  403 comp_eeq: '+' K_EEQMASTER $@70 T_STRING .

    $default  reduce using rule 403 (comp_eeq)


State 916

  437 comp_type: '+' K_UNPLACED pt orient .

    $default  reduce using rule 437 (comp_type)


State 917

  432 comp_foreign: '+' K_FOREIGN $@75 T_STRING . opt_paren orient

    NUMBER  shift, and go to state 1050
    '('     shift, and go to state 188

    pt         go to state 1051
    opt_paren  go to state 1052


State 918

  427 comp_prop: T_STRING . NUMBER
  428          | T_STRING . QSTRING
  429          | T_STRING . T_STRING

    QSTRING   shift, and go to state 1053
    T_STRING  shift, and go to state 1054
    NUMBER    shift, and go to state 1055


State 919

  424 comp_property: '+' K_PROPERTY $@74 comp_prop_list .
  426 comp_prop_list: comp_prop_list . comp_prop

    T_STRING  shift, and go to state 918

    $default  reduce using rule 424 (comp_property)

    comp_prop  go to state 1056


State 920

  425 comp_prop_list: comp_prop .

    $default  reduce using rule 425 (comp_prop_list)


State 921

  439 maskShift: '+' K_MASKSHIFT $@76 T_STRING .

    $default  reduce using rule 439 (maskShift)


State 922

  420 halo_soft: K_SOFT .

    $default  reduce using rule 420 (halo_soft)


State 923

  418 comp_halo: '+' K_HALO $@72 halo_soft . NUMBER NUMBER NUMBER NUMBER

    NUMBER  shift, and go to state 1057


State 924

  445 comp_pinprop: '+' K_PINPROPERTY $@77 T_STRING . prop_name_value

    $default  reduce using rule 177 ($@43)

    prop_name_value  go to state 1058
    $@43             go to state 974


State 925

  422 comp_routehalo: '+' K_ROUTEHALO NUMBER $@73 . T_STRING T_STRING

    T_STRING  shift, and go to state 1059


State 926

  416 comp_pnt_list: comp_pnt_list pt pt .

    $default  reduce using rule 416 (comp_pnt_list)


State 927

  464 net_connection: '(' . T_STRING $@81 T_STRING conn_opt ')'
  466               | '(' . '*' $@82 T_STRING conn_opt ')'
  468               | '(' . K_PIN $@83 T_STRING conn_opt ')'

    T_STRING  shift, and go to state 1060
    K_PIN     shift, and go to state 1061
    '*'       shift, and go to state 1062


State 928

  462 net_connections: net_connections net_connection .

    $default  reduce using rule 462 (net_connections)


State 929

  460 net_name: K_MUSTJOIN '(' T_STRING $@80 . T_STRING ')'

    T_STRING  shift, and go to state 1063


State 930

  481 net_option: '+' K_ORIGINAL $@86 T_STRING .

    $default  reduce using rule 481 (net_option)


State 931

  489 net_option: '+' K_NONDEFAULTRULE $@87 T_STRING .

    $default  reduce using rule 489 (net_option)


State 932

  509 vpin_begin: '+' K_VPIN $@95 T_STRING .

    $default  reduce using rule 509 (vpin_begin)


State 933

  497 net_option: '+' K_SUBNET $@90 T_STRING . $@91 comp_names $@92 subnet_options

    $default  reduce using rule 495 ($@91)

    $@91  go to state 1064


State 934

  182 net_prop_name_values: net_prop_name_values . prop_name_value
  499 net_option: '+' K_PROPERTY $@93 net_prop_name_values .

    T_STRING  reduce using rule 177 ($@43)
    $default  reduce using rule 499 (net_option)

    prop_name_value  go to state 1065
    $@43             go to state 974


State 935

  493 net_option: '+' K_SHIELDNET $@88 T_STRING . $@89

    $default  reduce using rule 492 ($@89)

    $@89  go to state 1066


State 936

  479 net_option: '+' K_FREQUENCY $@85 NUMBER .

    $default  reduce using rule 479 (net_option)


State 937

  475 net_option: '+' net_type $@84 opt_wire .

    $default  reduce using rule 475 (net_option)


State 938

  523 opt_wire: $@97 . opt_paths

    T_STRING  reduce using rule 526 ($@98)
    $default  reduce using rule 524 (opt_paths)

    opt_paths  go to state 1067
    paths      go to state 1068
    $@98       go to state 1069


State 939

  512 vpin_layer_opt: K_LAYER $@96 T_STRING .

    $default  reduce using rule 512 (vpin_layer_opt)


State 940

  507 vpin_stmt: vpin_begin vpin_layer_opt pt pt . $@94 vpin_options

    $default  reduce using rule 506 ($@94)

    $@94  go to state 1070


State 941

  622 snet_other_option: '+' K_RECT $@111 T_STRING . pt pt

    '('  shift, and go to state 188

    pt  go to state 1071


State 942

  630 snet_other_option: '+' K_ORIGINAL $@114 T_STRING .

    $default  reduce using rule 630 (snet_other_option)


State 943

  645 snet_width: '+' K_WIDTH $@116 T_STRING . NUMBER

    NUMBER  shift, and go to state 1072


State 944

  647 snet_voltage: '+' K_VOLTAGE $@117 T_STRING .

    $default  reduce using rule 647 (snet_voltage)


State 945

  650 snet_spacing: '+' K_SPACING $@118 T_STRING . NUMBER $@119 opt_snet_range

    NUMBER  shift, and go to state 1073


State 946

  182 net_prop_name_values: net_prop_name_values . prop_name_value
  617 snet_other_option: '+' K_PROPERTY $@108 net_prop_name_values .

    T_STRING  reduce using rule 177 ($@43)
    $default  reduce using rule 617 (snet_other_option)

    prop_name_value  go to state 1065
    $@43             go to state 974


State 947

  641 snet_type: K_SHIELD $@115 T_STRING .

    $default  reduce using rule 641 (snet_type)


State 948

  620 snet_other_option: '+' K_POLYGON $@109 T_STRING . $@110 firstPt nextPt nextPt otherPts

    $default  reduce using rule 619 ($@110)

    $@110  go to state 1074


State 949

  625 snet_other_option: '+' K_VIA $@112 T_STRING . orient_pt $@113 firstPt otherPts

    K_N   shift, and go to state 529
    K_S   shift, and go to state 530
    K_E   shift, and go to state 531
    K_W   shift, and go to state 532
    K_FN  shift, and go to state 533
    K_FE  shift, and go to state 534
    K_FS  shift, and go to state 535
    K_FW  shift, and go to state 536

    $default  reduce using rule 642 (orient_pt)

    orient     go to state 1075
    orient_pt  go to state 1076


State 950

  613 snet_other_option: '+' snet_type $@107 opt_swire .

    $default  reduce using rule 613 (snet_other_option)


State 951

  665 opt_swire: $@120 . spaths

    $default  reduce using rule 666 ($@121)

    spaths  go to state 1077
    $@121   go to state 1078


State 952

  699 group_option: '+' K_COMPS $@129 . group_components

    T_STRING  shift, and go to state 1079

    group_components  go to state 1080
    group_component   go to state 1081


State 953

  693 group_option: '+' K_REGION $@127 . group_region

    T_STRING  shift, and go to state 1082
    '('       shift, and go to state 188

    pt            go to state 1083
    group_region  go to state 1084


State 954

  701 group_option: '+' K_GROUPS $@130 . group_groups

    T_STRING  shift, and go to state 1085

    group_groups  go to state 1086
    group_group   go to state 1087


State 955

  689 group_option: '+' K_SOFT group_soft_options .
  719 group_soft_options: group_soft_options . group_soft_option

    K_MAXX              shift, and go to state 1088
    K_MAXY              shift, and go to state 1089
    K_MAXHALFPERIMETER  shift, and go to state 1090

    $default  reduce using rule 689 (group_option)

    group_soft_option  go to state 1091


State 956

  697 group_option: '+' K_HINSTS $@128 . group_hinsts

    T_STRING  shift, and go to state 1092

    group_hinsts  go to state 1093
    group_hinst   go to state 1094


State 957

  691 group_option: '+' K_PROPERTY $@126 . group_prop_list

    $default  reduce using rule 713 (group_prop_list)

    group_prop_list  go to state 1095


State 958

  736 operand: K_PATH $@132 T_STRING T_STRING T_STRING . T_STRING

    T_STRING  shift, and go to state 1096


State 959

  741 operand_list: operand_list ',' operand .

    $default  reduce using rule 741 (operand_list)


State 960

  743 wiredlogic_rule: '-' K_WIREDLOGIC $@133 T_STRING opt_plus K_MAXDIST . NUMBER ';'

    NUMBER  shift, and go to state 1097


State 961

  748 delay_spec: '+' K_RISEMIN NUMBER .

    $default  reduce using rule 748 (delay_spec)


State 962

  749 delay_spec: '+' K_RISEMAX NUMBER .

    $default  reduce using rule 749 (delay_spec)


State 963

  750 delay_spec: '+' K_FALLMIN NUMBER .

    $default  reduce using rule 750 (delay_spec)


State 964

  751 delay_spec: '+' K_FALLMAX NUMBER .

    $default  reduce using rule 751 (delay_spec)


State 965

  783 scan_member: '+' K_NAME $@143 T_STRING . $@144 ordered_inst_list_opt

    $default  reduce using rule 782 ($@144)

    $@144  go to state 1098


State 966

  766 scan_member: '+' K_START $@135 T_STRING . opt_pin

    T_STRING  shift, and go to state 1099

    $default  reduce using rule 763 (opt_pin)

    opt_pin  go to state 1100


State 967

  768 scan_member: '+' K_FLOATING $@136 floating_inst_list .
  788 floating_inst_list: floating_inst_list . one_floating_inst

    T_STRING  shift, and go to state 1101

    $default  reduce using rule 768 (scan_member)

    one_floating_inst  go to state 1102


State 968

  770 scan_member: '+' K_ORDERED $@137 ordered_inst_list_opt .

    $default  reduce using rule 770 (scan_member)


State 969

  796 ordered_inst_list_opt: ordered_inst_list .
  797 ordered_inst_list: ordered_inst_list . one_ordered_inst

    T_STRING  reduce using rule 799 ($@146)
    $default  reduce using rule 796 (ordered_inst_list_opt)

    one_ordered_inst  go to state 1103
    $@146             go to state 971


State 970

  798 ordered_inst_list: one_ordered_inst .

    $default  reduce using rule 798 (ordered_inst_list)


State 971

  801 one_ordered_inst: $@146 . T_STRING $@147 ordered_pins

    T_STRING  shift, and go to state 1104


State 972

  772 scan_member: '+' K_STOP $@138 T_STRING . opt_pin

    T_STRING  shift, and go to state 1099

    $default  reduce using rule 763 (opt_pin)

    opt_pin  go to state 1105


State 973

  780 scan_member: '+' K_PROPERTY $@141 prop_name_value . $@142 ordered_inst_list_opt

    $default  reduce using rule 779 ($@142)

    $@142  go to state 1106


State 974

  178 prop_name_value: $@43 . prop_name_value_pair

    T_STRING  shift, and go to state 1107

    prop_name_value_pair  go to state 1108


State 975

  785 opt_common_pins: '(' . T_STRING T_STRING ')'
  786                | '(' . T_STRING T_STRING ')' '(' T_STRING T_STRING ')'

    T_STRING  shift, and go to state 1109


State 976

  774 scan_member: '+' K_COMMONSCANPINS $@139 opt_common_pins .

    $default  reduce using rule 774 (scan_member)


State 977

  776 scan_member: '+' K_PARTITION $@140 T_STRING . partition_maxbits

    K_MAXBITS  shift, and go to state 1110

    $default  reduce using rule 806 (partition_maxbits)

    partition_maxbits  go to state 1111


State 978

  815 start_iotiming: '-' '(' $@148 T_STRING T_STRING ')' .

    $default  reduce using rule 815 (start_iotiming)


State 979

  823 iotiming_member: '+' K_DRIVECELL $@149 T_STRING . $@150 iotiming_drivecell_opt

    $default  reduce using rule 822 ($@150)

    $@150  go to state 1112


State 980

  818 iotiming_member: '+' risefall K_VARIABLE NUMBER . NUMBER

    NUMBER  shift, and go to state 1113


State 981

  819 iotiming_member: '+' risefall K_SLEWRATE NUMBER . NUMBER

    NUMBER  shift, and go to state 1114


State 982

  845 constraint_type: K_ALIGN .

    $default  reduce using rule 845 (constraint_type)


State 983

  847 constraint_type: K_MIN . NUMBER

    NUMBER  shift, and go to state 1115


State 984

  846 constraint_type: K_MAX . NUMBER

    NUMBER  shift, and go to state 1116


State 985

  848 constraint_type: K_EQUAL . NUMBER

    NUMBER  shift, and go to state 1117


State 986

  842 fp_stmt: '-' $@154 T_STRING h_or_v $@155 constraint_type . constrain_what_list ';'

    $default  reduce using rule 849 (constrain_what_list)

    constrain_what_list  go to state 1118


State 987

  867 timingdisables_rule: '-' K_FROMPIN $@160 T_STRING T_STRING K_TOPIN . $@161 T_STRING T_STRING ';'

    $default  reduce using rule 866 ($@161)

    $@161  go to state 1119


State 988

  869 timingdisables_rule: '-' K_THRUPIN $@162 T_STRING T_STRING ';' .

    $default  reduce using rule 869 (timingdisables_rule)


State 989

  875 td_macro_option: K_FROMPIN $@164 . T_STRING K_TOPIN $@165 T_STRING

    T_STRING  shift, and go to state 1120


State 990

  877 td_macro_option: K_THRUPIN $@166 . T_STRING

    T_STRING  shift, and go to state 1121


State 991

  871 timingdisables_rule: '-' K_MACRO $@163 T_STRING td_macro_option ';' .

    $default  reduce using rule 871 (timingdisables_rule)


State 992

  892 turnoff_hold: K_HOLDRISE .

    $default  reduce using rule 892 (turnoff_hold)


State 993

  893 turnoff_hold: K_HOLDFALL .

    $default  reduce using rule 893 (turnoff_hold)


State 994

  887 turnoff: K_TURNOFF turnoff_setup turnoff_hold .

    $default  reduce using rule 887 (turnoff)


State 995

  897 partition_member: '+' K_FROMCLOCKPIN $@168 T_STRING . T_STRING risefall minmaxpins

    T_STRING  shift, and go to state 1122


State 996

  899 partition_member: '+' K_FROMCOMPPIN $@169 T_STRING . T_STRING risefallminmax2_list

    T_STRING  shift, and go to state 1123


State 997

  901 partition_member: '+' K_FROMIOPIN $@170 T_STRING . risefallminmax1_list

    $default  reduce using rule 917 (risefallminmax1_list)

    risefallminmax1_list  go to state 1124


State 998

  903 partition_member: '+' K_TOCLOCKPIN $@171 T_STRING . T_STRING risefall minmaxpins

    T_STRING  shift, and go to state 1125


State 999

  905 partition_member: '+' K_TOCOMPPIN $@172 T_STRING . T_STRING risefallminmax2_list

    T_STRING  shift, and go to state 1126


State 1000

  907 partition_member: '+' K_TOIOPIN $@173 T_STRING . risefallminmax1_list

    $default  reduce using rule 917 (risefallminmax1_list)

    risefallminmax1_list  go to state 1127


State 1001

  955 pin_prop_terminal: '-' $@178 T_STRING T_STRING $@179 pin_prop_options . ';'
  957 pin_prop_options: pin_prop_options . pin_prop

    ';'  shift, and go to state 1128
    '+'  shift, and go to state 1129

    pin_prop  go to state 1130


State 1002

  973 blockage_rule: '-' K_LAYER $@181 T_STRING $@182 layer_blockage_rules .
  977 layer_blockage_rules: layer_blockage_rules . layer_blockage_rule

    '+'  shift, and go to state 1131

    $default  reduce using rule 973 (blockage_rule)

    layer_blockage_rule  go to state 1132
    comp_blockage_rule   go to state 1133


State 1003

  999 placement_comp_rule: '+' K_NAME . $@188 T_STRING

    $default  reduce using rule 998 ($@188)

    $@188  go to state 1134


State 1004

  1004 placement_comp_rule: '+' K_SOFT .
  1005                    | '+' K_SOFT . NUMBER

    NUMBER  shift, and go to state 1135

    $default  reduce using rule 1004 (placement_comp_rule)


State 1005

  1001 placement_comp_rule: '+' K_PROPERTY . $@189 prop_name_value

    $default  reduce using rule 1000 ($@189)

    $@189  go to state 1136


State 1006

  997 placement_comp_rule: '+' K_COMPONENT . $@187 T_STRING

    $default  reduce using rule 996 ($@187)

    $@187  go to state 1137


State 1007

  1002 placement_comp_rule: '+' K_ONLYBLOCKS .

    $default  reduce using rule 1002 (placement_comp_rule)


State 1008

  1003 placement_comp_rule: '+' K_PUSHDOWN .

    $default  reduce using rule 1003 (placement_comp_rule)


State 1009

  1006 placement_comp_rule: '+' K_PARTIAL . NUMBER
  1007                    | '+' K_PARTIAL . NUMBER K_NOFLOPS

    NUMBER  shift, and go to state 1138


State 1010

  1012 rectPoly_blockage: K_POLYGON $@190 firstPt nextPt nextPt . otherPts

    $default  reduce using rule 339 (otherPts)

    otherPts  go to state 1139


State 1011

  1021 slot_rule: '-' K_LAYER $@191 T_STRING $@192 geom_slot .

    $default  reduce using rule 1021 (slot_rule)


State 1012

  1026 geom_slot: K_POLYGON $@193 firstPt nextPt . nextPt otherPts

    '('  shift, and go to state 188

    nextPt  go to state 1140
    pt      go to state 318


State 1013

  1034 fill_def: '-' K_LAYER $@194 T_STRING $@195 fill_layer_mask_opc_opt . geom_fill geom_fill_rules ';'
  1044 fill_layer_mask_opc_opt: fill_layer_mask_opc_opt . opt_mask_opc_l

    K_RECT     shift, and go to state 1141
    K_POLYGON  shift, and go to state 1142
    '+'        shift, and go to state 1143

    geom_fill        go to state 1144
    opt_mask_opc_l   go to state 1145
    fill_layer_opc   go to state 1146
    fill_layer_prop  go to state 1147
    fill_mask        go to state 1148


State 1014

  1037 fill_def: '-' K_VIA $@196 T_STRING $@197 fill_via_mask_opc_opt . firstViaPt otherViaPts ';'
  1056 fill_via_mask_opc_opt: fill_via_mask_opc_opt . opt_mask_opc

    K_N   shift, and go to state 529
    K_S   shift, and go to state 530
    K_E   shift, and go to state 531
    K_W   shift, and go to state 532
    K_FN  shift, and go to state 533
    K_FE  shift, and go to state 534
    K_FS  shift, and go to state 535
    K_FW  shift, and go to state 536
    '+'   shift, and go to state 1149

    $default  reduce using rule 1053 (fill_via_orient)

    orient           go to state 1150
    firstViaPt       go to state 1151
    fill_via_orient  go to state 1152
    opt_mask_opc     go to state 1153
    fill_via_prop    go to state 1154
    fill_via_opc     go to state 1155
    fill_viaMask     go to state 1156


State 1015

  1080 nondefault_option: '+' K_LAYER . $@203 T_STRING K_WIDTH NUMBER $@204 nondefault_layer_options

    $default  reduce using rule 1078 ($@203)

    $@203  go to state 1157


State 1016

  1094 nondefault_prop_opt: '+' K_PROPERTY . $@208 nondefault_prop_list

    $default  reduce using rule 1093 ($@208)

    $@208  go to state 1158


State 1017

  1077 nondefault_option: '+' K_HARDSPACING .

    $default  reduce using rule 1077 (nondefault_option)


State 1018

  1086 nondefault_option: '+' K_MINCUTS . $@207 T_STRING NUMBER

    $default  reduce using rule 1085 ($@207)

    $@207  go to state 1159


State 1019

  1082 nondefault_option: '+' K_VIA . $@205 T_STRING

    $default  reduce using rule 1081 ($@205)

    $@205  go to state 1160


State 1020

  1084 nondefault_option: '+' K_VIARULE . $@206 T_STRING

    $default  reduce using rule 1083 ($@206)

    $@206  go to state 1161


State 1021

  1106 styles_rule: '-' K_STYLE NUMBER $@209 firstPt nextPt . otherPts ';'

    $default  reduce using rule 339 (otherPts)

    otherPts  go to state 1162


State 1022

  112 canplace: K_CANPLACE $@26 T_STRING NUMBER NUMBER orient K_DO NUMBER K_BY . NUMBER K_STEP NUMBER NUMBER ';'

    NUMBER  shift, and go to state 1163


State 1023

  114 cannotoccupy: K_CANNOTOCCUPY $@27 T_STRING NUMBER NUMBER orient K_DO NUMBER K_BY . NUMBER K_STEP NUMBER NUMBER ';'

    NUMBER  shift, and go to state 1164


State 1024

  267 row_do_option: K_DO . NUMBER K_BY NUMBER row_step_option

    NUMBER  shift, and go to state 1165


State 1025

  265 row_rule: K_ROW $@48 T_STRING T_STRING NUMBER NUMBER orient $@49 row_do_option . row_options ';'

    $default  reduce using rule 270 (row_options)

    row_options  go to state 1166


State 1026

  654 opt_range: K_RANGE . NUMBER NUMBER

    NUMBER  shift, and go to state 1167


State 1027

  102 property_type_and_val: K_REAL $@25 opt_range . opt_num_val

    NUMBER  shift, and go to state 1168

    $default  reduce using rule 106 (opt_num_val)

    opt_num_val  go to state 1169


State 1028

  100 property_type_and_val: K_INTEGER $@24 opt_range . opt_num_val

    NUMBER  shift, and go to state 1168

    $default  reduce using rule 106 (opt_num_val)

    opt_num_val  go to state 1170


State 1029

  138 pin: '-' $@29 T_STRING '+' K_NET $@30 T_STRING . $@31 pin_options ';'

    $default  reduce using rule 137 ($@31)

    $@31  go to state 1171


State 1030

  290 track_property_statement: K_PROPERTY $@52 . prop_name_value

    $default  reduce using rule 177 ($@43)

    prop_name_value  go to state 1172
    $@43             go to state 974


State 1031

  280 tracks_rule: track_start NUMBER $@51 K_DO NUMBER K_STEP NUMBER track_opts ';' .

    $default  reduce using rule 280 (tracks_rule)


State 1032

  297 track_mask_statement: K_MASK . NUMBER same_mask

    NUMBER  shift, and go to state 1173


State 1033

  284 track_opts: track_opt_property_statements track_mask_statement . track_width_statement track_ndr_statement track_layer_statement

    K_WIDTH  shift, and go to state 1174

    $default  reduce using rule 294 (track_width_statement)

    track_width_statement  go to state 1175


State 1034

  287 track_property_statements: track_property_statements track_property_statement .

    $default  reduce using rule 287 (track_property_statements)


State 1035

  319 layer_stmt: '+' K_RECT . $@57 T_STRING mask pt pt

    $default  reduce using rule 318 ($@57)

    $@57  go to state 1176


State 1036

  336 layer_viarule_opts: '+' K_PATTERN . $@64 T_STRING

    $default  reduce using rule 335 ($@64)

    $@64  go to state 1177


State 1037

  326 layer_stmt: '+' K_PATTERNNAME . $@61 T_STRING

    $default  reduce using rule 325 ($@61)

    $@61  go to state 1178


State 1038

  321 layer_stmt: '+' K_PROPERTY . $@58 prop_name_value

    $default  reduce using rule 320 ($@58)

    $@58  go to state 1179


State 1039

  334 layer_viarule_opts: '+' K_OFFSET . NUMBER NUMBER NUMBER NUMBER

    NUMBER  shift, and go to state 1180


State 1040

  333 layer_viarule_opts: '+' K_ORIGIN . NUMBER NUMBER

    NUMBER  shift, and go to state 1181


State 1041

  332 layer_viarule_opts: '+' K_ROWCOL . NUMBER NUMBER

    NUMBER  shift, and go to state 1182


State 1042

  324 layer_stmt: '+' K_POLYGON . $@59 T_STRING mask $@60 firstPt nextPt nextPt otherPts

    $default  reduce using rule 322 ($@59)

    $@59  go to state 1183


State 1043

  329 layer_stmt: '+' K_VIARULE . $@62 T_STRING '+' K_CUTSIZE NUMBER NUMBER '+' K_LAYERS $@63 T_STRING T_STRING T_STRING '+' K_CUTSPACING NUMBER NUMBER '+' K_ENCLOSURE NUMBER NUMBER NUMBER NUMBER

    $default  reduce using rule 327 ($@62)

    $@62  go to state 1184


State 1044

  356 rect_list: rect_list pt pt .

    $default  reduce using rule 356 (rect_list)


State 1045

  354 regions_stmt: '-' $@65 T_STRING $@66 rect_list region_options ';' .

    $default  reduce using rule 354 (regions_stmt)


State 1046

  360 region_option: '+' . K_PROPERTY $@67 region_prop_list
  361              | '+' . K_TYPE region_type

    K_PROPERTY  shift, and go to state 1185
    K_TYPE      shift, and go to state 1186


State 1047

  358 region_options: region_options region_option .

    $default  reduce using rule 358 (region_options)


State 1048

  407 opt_pattern: T_STRING .

    $default  reduce using rule 407 (opt_pattern)


State 1049

  405 comp_generate: '+' K_COMP_GEN $@71 T_STRING opt_pattern .

    $default  reduce using rule 405 (comp_generate)


State 1050

  434 opt_paren: NUMBER . NUMBER

    NUMBER  shift, and go to state 1187


State 1051

  433 opt_paren: pt .

    $default  reduce using rule 433 (opt_paren)


State 1052

  432 comp_foreign: '+' K_FOREIGN $@75 T_STRING opt_paren . orient

    K_N   shift, and go to state 529
    K_S   shift, and go to state 530
    K_E   shift, and go to state 531
    K_W   shift, and go to state 532
    K_FN  shift, and go to state 533
    K_FE  shift, and go to state 534
    K_FS  shift, and go to state 535
    K_FW  shift, and go to state 536

    orient  go to state 1188


State 1053

  428 comp_prop: T_STRING QSTRING .

    $default  reduce using rule 428 (comp_prop)


State 1054

  429 comp_prop: T_STRING T_STRING .

    $default  reduce using rule 429 (comp_prop)


State 1055

  427 comp_prop: T_STRING NUMBER .

    $default  reduce using rule 427 (comp_prop)


State 1056

  426 comp_prop_list: comp_prop_list comp_prop .

    $default  reduce using rule 426 (comp_prop_list)


State 1057

  418 comp_halo: '+' K_HALO $@72 halo_soft NUMBER . NUMBER NUMBER NUMBER

    NUMBER  shift, and go to state 1189


State 1058

  445 comp_pinprop: '+' K_PINPROPERTY $@77 T_STRING prop_name_value .

    $default  reduce using rule 445 (comp_pinprop)


State 1059

  422 comp_routehalo: '+' K_ROUTEHALO NUMBER $@73 T_STRING . T_STRING

    T_STRING  shift, and go to state 1190


State 1060

  464 net_connection: '(' T_STRING . $@81 T_STRING conn_opt ')'

    $default  reduce using rule 463 ($@81)

    $@81  go to state 1191


State 1061

  468 net_connection: '(' K_PIN . $@83 T_STRING conn_opt ')'

    $default  reduce using rule 467 ($@83)

    $@83  go to state 1192


State 1062

  466 net_connection: '(' '*' . $@82 T_STRING conn_opt ')'

    $default  reduce using rule 465 ($@82)

    $@82  go to state 1193


State 1063

  460 net_name: K_MUSTJOIN '(' T_STRING $@80 T_STRING . ')'

    ')'  shift, and go to state 1194


State 1064

  497 net_option: '+' K_SUBNET $@90 T_STRING $@91 . comp_names $@92 subnet_options

    $default  reduce using rule 930 (comp_names)

    comp_names  go to state 1195


State 1065

  182 net_prop_name_values: net_prop_name_values prop_name_value .

    $default  reduce using rule 182 (net_prop_name_values)


State 1066

  493 net_option: '+' K_SHIELDNET $@88 T_STRING $@89 .

    $default  reduce using rule 493 (net_option)


State 1067

  523 opt_wire: $@97 opt_paths .

    $default  reduce using rule 523 (opt_wire)


State 1068

  525 opt_paths: paths .
  528 paths: paths . new_path

    K_NEW  shift, and go to state 1196

    $default  reduce using rule 525 (opt_paths)

    new_path  go to state 1197


State 1069

  527 paths: $@98 . path

    T_STRING  shift, and go to state 1198

    path  go to state 1199


State 1070

  507 vpin_stmt: vpin_begin vpin_layer_opt pt pt $@94 . vpin_options

    K_FIXED   shift, and go to state 1200
    K_COVER   shift, and go to state 1201
    K_PLACED  shift, and go to state 1202

    $default  reduce using rule 513 (vpin_options)

    vpin_options  go to state 1203
    vpin_status   go to state 1204


State 1071

  622 snet_other_option: '+' K_RECT $@111 T_STRING pt . pt

    '('  shift, and go to state 188

    pt  go to state 1205


State 1072

  645 snet_width: '+' K_WIDTH $@116 T_STRING NUMBER .

    $default  reduce using rule 645 (snet_width)


State 1073

  650 snet_spacing: '+' K_SPACING $@118 T_STRING NUMBER . $@119 opt_snet_range

    $default  reduce using rule 649 ($@119)

    $@119  go to state 1206


State 1074

  620 snet_other_option: '+' K_POLYGON $@109 T_STRING $@110 . firstPt nextPt nextPt otherPts

    '('  shift, and go to state 188

    firstPt  go to state 1207
    pt       go to state 190


State 1075

  643 orient_pt: orient .

    $default  reduce using rule 643 (orient_pt)


State 1076

  625 snet_other_option: '+' K_VIA $@112 T_STRING orient_pt . $@113 firstPt otherPts

    $default  reduce using rule 624 ($@113)

    $@113  go to state 1208


State 1077

  665 opt_swire: $@120 spaths .
  668 spaths: spaths . snew_path

    K_NEW  shift, and go to state 1209

    $default  reduce using rule 665 (opt_swire)

    snew_path  go to state 1210


State 1078

  667 spaths: $@121 . spath

    T_STRING  shift, and go to state 1211

    spath  go to state 1212


State 1079

  707 group_component: T_STRING .

    $default  reduce using rule 707 (group_component)


State 1080

  699 group_option: '+' K_COMPS $@129 group_components .
  705 group_components: group_components . group_component

    T_STRING  shift, and go to state 1079

    $default  reduce using rule 699 (group_option)

    group_component  go to state 1213


State 1081

  706 group_components: group_component .

    $default  reduce using rule 706 (group_components)


State 1082

  712 group_region: T_STRING .

    $default  reduce using rule 712 (group_region)


State 1083

  711 group_region: pt . pt

    '('  shift, and go to state 188

    pt  go to state 1214


State 1084

  693 group_option: '+' K_REGION $@127 group_region .

    $default  reduce using rule 693 (group_option)


State 1085

  710 group_group: T_STRING .

    $default  reduce using rule 710 (group_group)


State 1086

  701 group_option: '+' K_GROUPS $@130 group_groups .
  708 group_groups: group_groups . group_group

    T_STRING  shift, and go to state 1085

    $default  reduce using rule 701 (group_option)

    group_group  go to state 1215


State 1087

  709 group_groups: group_group .

    $default  reduce using rule 709 (group_groups)


State 1088

  720 group_soft_option: K_MAXX . NUMBER

    NUMBER  shift, and go to state 1216


State 1089

  721 group_soft_option: K_MAXY . NUMBER

    NUMBER  shift, and go to state 1217


State 1090

  722 group_soft_option: K_MAXHALFPERIMETER . NUMBER

    NUMBER  shift, and go to state 1218


State 1091

  719 group_soft_options: group_soft_options group_soft_option .

    $default  reduce using rule 719 (group_soft_options)


State 1092

  704 group_hinst: T_STRING .

    $default  reduce using rule 704 (group_hinst)


State 1093

  697 group_option: '+' K_HINSTS $@128 group_hinsts .
  702 group_hinsts: group_hinsts . group_hinst

    T_STRING  shift, and go to state 1092

    $default  reduce using rule 697 (group_option)

    group_hinst  go to state 1219


State 1094

  703 group_hinsts: group_hinst .

    $default  reduce using rule 703 (group_hinsts)


State 1095

  691 group_option: '+' K_PROPERTY $@126 group_prop_list .
  714 group_prop_list: group_prop_list . group_prop

    T_STRING  shift, and go to state 1220

    $default  reduce using rule 691 (group_option)

    group_prop  go to state 1221


State 1096

  736 operand: K_PATH $@132 T_STRING T_STRING T_STRING T_STRING .

    $default  reduce using rule 736 (operand)


State 1097

  743 wiredlogic_rule: '-' K_WIREDLOGIC $@133 T_STRING opt_plus K_MAXDIST NUMBER . ';'

    ';'  shift, and go to state 1222


State 1098

  783 scan_member: '+' K_NAME $@143 T_STRING $@144 . ordered_inst_list_opt

    T_STRING  reduce using rule 799 ($@146)
    $default  reduce using rule 795 (ordered_inst_list_opt)

    ordered_inst_list_opt  go to state 1223
    ordered_inst_list      go to state 969
    one_ordered_inst       go to state 970
    $@146                  go to state 971


State 1099

  764 opt_pin: T_STRING .

    $default  reduce using rule 764 (opt_pin)


State 1100

  766 scan_member: '+' K_START $@135 T_STRING opt_pin .

    $default  reduce using rule 766 (scan_member)


State 1101

  790 one_floating_inst: T_STRING . $@145 floating_pins

    $default  reduce using rule 789 ($@145)

    $@145  go to state 1224


State 1102

  788 floating_inst_list: floating_inst_list one_floating_inst .

    $default  reduce using rule 788 (floating_inst_list)


State 1103

  797 ordered_inst_list: ordered_inst_list one_ordered_inst .

    $default  reduce using rule 797 (ordered_inst_list)


State 1104

  801 one_ordered_inst: $@146 T_STRING . $@147 ordered_pins

    $default  reduce using rule 800 ($@147)

    $@147  go to state 1225


State 1105

  772 scan_member: '+' K_STOP $@138 T_STRING opt_pin .

    $default  reduce using rule 772 (scan_member)


State 1106

  780 scan_member: '+' K_PROPERTY $@141 prop_name_value $@142 . ordered_inst_list_opt

    T_STRING  reduce using rule 799 ($@146)
    $default  reduce using rule 795 (ordered_inst_list_opt)

    ordered_inst_list_opt  go to state 1226
    ordered_inst_list      go to state 969
    one_ordered_inst       go to state 970
    $@146                  go to state 971


State 1107

  179 prop_name_value_pair: T_STRING . NUMBER
  180                     | T_STRING . prop_string_value

    QSTRING   shift, and go to state 1227
    T_STRING  shift, and go to state 1228
    NUMBER    shift, and go to state 1229

    prop_string_value  go to state 1230


State 1108

  178 prop_name_value: $@43 prop_name_value_pair .

    $default  reduce using rule 178 (prop_name_value)


State 1109

  785 opt_common_pins: '(' T_STRING . T_STRING ')'
  786                | '(' T_STRING . T_STRING ')' '(' T_STRING T_STRING ')'

    T_STRING  shift, and go to state 1231


State 1110

  807 partition_maxbits: K_MAXBITS . NUMBER

    NUMBER  shift, and go to state 1232


State 1111

  776 scan_member: '+' K_PARTITION $@140 T_STRING partition_maxbits .

    $default  reduce using rule 776 (scan_member)


State 1112

  823 iotiming_member: '+' K_DRIVECELL $@149 T_STRING $@150 . iotiming_drivecell_opt

    K_FROMPIN  shift, and go to state 1233

    $default  reduce using rule 828 (iotiming_frompin)

    iotiming_drivecell_opt  go to state 1234
    iotiming_frompin        go to state 1235


State 1113

  818 iotiming_member: '+' risefall K_VARIABLE NUMBER NUMBER .

    $default  reduce using rule 818 (iotiming_member)


State 1114

  819 iotiming_member: '+' risefall K_SLEWRATE NUMBER NUMBER .

    $default  reduce using rule 819 (iotiming_member)


State 1115

  847 constraint_type: K_MIN NUMBER .

    $default  reduce using rule 847 (constraint_type)


State 1116

  846 constraint_type: K_MAX NUMBER .

    $default  reduce using rule 846 (constraint_type)


State 1117

  848 constraint_type: K_EQUAL NUMBER .

    $default  reduce using rule 848 (constraint_type)


State 1118

  842 fp_stmt: '-' $@154 T_STRING h_or_v $@155 constraint_type constrain_what_list . ';'
  850 constrain_what_list: constrain_what_list . constrain_what

    ';'  shift, and go to state 1236
    '+'  shift, and go to state 1237

    constrain_what  go to state 1238


State 1119

  867 timingdisables_rule: '-' K_FROMPIN $@160 T_STRING T_STRING K_TOPIN $@161 . T_STRING T_STRING ';'

    T_STRING  shift, and go to state 1239


State 1120

  875 td_macro_option: K_FROMPIN $@164 T_STRING . K_TOPIN $@165 T_STRING

    K_TOPIN  shift, and go to state 1240


State 1121

  877 td_macro_option: K_THRUPIN $@166 T_STRING .

    $default  reduce using rule 877 (td_macro_option)


State 1122

  897 partition_member: '+' K_FROMCLOCKPIN $@168 T_STRING T_STRING . risefall minmaxpins

    K_RISE  shift, and go to state 661
    K_FALL  shift, and go to state 662

    risefall  go to state 1241


State 1123

  899 partition_member: '+' K_FROMCOMPPIN $@169 T_STRING T_STRING . risefallminmax2_list

    K_RISEMIN  shift, and go to state 1242
    K_RISEMAX  shift, and go to state 1243
    K_FALLMIN  shift, and go to state 1244
    K_FALLMAX  shift, and go to state 1245

    risefallminmax2_list  go to state 1246
    risefallminmax2       go to state 1247


State 1124

  901 partition_member: '+' K_FROMIOPIN $@170 T_STRING risefallminmax1_list .
  918 risefallminmax1_list: risefallminmax1_list . risefallminmax1

    K_RISEMIN  shift, and go to state 1248
    K_RISEMAX  shift, and go to state 1249
    K_FALLMIN  shift, and go to state 1250
    K_FALLMAX  shift, and go to state 1251

    $default  reduce using rule 901 (partition_member)

    risefallminmax1  go to state 1252


State 1125

  903 partition_member: '+' K_TOCLOCKPIN $@171 T_STRING T_STRING . risefall minmaxpins

    K_RISE  shift, and go to state 661
    K_FALL  shift, and go to state 662

    risefall  go to state 1253


State 1126

  905 partition_member: '+' K_TOCOMPPIN $@172 T_STRING T_STRING . risefallminmax2_list

    K_RISEMIN  shift, and go to state 1242
    K_RISEMAX  shift, and go to state 1243
    K_FALLMIN  shift, and go to state 1244
    K_FALLMAX  shift, and go to state 1245

    risefallminmax2_list  go to state 1254
    risefallminmax2       go to state 1247


State 1127

  907 partition_member: '+' K_TOIOPIN $@173 T_STRING risefallminmax1_list .
  918 risefallminmax1_list: risefallminmax1_list . risefallminmax1

    K_RISEMIN  shift, and go to state 1248
    K_RISEMAX  shift, and go to state 1249
    K_FALLMIN  shift, and go to state 1250
    K_FALLMAX  shift, and go to state 1251

    $default  reduce using rule 907 (partition_member)

    risefallminmax1  go to state 1252


State 1128

  955 pin_prop_terminal: '-' $@178 T_STRING T_STRING $@179 pin_prop_options ';' .

    $default  reduce using rule 955 (pin_prop_terminal)


State 1129

  959 pin_prop: '+' . K_PROPERTY $@180 pin_prop_name_value_list

    K_PROPERTY  shift, and go to state 1255


State 1130

  957 pin_prop_options: pin_prop_options pin_prop .

    $default  reduce using rule 957 (pin_prop_options)


State 1131

  978 layer_blockage_rule: '+' . K_SPACING NUMBER
  979                    | '+' . K_DESIGNRULEWIDTH NUMBER
  980                    | '+' . K_MASK NUMBER
  982                    | '+' . K_NAME $@184 T_STRING
  983                    | '+' . K_PARTIAL NUMBER
  985                    | '+' . K_PROPERTY $@185 prop_name_value
  988 comp_blockage_rule: '+' . K_COMPONENT $@186 T_STRING
  989                   | '+' . K_SLOTS
  990                   | '+' . K_FILLS
  991                   | '+' . K_PUSHDOWN
  992                   | '+' . K_EXCEPTPGNET
  993                   | '+' . K_ONLYPGNET

    K_NAME             shift, and go to state 1256
    K_SPACING          shift, and go to state 1257
    K_PROPERTY         shift, and go to state 1258
    K_COMPONENT        shift, and go to state 1259
    K_MASK             shift, and go to state 1260
    K_SLOTS            shift, and go to state 1261
    K_FILLS            shift, and go to state 1262
    K_PUSHDOWN         shift, and go to state 1263
    K_DESIGNRULEWIDTH  shift, and go to state 1264
    K_EXCEPTPGNET      shift, and go to state 1265
    K_ONLYPGNET        shift, and go to state 1266
    K_PARTIAL          shift, and go to state 1267


State 1132

  977 layer_blockage_rules: layer_blockage_rules layer_blockage_rule .

    $default  reduce using rule 977 (layer_blockage_rules)


State 1133

  986 layer_blockage_rule: comp_blockage_rule .

    $default  reduce using rule 986 (layer_blockage_rule)


State 1134

  999 placement_comp_rule: '+' K_NAME $@188 . T_STRING

    T_STRING  shift, and go to state 1268


State 1135

  1005 placement_comp_rule: '+' K_SOFT NUMBER .

    $default  reduce using rule 1005 (placement_comp_rule)


State 1136

  1001 placement_comp_rule: '+' K_PROPERTY $@189 . prop_name_value

    $default  reduce using rule 177 ($@43)

    prop_name_value  go to state 1269
    $@43             go to state 974


State 1137

  997 placement_comp_rule: '+' K_COMPONENT $@187 . T_STRING

    T_STRING  shift, and go to state 1270


State 1138

  1006 placement_comp_rule: '+' K_PARTIAL NUMBER .
  1007                    | '+' K_PARTIAL NUMBER . K_NOFLOPS

    K_NOFLOPS  shift, and go to state 1271

    $default  reduce using rule 1006 (placement_comp_rule)


State 1139

  340 otherPts: otherPts . nextPt
  1012 rectPoly_blockage: K_POLYGON $@190 firstPt nextPt nextPt otherPts .

    '('  shift, and go to state 188

    $default  reduce using rule 1012 (rectPoly_blockage)

    nextPt  go to state 544
    pt      go to state 318


State 1140

  1026 geom_slot: K_POLYGON $@193 firstPt nextPt nextPt . otherPts

    $default  reduce using rule 339 (otherPts)

    otherPts  go to state 1272


State 1141

  1040 geom_fill: K_RECT . pt pt

    '('  shift, and go to state 188

    pt  go to state 1273


State 1142

  1042 geom_fill: K_POLYGON . $@198 firstPt nextPt nextPt otherPts

    $default  reduce using rule 1041 ($@198)

    $@198  go to state 1274


State 1143

  1048 fill_layer_opc: '+' . K_OPC
  1063 fill_layer_prop: '+' . K_PROPERTY $@200 prop_name_value
  1065 fill_mask: '+' . K_MASK NUMBER

    K_PROPERTY  shift, and go to state 1275
    K_MASK      shift, and go to state 1276
    K_OPC       shift, and go to state 1277


State 1144

  1034 fill_def: '-' K_LAYER $@194 T_STRING $@195 fill_layer_mask_opc_opt geom_fill . geom_fill_rules ';'

    $default  reduce using rule 1038 (geom_fill_rules)

    geom_fill_rules  go to state 1278


State 1145

  1044 fill_layer_mask_opc_opt: fill_layer_mask_opc_opt opt_mask_opc_l .

    $default  reduce using rule 1044 (fill_layer_mask_opc_opt)


State 1146

  1045 opt_mask_opc_l: fill_layer_opc .

    $default  reduce using rule 1045 (opt_mask_opc_l)


State 1147

  1047 opt_mask_opc_l: fill_layer_prop .

    $default  reduce using rule 1047 (opt_mask_opc_l)


State 1148

  1046 opt_mask_opc_l: fill_mask .

    $default  reduce using rule 1046 (opt_mask_opc_l)


State 1149

  1061 fill_via_prop: '+' . K_PROPERTY $@199 prop_name_value
  1064 fill_via_opc: '+' . K_OPC
  1066 fill_viaMask: '+' . K_MASK NUMBER

    K_PROPERTY  shift, and go to state 1279
    K_MASK      shift, and go to state 1280
    K_OPC       shift, and go to state 1281


State 1150

  1054 fill_via_orient: orient .

    $default  reduce using rule 1054 (fill_via_orient)


State 1151

  1037 fill_def: '-' K_VIA $@196 T_STRING $@197 fill_via_mask_opc_opt firstViaPt . otherViaPts ';'

    $default  reduce using rule 1051 (otherViaPts)

    otherViaPts  go to state 1282


State 1152

  1049 firstViaPt: fill_via_orient . pt

    '('  shift, and go to state 188

    pt  go to state 1283


State 1153

  1056 fill_via_mask_opc_opt: fill_via_mask_opc_opt opt_mask_opc .

    $default  reduce using rule 1056 (fill_via_mask_opc_opt)


State 1154

  1059 opt_mask_opc: fill_via_prop .

    $default  reduce using rule 1059 (opt_mask_opc)


State 1155

  1057 opt_mask_opc: fill_via_opc .

    $default  reduce using rule 1057 (opt_mask_opc)


State 1156

  1058 opt_mask_opc: fill_viaMask .

    $default  reduce using rule 1058 (opt_mask_opc)


State 1157

  1080 nondefault_option: '+' K_LAYER $@203 . T_STRING K_WIDTH NUMBER $@204 nondefault_layer_options

    T_STRING  shift, and go to state 1284


State 1158

  1094 nondefault_prop_opt: '+' K_PROPERTY $@208 . nondefault_prop_list

    $default  reduce using rule 1095 (nondefault_prop_list)

    nondefault_prop_list  go to state 1285


State 1159

  1086 nondefault_option: '+' K_MINCUTS $@207 . T_STRING NUMBER

    T_STRING  shift, and go to state 1286


State 1160

  1082 nondefault_option: '+' K_VIA $@205 . T_STRING

    T_STRING  shift, and go to state 1287


State 1161

  1084 nondefault_option: '+' K_VIARULE $@206 . T_STRING

    T_STRING  shift, and go to state 1288


State 1162

  340 otherPts: otherPts . nextPt
  1106 styles_rule: '-' K_STYLE NUMBER $@209 firstPt nextPt otherPts . ';'

    ';'  shift, and go to state 1289
    '('  shift, and go to state 188

    nextPt  go to state 544
    pt      go to state 318


State 1163

  112 canplace: K_CANPLACE $@26 T_STRING NUMBER NUMBER orient K_DO NUMBER K_BY NUMBER . K_STEP NUMBER NUMBER ';'

    K_STEP  shift, and go to state 1290


State 1164

  114 cannotoccupy: K_CANNOTOCCUPY $@27 T_STRING NUMBER NUMBER orient K_DO NUMBER K_BY NUMBER . K_STEP NUMBER NUMBER ';'

    K_STEP  shift, and go to state 1291


State 1165

  267 row_do_option: K_DO NUMBER . K_BY NUMBER row_step_option

    K_BY  shift, and go to state 1292


State 1166

  265 row_rule: K_ROW $@48 T_STRING T_STRING NUMBER NUMBER orient $@49 row_do_option row_options . ';'
  271 row_options: row_options . row_option

    ';'  shift, and go to state 1293
    '+'  shift, and go to state 1294

    row_option  go to state 1295


State 1167

  654 opt_range: K_RANGE NUMBER . NUMBER

    NUMBER  shift, and go to state 1296


State 1168

  107 opt_num_val: NUMBER .

    $default  reduce using rule 107 (opt_num_val)


State 1169

  102 property_type_and_val: K_REAL $@25 opt_range opt_num_val .

    $default  reduce using rule 102 (property_type_and_val)


State 1170

  100 property_type_and_val: K_INTEGER $@24 opt_range opt_num_val .

    $default  reduce using rule 100 (property_type_and_val)


State 1171

  138 pin: '-' $@29 T_STRING '+' K_NET $@30 T_STRING $@31 . pin_options ';'

    $default  reduce using rule 139 (pin_options)

    pin_options  go to state 1297


State 1172

  290 track_property_statement: K_PROPERTY $@52 prop_name_value .

    $default  reduce using rule 290 (track_property_statement)


State 1173

  297 track_mask_statement: K_MASK NUMBER . same_mask

    K_SAMEMASK  shift, and go to state 1298

    $default  reduce using rule 298 (same_mask)

    same_mask  go to state 1299


State 1174

  295 track_width_statement: K_WIDTH . NUMBER

    NUMBER  shift, and go to state 1300


State 1175

  284 track_opts: track_opt_property_statements track_mask_statement track_width_statement . track_ndr_statement track_layer_statement

    K_NDR  shift, and go to state 1301

    $default  reduce using rule 291 (track_ndr_statement)

    track_ndr_statement  go to state 1302


State 1176

  319 layer_stmt: '+' K_RECT $@57 . T_STRING mask pt pt

    T_STRING  shift, and go to state 1303


State 1177

  336 layer_viarule_opts: '+' K_PATTERN $@64 . T_STRING

    T_STRING  shift, and go to state 1304


State 1178

  326 layer_stmt: '+' K_PATTERNNAME $@61 . T_STRING

    T_STRING  shift, and go to state 1305


State 1179

  321 layer_stmt: '+' K_PROPERTY $@58 . prop_name_value

    $default  reduce using rule 177 ($@43)

    prop_name_value  go to state 1306
    $@43             go to state 974


State 1180

  334 layer_viarule_opts: '+' K_OFFSET NUMBER . NUMBER NUMBER NUMBER

    NUMBER  shift, and go to state 1307


State 1181

  333 layer_viarule_opts: '+' K_ORIGIN NUMBER . NUMBER

    NUMBER  shift, and go to state 1308


State 1182

  332 layer_viarule_opts: '+' K_ROWCOL NUMBER . NUMBER

    NUMBER  shift, and go to state 1309


State 1183

  324 layer_stmt: '+' K_POLYGON $@59 . T_STRING mask $@60 firstPt nextPt nextPt otherPts

    T_STRING  shift, and go to state 1310


State 1184

  329 layer_stmt: '+' K_VIARULE $@62 . T_STRING '+' K_CUTSIZE NUMBER NUMBER '+' K_LAYERS $@63 T_STRING T_STRING T_STRING '+' K_CUTSPACING NUMBER NUMBER '+' K_ENCLOSURE NUMBER NUMBER NUMBER NUMBER

    T_STRING  shift, and go to state 1311


State 1185

  360 region_option: '+' K_PROPERTY . $@67 region_prop_list

    $default  reduce using rule 359 ($@67)

    $@67  go to state 1312


State 1186

  361 region_option: '+' K_TYPE . region_type

    K_FENCE  shift, and go to state 1313
    K_GUIDE  shift, and go to state 1314

    region_type  go to state 1315


State 1187

  434 opt_paren: NUMBER NUMBER .

    $default  reduce using rule 434 (opt_paren)


State 1188

  432 comp_foreign: '+' K_FOREIGN $@75 T_STRING opt_paren orient .

    $default  reduce using rule 432 (comp_foreign)


State 1189

  418 comp_halo: '+' K_HALO $@72 halo_soft NUMBER NUMBER . NUMBER NUMBER

    NUMBER  shift, and go to state 1316


State 1190

  422 comp_routehalo: '+' K_ROUTEHALO NUMBER $@73 T_STRING T_STRING .

    $default  reduce using rule 422 (comp_routehalo)


State 1191

  464 net_connection: '(' T_STRING $@81 . T_STRING conn_opt ')'

    T_STRING  shift, and go to state 1317


State 1192

  468 net_connection: '(' K_PIN $@83 . T_STRING conn_opt ')'

    T_STRING  shift, and go to state 1318


State 1193

  466 net_connection: '(' '*' $@82 . T_STRING conn_opt ')'

    T_STRING  shift, and go to state 1319


State 1194

  460 net_name: K_MUSTJOIN '(' T_STRING $@80 T_STRING ')' .

    $default  reduce using rule 460 (net_name)


State 1195

  497 net_option: '+' K_SUBNET $@90 T_STRING $@91 comp_names . $@92 subnet_options
  931 comp_names: comp_names . comp_name

    '('  shift, and go to state 1320

    $default  reduce using rule 496 ($@92)

    $@92       go to state 1321
    comp_name  go to state 1322


State 1196

  530 new_path: K_NEW . $@99 path

    $default  reduce using rule 529 ($@99)

    $@99  go to state 1323


State 1197

  528 paths: paths new_path .

    $default  reduce using rule 528 (paths)


State 1198

  533 path: T_STRING . $@100 opt_taper_style_s path_pt $@101 path_item_list_opt

    $default  reduce using rule 531 ($@100)

    $@100  go to state 1324


State 1199

  527 paths: $@98 path .

    $default  reduce using rule 527 (paths)


State 1200

  516 vpin_status: K_FIXED .

    $default  reduce using rule 516 (vpin_status)


State 1201

  517 vpin_status: K_COVER .

    $default  reduce using rule 517 (vpin_status)


State 1202

  515 vpin_status: K_PLACED .

    $default  reduce using rule 515 (vpin_status)


State 1203

  507 vpin_stmt: vpin_begin vpin_layer_opt pt pt $@94 vpin_options .

    $default  reduce using rule 507 (vpin_stmt)


State 1204

  514 vpin_options: vpin_status . pt orient

    '('  shift, and go to state 188

    pt  go to state 1325


State 1205

  622 snet_other_option: '+' K_RECT $@111 T_STRING pt pt .

    $default  reduce using rule 622 (snet_other_option)


State 1206

  650 snet_spacing: '+' K_SPACING $@118 T_STRING NUMBER $@119 . opt_snet_range

    K_RANGE  shift, and go to state 1326

    $default  reduce using rule 651 (opt_snet_range)

    opt_snet_range  go to state 1327


State 1207

  620 snet_other_option: '+' K_POLYGON $@109 T_STRING $@110 firstPt . nextPt nextPt otherPts

    '('  shift, and go to state 188

    nextPt  go to state 1328
    pt      go to state 318


State 1208

  625 snet_other_option: '+' K_VIA $@112 T_STRING orient_pt $@113 . firstPt otherPts

    '('  shift, and go to state 188

    firstPt  go to state 1329
    pt       go to state 190


State 1209

  670 snew_path: K_NEW . $@122 spath

    $default  reduce using rule 669 ($@122)

    $@122  go to state 1330


State 1210

  668 spaths: spaths snew_path .

    $default  reduce using rule 668 (spaths)


State 1211

  673 spath: T_STRING . $@123 width opt_spaths path_pt $@124 path_item_list_opt

    $default  reduce using rule 671 ($@123)

    $@123  go to state 1331


State 1212

  667 spaths: $@121 spath .

    $default  reduce using rule 667 (spaths)


State 1213

  705 group_components: group_components group_component .

    $default  reduce using rule 705 (group_components)


State 1214

  711 group_region: pt pt .

    $default  reduce using rule 711 (group_region)


State 1215

  708 group_groups: group_groups group_group .

    $default  reduce using rule 708 (group_groups)


State 1216

  720 group_soft_option: K_MAXX NUMBER .

    $default  reduce using rule 720 (group_soft_option)


State 1217

  721 group_soft_option: K_MAXY NUMBER .

    $default  reduce using rule 721 (group_soft_option)


State 1218

  722 group_soft_option: K_MAXHALFPERIMETER NUMBER .

    $default  reduce using rule 722 (group_soft_option)


State 1219

  702 group_hinsts: group_hinsts group_hinst .

    $default  reduce using rule 702 (group_hinsts)


State 1220

  715 group_prop: T_STRING . NUMBER
  716           | T_STRING . QSTRING
  717           | T_STRING . T_STRING

    QSTRING   shift, and go to state 1332
    T_STRING  shift, and go to state 1333
    NUMBER    shift, and go to state 1334


State 1221

  714 group_prop_list: group_prop_list group_prop .

    $default  reduce using rule 714 (group_prop_list)


State 1222

  743 wiredlogic_rule: '-' K_WIREDLOGIC $@133 T_STRING opt_plus K_MAXDIST NUMBER ';' .

    $default  reduce using rule 743 (wiredlogic_rule)


State 1223

  783 scan_member: '+' K_NAME $@143 T_STRING $@144 ordered_inst_list_opt .

    $default  reduce using rule 783 (scan_member)


State 1224

  790 one_floating_inst: T_STRING $@145 . floating_pins

    '('  shift, and go to state 1335

    $default  reduce using rule 791 (floating_pins)

    floating_pins  go to state 1336


State 1225

  801 one_ordered_inst: $@146 T_STRING $@147 . ordered_pins

    '('  shift, and go to state 1337

    $default  reduce using rule 802 (ordered_pins)

    ordered_pins  go to state 1338


State 1226

  780 scan_member: '+' K_PROPERTY $@141 prop_name_value $@142 ordered_inst_list_opt .

    $default  reduce using rule 780 (scan_member)


State 1227

  184 prop_string_value: QSTRING .

    $default  reduce using rule 184 (prop_string_value)


State 1228

  183 prop_string_value: T_STRING .

    $default  reduce using rule 183 (prop_string_value)


State 1229

  179 prop_name_value_pair: T_STRING NUMBER .

    $default  reduce using rule 179 (prop_name_value_pair)


State 1230

  180 prop_name_value_pair: T_STRING prop_string_value .

    $default  reduce using rule 180 (prop_name_value_pair)


State 1231

  785 opt_common_pins: '(' T_STRING T_STRING . ')'
  786                | '(' T_STRING T_STRING . ')' '(' T_STRING T_STRING ')'

    ')'  shift, and go to state 1339


State 1232

  807 partition_maxbits: K_MAXBITS NUMBER .

    $default  reduce using rule 807 (partition_maxbits)


State 1233

  830 iotiming_frompin: K_FROMPIN . $@153 T_STRING

    $default  reduce using rule 829 ($@153)

    $@153  go to state 1340


State 1234

  823 iotiming_member: '+' K_DRIVECELL $@149 T_STRING $@150 iotiming_drivecell_opt .

    $default  reduce using rule 823 (iotiming_member)


State 1235

  827 iotiming_drivecell_opt: iotiming_frompin . K_TOPIN $@151 T_STRING $@152 iotiming_parallel

    K_TOPIN  shift, and go to state 1341


State 1236

  842 fp_stmt: '-' $@154 T_STRING h_or_v $@155 constraint_type constrain_what_list ';' .

    $default  reduce using rule 842 (fp_stmt)


State 1237

  852 constrain_what: '+' . K_BOTTOMLEFT $@156 row_or_comp_list
  854               | '+' . K_TOPRIGHT $@157 row_or_comp_list

    K_BOTTOMLEFT  shift, and go to state 1342
    K_TOPRIGHT    shift, and go to state 1343


State 1238

  850 constrain_what_list: constrain_what_list constrain_what .

    $default  reduce using rule 850 (constrain_what_list)


State 1239

  867 timingdisables_rule: '-' K_FROMPIN $@160 T_STRING T_STRING K_TOPIN $@161 T_STRING . T_STRING ';'

    T_STRING  shift, and go to state 1344


State 1240

  875 td_macro_option: K_FROMPIN $@164 T_STRING K_TOPIN . $@165 T_STRING

    $default  reduce using rule 874 ($@165)

    $@165  go to state 1345


State 1241

  897 partition_member: '+' K_FROMCLOCKPIN $@168 T_STRING T_STRING risefall . minmaxpins

    $default  reduce using rule 911 (min_or_max_list)

    minmaxpins       go to state 1346
    min_or_max_list  go to state 1347


State 1242

  925 risefallminmax2: K_RISEMIN . NUMBER NUMBER

    NUMBER  shift, and go to state 1348


State 1243

  927 risefallminmax2: K_RISEMAX . NUMBER NUMBER

    NUMBER  shift, and go to state 1349


State 1244

  926 risefallminmax2: K_FALLMIN . NUMBER NUMBER

    NUMBER  shift, and go to state 1350


State 1245

  928 risefallminmax2: K_FALLMAX . NUMBER NUMBER

    NUMBER  shift, and go to state 1351


State 1246

  899 partition_member: '+' K_FROMCOMPPIN $@169 T_STRING T_STRING risefallminmax2_list .
  924 risefallminmax2_list: risefallminmax2_list . risefallminmax2

    K_RISEMIN  shift, and go to state 1242
    K_RISEMAX  shift, and go to state 1243
    K_FALLMIN  shift, and go to state 1244
    K_FALLMAX  shift, and go to state 1245

    $default  reduce using rule 899 (partition_member)

    risefallminmax2  go to state 1352


State 1247

  923 risefallminmax2_list: risefallminmax2 .

    $default  reduce using rule 923 (risefallminmax2_list)


State 1248

  919 risefallminmax1: K_RISEMIN . NUMBER

    NUMBER  shift, and go to state 1353


State 1249

  921 risefallminmax1: K_RISEMAX . NUMBER

    NUMBER  shift, and go to state 1354


State 1250

  920 risefallminmax1: K_FALLMIN . NUMBER

    NUMBER  shift, and go to state 1355


State 1251

  922 risefallminmax1: K_FALLMAX . NUMBER

    NUMBER  shift, and go to state 1356


State 1252

  918 risefallminmax1_list: risefallminmax1_list risefallminmax1 .

    $default  reduce using rule 918 (risefallminmax1_list)


State 1253

  903 partition_member: '+' K_TOCLOCKPIN $@171 T_STRING T_STRING risefall . minmaxpins

    $default  reduce using rule 911 (min_or_max_list)

    minmaxpins       go to state 1357
    min_or_max_list  go to state 1347


State 1254

  905 partition_member: '+' K_TOCOMPPIN $@172 T_STRING T_STRING risefallminmax2_list .
  924 risefallminmax2_list: risefallminmax2_list . risefallminmax2

    K_RISEMIN  shift, and go to state 1242
    K_RISEMAX  shift, and go to state 1243
    K_FALLMIN  shift, and go to state 1244
    K_FALLMAX  shift, and go to state 1245

    $default  reduce using rule 905 (partition_member)

    risefallminmax2  go to state 1352


State 1255

  959 pin_prop: '+' K_PROPERTY . $@180 pin_prop_name_value_list

    $default  reduce using rule 958 ($@180)

    $@180  go to state 1358


State 1256

  982 layer_blockage_rule: '+' K_NAME . $@184 T_STRING

    $default  reduce using rule 981 ($@184)

    $@184  go to state 1359


State 1257

  978 layer_blockage_rule: '+' K_SPACING . NUMBER

    NUMBER  shift, and go to state 1360


State 1258

  985 layer_blockage_rule: '+' K_PROPERTY . $@185 prop_name_value

    $default  reduce using rule 984 ($@185)

    $@185  go to state 1361


State 1259

  988 comp_blockage_rule: '+' K_COMPONENT . $@186 T_STRING

    $default  reduce using rule 987 ($@186)

    $@186  go to state 1362


State 1260

  980 layer_blockage_rule: '+' K_MASK . NUMBER

    NUMBER  shift, and go to state 1363


State 1261

  989 comp_blockage_rule: '+' K_SLOTS .

    $default  reduce using rule 989 (comp_blockage_rule)


State 1262

  990 comp_blockage_rule: '+' K_FILLS .

    $default  reduce using rule 990 (comp_blockage_rule)


State 1263

  991 comp_blockage_rule: '+' K_PUSHDOWN .

    $default  reduce using rule 991 (comp_blockage_rule)


State 1264

  979 layer_blockage_rule: '+' K_DESIGNRULEWIDTH . NUMBER

    NUMBER  shift, and go to state 1364


State 1265

  992 comp_blockage_rule: '+' K_EXCEPTPGNET .

    $default  reduce using rule 992 (comp_blockage_rule)


State 1266

  993 comp_blockage_rule: '+' K_ONLYPGNET .

    $default  reduce using rule 993 (comp_blockage_rule)


State 1267

  983 layer_blockage_rule: '+' K_PARTIAL . NUMBER

    NUMBER  shift, and go to state 1365


State 1268

  999 placement_comp_rule: '+' K_NAME $@188 T_STRING .

    $default  reduce using rule 999 (placement_comp_rule)


State 1269

  1001 placement_comp_rule: '+' K_PROPERTY $@189 prop_name_value .

    $default  reduce using rule 1001 (placement_comp_rule)


State 1270

  997 placement_comp_rule: '+' K_COMPONENT $@187 T_STRING .

    $default  reduce using rule 997 (placement_comp_rule)


State 1271

  1007 placement_comp_rule: '+' K_PARTIAL NUMBER K_NOFLOPS .

    $default  reduce using rule 1007 (placement_comp_rule)


State 1272

  340 otherPts: otherPts . nextPt
  1026 geom_slot: K_POLYGON $@193 firstPt nextPt nextPt otherPts .

    '('  shift, and go to state 188

    $default  reduce using rule 1026 (geom_slot)

    nextPt  go to state 544
    pt      go to state 318


State 1273

  1040 geom_fill: K_RECT pt . pt

    '('  shift, and go to state 188

    pt  go to state 1366


State 1274

  1042 geom_fill: K_POLYGON $@198 . firstPt nextPt nextPt otherPts

    '('  shift, and go to state 188

    firstPt  go to state 1367
    pt       go to state 190


State 1275

  1063 fill_layer_prop: '+' K_PROPERTY . $@200 prop_name_value

    $default  reduce using rule 1062 ($@200)

    $@200  go to state 1368


State 1276

  1065 fill_mask: '+' K_MASK . NUMBER

    NUMBER  shift, and go to state 1369


State 1277

  1048 fill_layer_opc: '+' K_OPC .

    $default  reduce using rule 1048 (fill_layer_opc)


State 1278

  1034 fill_def: '-' K_LAYER $@194 T_STRING $@195 fill_layer_mask_opc_opt geom_fill geom_fill_rules . ';'
  1039 geom_fill_rules: geom_fill_rules . geom_fill

    K_RECT     shift, and go to state 1141
    K_POLYGON  shift, and go to state 1142
    ';'        shift, and go to state 1370

    geom_fill  go to state 1371


State 1279

  1061 fill_via_prop: '+' K_PROPERTY . $@199 prop_name_value

    $default  reduce using rule 1060 ($@199)

    $@199  go to state 1372


State 1280

  1066 fill_viaMask: '+' K_MASK . NUMBER

    NUMBER  shift, and go to state 1373


State 1281

  1064 fill_via_opc: '+' K_OPC .

    $default  reduce using rule 1064 (fill_via_opc)


State 1282

  1037 fill_def: '-' K_VIA $@196 T_STRING $@197 fill_via_mask_opc_opt firstViaPt otherViaPts . ';'
  1052 otherViaPts: otherViaPts . nextViaPt

    K_N   shift, and go to state 529
    K_S   shift, and go to state 530
    K_E   shift, and go to state 531
    K_W   shift, and go to state 532
    K_FN  shift, and go to state 533
    K_FE  shift, and go to state 534
    K_FS  shift, and go to state 535
    K_FW  shift, and go to state 536
    ';'   shift, and go to state 1374

    $default  reduce using rule 1053 (fill_via_orient)

    orient           go to state 1150
    nextViaPt        go to state 1375
    fill_via_orient  go to state 1376


State 1283

  1049 firstViaPt: fill_via_orient pt .

    $default  reduce using rule 1049 (firstViaPt)


State 1284

  1080 nondefault_option: '+' K_LAYER $@203 T_STRING . K_WIDTH NUMBER $@204 nondefault_layer_options

    K_WIDTH  shift, and go to state 1377


State 1285

  1094 nondefault_prop_opt: '+' K_PROPERTY $@208 nondefault_prop_list .
  1096 nondefault_prop_list: nondefault_prop_list . nondefault_prop

    T_STRING  shift, and go to state 1378

    $default  reduce using rule 1094 (nondefault_prop_opt)

    nondefault_prop  go to state 1379


State 1286

  1086 nondefault_option: '+' K_MINCUTS $@207 T_STRING . NUMBER

    NUMBER  shift, and go to state 1380


State 1287

  1082 nondefault_option: '+' K_VIA $@205 T_STRING .

    $default  reduce using rule 1082 (nondefault_option)


State 1288

  1084 nondefault_option: '+' K_VIARULE $@206 T_STRING .

    $default  reduce using rule 1084 (nondefault_option)


State 1289

  1106 styles_rule: '-' K_STYLE NUMBER $@209 firstPt nextPt otherPts ';' .

    $default  reduce using rule 1106 (styles_rule)


State 1290

  112 canplace: K_CANPLACE $@26 T_STRING NUMBER NUMBER orient K_DO NUMBER K_BY NUMBER K_STEP . NUMBER NUMBER ';'

    NUMBER  shift, and go to state 1381


State 1291

  114 cannotoccupy: K_CANNOTOCCUPY $@27 T_STRING NUMBER NUMBER orient K_DO NUMBER K_BY NUMBER K_STEP . NUMBER NUMBER ';'

    NUMBER  shift, and go to state 1382


State 1292

  267 row_do_option: K_DO NUMBER K_BY . NUMBER row_step_option

    NUMBER  shift, and go to state 1383


State 1293

  265 row_rule: K_ROW $@48 T_STRING T_STRING NUMBER NUMBER orient $@49 row_do_option row_options ';' .

    $default  reduce using rule 265 (row_rule)


State 1294

  273 row_option: '+' . K_PROPERTY $@50 row_prop_list

    K_PROPERTY  shift, and go to state 1384


State 1295

  271 row_options: row_options row_option .

    $default  reduce using rule 271 (row_options)


State 1296

  654 opt_range: K_RANGE NUMBER NUMBER .

    $default  reduce using rule 654 (opt_range)


State 1297

  138 pin: '-' $@29 T_STRING '+' K_NET $@30 T_STRING $@31 pin_options . ';'
  140 pin_options: pin_options . pin_option

    ';'  shift, and go to state 1385
    '+'  shift, and go to state 1386

    pin_option        go to state 1387
    extension_stmt    go to state 1388
    placement_status  go to state 1389


State 1298

  299 same_mask: K_SAMEMASK .

    $default  reduce using rule 299 (same_mask)


State 1299

  297 track_mask_statement: K_MASK NUMBER same_mask .

    $default  reduce using rule 297 (track_mask_statement)


State 1300

  295 track_width_statement: K_WIDTH NUMBER .

    $default  reduce using rule 295 (track_width_statement)


State 1301

  293 track_ndr_statement: K_NDR . $@53 T_STRING

    $default  reduce using rule 292 ($@53)

    $@53  go to state 1390


State 1302

  284 track_opts: track_opt_property_statements track_mask_statement track_width_statement track_ndr_statement . track_layer_statement

    K_LAYER  shift, and go to state 1391

    $default  reduce using rule 300 (track_layer_statement)

    track_layer_statement  go to state 1392


State 1303

  319 layer_stmt: '+' K_RECT $@57 T_STRING . mask pt pt

    '+'  shift, and go to state 1393

    $default  reduce using rule 345 (mask)

    mask  go to state 1394


State 1304

  336 layer_viarule_opts: '+' K_PATTERN $@64 T_STRING .

    $default  reduce using rule 336 (layer_viarule_opts)


State 1305

  326 layer_stmt: '+' K_PATTERNNAME $@61 T_STRING .

    $default  reduce using rule 326 (layer_stmt)


State 1306

  321 layer_stmt: '+' K_PROPERTY $@58 prop_name_value .

    $default  reduce using rule 321 (layer_stmt)


State 1307

  334 layer_viarule_opts: '+' K_OFFSET NUMBER NUMBER . NUMBER NUMBER

    NUMBER  shift, and go to state 1395


State 1308

  333 layer_viarule_opts: '+' K_ORIGIN NUMBER NUMBER .

    $default  reduce using rule 333 (layer_viarule_opts)


State 1309

  332 layer_viarule_opts: '+' K_ROWCOL NUMBER NUMBER .

    $default  reduce using rule 332 (layer_viarule_opts)


State 1310

  324 layer_stmt: '+' K_POLYGON $@59 T_STRING . mask $@60 firstPt nextPt nextPt otherPts

    '+'  shift, and go to state 1393

    $default  reduce using rule 345 (mask)

    mask  go to state 1396


State 1311

  329 layer_stmt: '+' K_VIARULE $@62 T_STRING . '+' K_CUTSIZE NUMBER NUMBER '+' K_LAYERS $@63 T_STRING T_STRING T_STRING '+' K_CUTSPACING NUMBER NUMBER '+' K_ENCLOSURE NUMBER NUMBER NUMBER NUMBER

    '+'  shift, and go to state 1397


State 1312

  360 region_option: '+' K_PROPERTY $@67 . region_prop_list

    $default  reduce using rule 362 (region_prop_list)

    region_prop_list  go to state 1398


State 1313

  367 region_type: K_FENCE .

    $default  reduce using rule 367 (region_type)


State 1314

  368 region_type: K_GUIDE .

    $default  reduce using rule 368 (region_type)


State 1315

  361 region_option: '+' K_TYPE region_type .

    $default  reduce using rule 361 (region_option)


State 1316

  418 comp_halo: '+' K_HALO $@72 halo_soft NUMBER NUMBER NUMBER . NUMBER

    NUMBER  shift, and go to state 1399


State 1317

  464 net_connection: '(' T_STRING $@81 T_STRING . conn_opt ')'

    '+'  shift, and go to state 1400

    $default  reduce using rule 469 (conn_opt)

    extension_stmt  go to state 1401
    conn_opt        go to state 1402


State 1318

  468 net_connection: '(' K_PIN $@83 T_STRING . conn_opt ')'

    '+'  shift, and go to state 1400

    $default  reduce using rule 469 (conn_opt)

    extension_stmt  go to state 1401
    conn_opt        go to state 1403


State 1319

  466 net_connection: '(' '*' $@82 T_STRING . conn_opt ')'

    '+'  shift, and go to state 1400

    $default  reduce using rule 469 (conn_opt)

    extension_stmt  go to state 1401
    conn_opt        go to state 1404


State 1320

  933 comp_name: '(' . $@175 T_STRING T_STRING subnet_opt_syn ')'

    $default  reduce using rule 932 ($@175)

    $@175  go to state 1405


State 1321

  497 net_option: '+' K_SUBNET $@90 T_STRING $@91 comp_names $@92 . subnet_options

    $default  reduce using rule 936 (subnet_options)

    subnet_options  go to state 1406


State 1322

  931 comp_names: comp_names comp_name .

    $default  reduce using rule 931 (comp_names)


State 1323

  530 new_path: K_NEW $@99 . path

    T_STRING  shift, and go to state 1198

    path  go to state 1407


State 1324

  533 path: T_STRING $@100 . opt_taper_style_s path_pt $@101 path_item_list_opt

    $default  reduce using rule 568 (opt_taper_style_s)

    opt_taper_style_s  go to state 1408


State 1325

  514 vpin_options: vpin_status pt . orient

    K_N   shift, and go to state 529
    K_S   shift, and go to state 530
    K_E   shift, and go to state 531
    K_W   shift, and go to state 532
    K_FN  shift, and go to state 533
    K_FE  shift, and go to state 534
    K_FS  shift, and go to state 535
    K_FW  shift, and go to state 536

    orient  go to state 1409


State 1326

  652 opt_snet_range: K_RANGE . NUMBER NUMBER

    NUMBER  shift, and go to state 1410


State 1327

  650 snet_spacing: '+' K_SPACING $@118 T_STRING NUMBER $@119 opt_snet_range .

    $default  reduce using rule 650 (snet_spacing)


State 1328

  620 snet_other_option: '+' K_POLYGON $@109 T_STRING $@110 firstPt nextPt . nextPt otherPts

    '('  shift, and go to state 188

    nextPt  go to state 1411
    pt      go to state 318


State 1329

  625 snet_other_option: '+' K_VIA $@112 T_STRING orient_pt $@113 firstPt . otherPts

    $default  reduce using rule 339 (otherPts)

    otherPts  go to state 1412


State 1330

  670 snew_path: K_NEW $@122 . spath

    T_STRING  shift, and go to state 1211

    spath  go to state 1413


State 1331

  673 spath: T_STRING $@123 . width opt_spaths path_pt $@124 path_item_list_opt

    NUMBER  shift, and go to state 1414

    width  go to state 1415


State 1332

  716 group_prop: T_STRING QSTRING .

    $default  reduce using rule 716 (group_prop)


State 1333

  717 group_prop: T_STRING T_STRING .

    $default  reduce using rule 717 (group_prop)


State 1334

  715 group_prop: T_STRING NUMBER .

    $default  reduce using rule 715 (group_prop)


State 1335

  792 floating_pins: '(' . T_STRING T_STRING ')'
  793              | '(' . T_STRING T_STRING ')' '(' T_STRING T_STRING ')'
  794              | '(' . T_STRING T_STRING ')' '(' T_STRING T_STRING ')' '(' T_STRING T_STRING ')'

    T_STRING  shift, and go to state 1416


State 1336

  790 one_floating_inst: T_STRING $@145 floating_pins .

    $default  reduce using rule 790 (one_floating_inst)


State 1337

  803 ordered_pins: '(' . T_STRING T_STRING ')'
  804             | '(' . T_STRING T_STRING ')' '(' T_STRING T_STRING ')'
  805             | '(' . T_STRING T_STRING ')' '(' T_STRING T_STRING ')' '(' T_STRING T_STRING ')'

    T_STRING  shift, and go to state 1417


State 1338

  801 one_ordered_inst: $@146 T_STRING $@147 ordered_pins .

    $default  reduce using rule 801 (one_ordered_inst)


State 1339

  785 opt_common_pins: '(' T_STRING T_STRING ')' .
  786                | '(' T_STRING T_STRING ')' . '(' T_STRING T_STRING ')'

    '('  shift, and go to state 1418

    $default  reduce using rule 785 (opt_common_pins)


State 1340

  830 iotiming_frompin: K_FROMPIN $@153 . T_STRING

    T_STRING  shift, and go to state 1419


State 1341

  827 iotiming_drivecell_opt: iotiming_frompin K_TOPIN . $@151 T_STRING $@152 iotiming_parallel

    $default  reduce using rule 825 ($@151)

    $@151  go to state 1420


State 1342

  852 constrain_what: '+' K_BOTTOMLEFT . $@156 row_or_comp_list

    $default  reduce using rule 851 ($@156)

    $@156  go to state 1421


State 1343

  854 constrain_what: '+' K_TOPRIGHT . $@157 row_or_comp_list

    $default  reduce using rule 853 ($@157)

    $@157  go to state 1422


State 1344

  867 timingdisables_rule: '-' K_FROMPIN $@160 T_STRING T_STRING K_TOPIN $@161 T_STRING T_STRING . ';'

    ';'  shift, and go to state 1423


State 1345

  875 td_macro_option: K_FROMPIN $@164 T_STRING K_TOPIN $@165 . T_STRING

    T_STRING  shift, and go to state 1424


State 1346

  897 partition_member: '+' K_FROMCLOCKPIN $@168 T_STRING T_STRING risefall minmaxpins .

    $default  reduce using rule 897 (partition_member)


State 1347

  910 minmaxpins: min_or_max_list . K_PINS $@174 pin_list
  912 min_or_max_list: min_or_max_list . min_or_max_member

    K_PINS  shift, and go to state 1425
    K_MIN   shift, and go to state 1426
    K_MAX   shift, and go to state 1427

    min_or_max_member  go to state 1428


State 1348

  925 risefallminmax2: K_RISEMIN NUMBER . NUMBER

    NUMBER  shift, and go to state 1429


State 1349

  927 risefallminmax2: K_RISEMAX NUMBER . NUMBER

    NUMBER  shift, and go to state 1430


State 1350

  926 risefallminmax2: K_FALLMIN NUMBER . NUMBER

    NUMBER  shift, and go to state 1431


State 1351

  928 risefallminmax2: K_FALLMAX NUMBER . NUMBER

    NUMBER  shift, and go to state 1432


State 1352

  924 risefallminmax2_list: risefallminmax2_list risefallminmax2 .

    $default  reduce using rule 924 (risefallminmax2_list)


State 1353

  919 risefallminmax1: K_RISEMIN NUMBER .

    $default  reduce using rule 919 (risefallminmax1)


State 1354

  921 risefallminmax1: K_RISEMAX NUMBER .

    $default  reduce using rule 921 (risefallminmax1)


State 1355

  920 risefallminmax1: K_FALLMIN NUMBER .

    $default  reduce using rule 920 (risefallminmax1)


State 1356

  922 risefallminmax1: K_FALLMAX NUMBER .

    $default  reduce using rule 922 (risefallminmax1)


State 1357

  903 partition_member: '+' K_TOCLOCKPIN $@171 T_STRING T_STRING risefall minmaxpins .

    $default  reduce using rule 903 (partition_member)


State 1358

  959 pin_prop: '+' K_PROPERTY $@180 . pin_prop_name_value_list

    $default  reduce using rule 960 (pin_prop_name_value_list)

    pin_prop_name_value_list  go to state 1433


State 1359

  982 layer_blockage_rule: '+' K_NAME $@184 . T_STRING

    T_STRING  shift, and go to state 1434


State 1360

  978 layer_blockage_rule: '+' K_SPACING NUMBER .

    $default  reduce using rule 978 (layer_blockage_rule)


State 1361

  985 layer_blockage_rule: '+' K_PROPERTY $@185 . prop_name_value

    $default  reduce using rule 177 ($@43)

    prop_name_value  go to state 1435
    $@43             go to state 974


State 1362

  988 comp_blockage_rule: '+' K_COMPONENT $@186 . T_STRING

    T_STRING  shift, and go to state 1436


State 1363

  980 layer_blockage_rule: '+' K_MASK NUMBER .

    $default  reduce using rule 980 (layer_blockage_rule)


State 1364

  979 layer_blockage_rule: '+' K_DESIGNRULEWIDTH NUMBER .

    $default  reduce using rule 979 (layer_blockage_rule)


State 1365

  983 layer_blockage_rule: '+' K_PARTIAL NUMBER .

    $default  reduce using rule 983 (layer_blockage_rule)


State 1366

  1040 geom_fill: K_RECT pt pt .

    $default  reduce using rule 1040 (geom_fill)


State 1367

  1042 geom_fill: K_POLYGON $@198 firstPt . nextPt nextPt otherPts

    '('  shift, and go to state 188

    nextPt  go to state 1437
    pt      go to state 318


State 1368

  1063 fill_layer_prop: '+' K_PROPERTY $@200 . prop_name_value

    $default  reduce using rule 177 ($@43)

    prop_name_value  go to state 1438
    $@43             go to state 974


State 1369

  1065 fill_mask: '+' K_MASK NUMBER .

    $default  reduce using rule 1065 (fill_mask)


State 1370

  1034 fill_def: '-' K_LAYER $@194 T_STRING $@195 fill_layer_mask_opc_opt geom_fill geom_fill_rules ';' .

    $default  reduce using rule 1034 (fill_def)


State 1371

  1039 geom_fill_rules: geom_fill_rules geom_fill .

    $default  reduce using rule 1039 (geom_fill_rules)


State 1372

  1061 fill_via_prop: '+' K_PROPERTY $@199 . prop_name_value

    $default  reduce using rule 177 ($@43)

    prop_name_value  go to state 1439
    $@43             go to state 974


State 1373

  1066 fill_viaMask: '+' K_MASK NUMBER .

    $default  reduce using rule 1066 (fill_viaMask)


State 1374

  1037 fill_def: '-' K_VIA $@196 T_STRING $@197 fill_via_mask_opc_opt firstViaPt otherViaPts ';' .

    $default  reduce using rule 1037 (fill_def)


State 1375

  1052 otherViaPts: otherViaPts nextViaPt .

    $default  reduce using rule 1052 (otherViaPts)


State 1376

  1050 nextViaPt: fill_via_orient . pt

    '('  shift, and go to state 188

    pt  go to state 1440


State 1377

  1080 nondefault_option: '+' K_LAYER $@203 T_STRING K_WIDTH . NUMBER $@204 nondefault_layer_options

    NUMBER  shift, and go to state 1441


State 1378

  1097 nondefault_prop: T_STRING . NUMBER
  1098                | T_STRING . QSTRING
  1099                | T_STRING . T_STRING

    QSTRING   shift, and go to state 1442
    T_STRING  shift, and go to state 1443
    NUMBER    shift, and go to state 1444


State 1379

  1096 nondefault_prop_list: nondefault_prop_list nondefault_prop .

    $default  reduce using rule 1096 (nondefault_prop_list)


State 1380

  1086 nondefault_option: '+' K_MINCUTS $@207 T_STRING NUMBER .

    $default  reduce using rule 1086 (nondefault_option)


State 1381

  112 canplace: K_CANPLACE $@26 T_STRING NUMBER NUMBER orient K_DO NUMBER K_BY NUMBER K_STEP NUMBER . NUMBER ';'

    NUMBER  shift, and go to state 1445


State 1382

  114 cannotoccupy: K_CANNOTOCCUPY $@27 T_STRING NUMBER NUMBER orient K_DO NUMBER K_BY NUMBER K_STEP NUMBER . NUMBER ';'

    NUMBER  shift, and go to state 1446


State 1383

  267 row_do_option: K_DO NUMBER K_BY NUMBER . row_step_option

    K_STEP  shift, and go to state 1447

    $default  reduce using rule 268 (row_step_option)

    row_step_option  go to state 1448


State 1384

  273 row_option: '+' K_PROPERTY . $@50 row_prop_list

    $default  reduce using rule 272 ($@50)

    $@50  go to state 1449


State 1385

  138 pin: '-' $@29 T_STRING '+' K_NET $@30 T_STRING $@31 pin_options ';' .

    $default  reduce using rule 138 (pin)


State 1386

  141 pin_option: '+' . K_SPECIAL
  143           | '+' . K_DIRECTION T_STRING
  145           | '+' . K_PROPERTY $@32 pin_prop_name_values
  146           | '+' . K_NETEXPR QSTRING
  148           | '+' . K_SUPPLYSENSITIVITY $@33 T_STRING
  150           | '+' . K_GROUNDSENSITIVITY $@34 T_STRING
  151           | '+' . K_USE use_type
  152           | '+' . K_PORT
  155           | '+' . K_LAYER $@35 T_STRING $@36 pin_layer_mask_opt pin_layer_spacing_opt pin_layer_props_opt pt pt
  158           | '+' . K_POLYGON $@37 T_STRING $@38 pin_poly_mask_opt pin_poly_spacing_opt pin_poly_props_opt firstPt nextPt nextPt otherPts
  160           | '+' . K_VIA $@39 T_STRING pin_via_mask_opt pin_via_props_opt via_orient '(' NUMBER NUMBER ')'
  163           | '+' . K_ANTENNAPINPARTIALMETALAREA NUMBER pin_layer_opt
  164           | '+' . K_ANTENNAPINPARTIALMETALSIDEAREA NUMBER pin_layer_opt
  165           | '+' . K_ANTENNAPINGATEAREA NUMBER pin_layer_opt
  166           | '+' . K_ANTENNAPINDIFFAREA NUMBER pin_layer_opt
  168           | '+' . K_ANTENNAPINMAXAREACAR NUMBER K_LAYER $@40 T_STRING
  170           | '+' . K_ANTENNAPINMAXSIDEAREACAR NUMBER K_LAYER $@41 T_STRING
  171           | '+' . K_ANTENNAPINPARTIALCUTAREA NUMBER pin_layer_opt
  173           | '+' . K_ANTENNAPINMAXCUTCAR NUMBER K_LAYER $@42 T_STRING
  174           | '+' . K_ANTENNAMODEL pin_oxide
  308 extension_stmt: '+' . K_BEGINEXT
  440 placement_status: '+' . K_FIXED
  441                 | '+' . K_COVER
  442                 | '+' . K_PLACED
  443                 | '+' . K_SOFTFIXED

    K_LAYER                           shift, and go to state 1450
    K_FIXED                           shift, and go to state 574
    K_COVER                           shift, and go to state 575
    K_PLACED                          shift, and go to state 577
    K_USE                             shift, and go to state 1451
    K_SPECIAL                         shift, and go to state 1452
    K_DIRECTION                       shift, and go to state 1453
    K_PROPERTY                        shift, and go to state 1454
    K_BEGINEXT                        shift, and go to state 581
    K_ANTENNAPINPARTIALMETALAREA      shift, and go to state 1455
    K_ANTENNAPINPARTIALMETALSIDEAREA  shift, and go to state 1456
    K_ANTENNAPINGATEAREA              shift, and go to state 1457
    K_ANTENNAPINDIFFAREA              shift, and go to state 1458
    K_ANTENNAPINMAXAREACAR            shift, and go to state 1459
    K_ANTENNAPINMAXSIDEAREACAR        shift, and go to state 1460
    K_ANTENNAPINPARTIALCUTAREA        shift, and go to state 1461
    K_ANTENNAPINMAXCUTCAR             shift, and go to state 1462
    K_ANTENNAMODEL                    shift, and go to state 1463
    K_GROUNDSENSITIVITY               shift, and go to state 1464
    K_NETEXPR                         shift, and go to state 1465
    K_SOFTFIXED                       shift, and go to state 586
    K_POLYGON                         shift, and go to state 1466
    K_PORT                            shift, and go to state 1467
    K_SUPPLYSENSITIVITY               shift, and go to state 1468
    K_VIA                             shift, and go to state 1469


State 1387

  140 pin_options: pin_options pin_option .

    $default  reduce using rule 140 (pin_options)


State 1388

  142 pin_option: extension_stmt .

    $default  reduce using rule 142 (pin_option)


State 1389

  161 pin_option: placement_status .
  162           | placement_status . pt orient

    '('  shift, and go to state 188

    $default  reduce using rule 161 (pin_option)

    pt  go to state 1470


State 1390

  293 track_ndr_statement: K_NDR $@53 . T_STRING

    T_STRING  shift, and go to state 1471


State 1391

  302 track_layer_statement: K_LAYER . $@54 track_layer track_layers

    $default  reduce using rule 301 ($@54)

    $@54  go to state 1472


State 1392

  284 track_opts: track_opt_property_statements track_mask_statement track_width_statement track_ndr_statement track_layer_statement .

    $default  reduce using rule 284 (track_opts)


State 1393

  346 mask: '+' . K_MASK NUMBER

    K_MASK  shift, and go to state 1473


State 1394

  319 layer_stmt: '+' K_RECT $@57 T_STRING mask . pt pt

    '('  shift, and go to state 188

    pt  go to state 1474


State 1395

  334 layer_viarule_opts: '+' K_OFFSET NUMBER NUMBER NUMBER . NUMBER

    NUMBER  shift, and go to state 1475


State 1396

  324 layer_stmt: '+' K_POLYGON $@59 T_STRING mask . $@60 firstPt nextPt nextPt otherPts

    $default  reduce using rule 323 ($@60)

    $@60  go to state 1476


State 1397

  329 layer_stmt: '+' K_VIARULE $@62 T_STRING '+' . K_CUTSIZE NUMBER NUMBER '+' K_LAYERS $@63 T_STRING T_STRING T_STRING '+' K_CUTSPACING NUMBER NUMBER '+' K_ENCLOSURE NUMBER NUMBER NUMBER NUMBER

    K_CUTSIZE  shift, and go to state 1477


State 1398

  360 region_option: '+' K_PROPERTY $@67 region_prop_list .
  363 region_prop_list: region_prop_list . region_prop

    T_STRING  shift, and go to state 1478

    $default  reduce using rule 360 (region_option)

    region_prop  go to state 1479


State 1399

  418 comp_halo: '+' K_HALO $@72 halo_soft NUMBER NUMBER NUMBER NUMBER .

    $default  reduce using rule 418 (comp_halo)


State 1400

  308 extension_stmt: '+' . K_BEGINEXT
  471 conn_opt: '+' . K_SYNTHESIZED

    K_SYNTHESIZED  shift, and go to state 1480
    K_BEGINEXT     shift, and go to state 581


State 1401

  470 conn_opt: extension_stmt .

    $default  reduce using rule 470 (conn_opt)


State 1402

  464 net_connection: '(' T_STRING $@81 T_STRING conn_opt . ')'

    ')'  shift, and go to state 1481


State 1403

  468 net_connection: '(' K_PIN $@83 T_STRING conn_opt . ')'

    ')'  shift, and go to state 1482


State 1404

  466 net_connection: '(' '*' $@82 T_STRING conn_opt . ')'

    ')'  shift, and go to state 1483


State 1405

  933 comp_name: '(' $@175 . T_STRING T_STRING subnet_opt_syn ')'

    T_STRING  shift, and go to state 1484


State 1406

  497 net_option: '+' K_SUBNET $@90 T_STRING $@91 comp_names $@92 subnet_options .
  937 subnet_options: subnet_options . subnet_option

    K_FIXED           shift, and go to state 1485
    K_COVER           shift, and go to state 1486
    K_ROUTED          shift, and go to state 1487
    K_NONDEFAULTRULE  shift, and go to state 1488
    K_NOSHIELD        shift, and go to state 1489

    $default  reduce using rule 497 (net_option)

    subnet_option  go to state 1490
    subnet_type    go to state 1491


State 1407

  530 new_path: K_NEW $@99 path .

    $default  reduce using rule 530 (new_path)


State 1408

  533 path: T_STRING $@100 opt_taper_style_s . path_pt $@101 path_item_list_opt
  569 opt_taper_style_s: opt_taper_style_s . opt_taper_style

    K_STYLE      shift, and go to state 1492
    K_TAPER      shift, and go to state 1493
    K_TAPERRULE  shift, and go to state 1494
    K_PROPERTY   shift, and go to state 1495
    K_SHIELD     shift, and go to state 1496
    '('          shift, and go to state 1497

    path_pt          go to state 1498
    opt_taper_style  go to state 1499
    opt_prop         go to state 1500
    opt_shield       go to state 1501
    opt_taper        go to state 1502
    opt_style        go to state 1503


State 1409

  514 vpin_options: vpin_status pt orient .

    $default  reduce using rule 514 (vpin_options)


State 1410

  652 opt_snet_range: K_RANGE NUMBER . NUMBER

    NUMBER  shift, and go to state 1504


State 1411

  620 snet_other_option: '+' K_POLYGON $@109 T_STRING $@110 firstPt nextPt nextPt . otherPts

    $default  reduce using rule 339 (otherPts)

    otherPts  go to state 1505


State 1412

  340 otherPts: otherPts . nextPt
  625 snet_other_option: '+' K_VIA $@112 T_STRING orient_pt $@113 firstPt otherPts .

    '('  shift, and go to state 188

    $default  reduce using rule 625 (snet_other_option)

    nextPt  go to state 544
    pt      go to state 318


State 1413

  670 snew_path: K_NEW $@122 spath .

    $default  reduce using rule 670 (snew_path)


State 1414

  674 width: NUMBER .

    $default  reduce using rule 674 (width)


State 1415

  673 spath: T_STRING $@123 width . opt_spaths path_pt $@124 path_item_list_opt

    $default  reduce using rule 581 (opt_spaths)

    opt_spaths  go to state 1506


State 1416

  792 floating_pins: '(' T_STRING . T_STRING ')'
  793              | '(' T_STRING . T_STRING ')' '(' T_STRING T_STRING ')'
  794              | '(' T_STRING . T_STRING ')' '(' T_STRING T_STRING ')' '(' T_STRING T_STRING ')'

    T_STRING  shift, and go to state 1507


State 1417

  803 ordered_pins: '(' T_STRING . T_STRING ')'
  804             | '(' T_STRING . T_STRING ')' '(' T_STRING T_STRING ')'
  805             | '(' T_STRING . T_STRING ')' '(' T_STRING T_STRING ')' '(' T_STRING T_STRING ')'

    T_STRING  shift, and go to state 1508


State 1418

  786 opt_common_pins: '(' T_STRING T_STRING ')' '(' . T_STRING T_STRING ')'

    T_STRING  shift, and go to state 1509


State 1419

  830 iotiming_frompin: K_FROMPIN $@153 T_STRING .

    $default  reduce using rule 830 (iotiming_frompin)


State 1420

  827 iotiming_drivecell_opt: iotiming_frompin K_TOPIN $@151 . T_STRING $@152 iotiming_parallel

    T_STRING  shift, and go to state 1510


State 1421

  852 constrain_what: '+' K_BOTTOMLEFT $@156 . row_or_comp_list

    $default  reduce using rule 855 (row_or_comp_list)

    row_or_comp_list  go to state 1511


State 1422

  854 constrain_what: '+' K_TOPRIGHT $@157 . row_or_comp_list

    $default  reduce using rule 855 (row_or_comp_list)

    row_or_comp_list  go to state 1512


State 1423

  867 timingdisables_rule: '-' K_FROMPIN $@160 T_STRING T_STRING K_TOPIN $@161 T_STRING T_STRING ';' .

    $default  reduce using rule 867 (timingdisables_rule)


State 1424

  875 td_macro_option: K_FROMPIN $@164 T_STRING K_TOPIN $@165 T_STRING .

    $default  reduce using rule 875 (td_macro_option)


State 1425

  910 minmaxpins: min_or_max_list K_PINS . $@174 pin_list

    $default  reduce using rule 909 ($@174)

    $@174  go to state 1513


State 1426

  913 min_or_max_member: K_MIN . NUMBER NUMBER

    NUMBER  shift, and go to state 1514


State 1427

  914 min_or_max_member: K_MAX . NUMBER NUMBER

    NUMBER  shift, and go to state 1515


State 1428

  912 min_or_max_list: min_or_max_list min_or_max_member .

    $default  reduce using rule 912 (min_or_max_list)


State 1429

  925 risefallminmax2: K_RISEMIN NUMBER NUMBER .

    $default  reduce using rule 925 (risefallminmax2)


State 1430

  927 risefallminmax2: K_RISEMAX NUMBER NUMBER .

    $default  reduce using rule 927 (risefallminmax2)


State 1431

  926 risefallminmax2: K_FALLMIN NUMBER NUMBER .

    $default  reduce using rule 926 (risefallminmax2)


State 1432

  928 risefallminmax2: K_FALLMAX NUMBER NUMBER .

    $default  reduce using rule 928 (risefallminmax2)


State 1433

  959 pin_prop: '+' K_PROPERTY $@180 pin_prop_name_value_list .
  961 pin_prop_name_value_list: pin_prop_name_value_list . pin_prop_name_value

    T_STRING  shift, and go to state 1516

    $default  reduce using rule 959 (pin_prop)

    pin_prop_name_value  go to state 1517


State 1434

  982 layer_blockage_rule: '+' K_NAME $@184 T_STRING .

    $default  reduce using rule 982 (layer_blockage_rule)


State 1435

  985 layer_blockage_rule: '+' K_PROPERTY $@185 prop_name_value .

    $default  reduce using rule 985 (layer_blockage_rule)


State 1436

  988 comp_blockage_rule: '+' K_COMPONENT $@186 T_STRING .

    $default  reduce using rule 988 (comp_blockage_rule)


State 1437

  1042 geom_fill: K_POLYGON $@198 firstPt nextPt . nextPt otherPts

    '('  shift, and go to state 188

    nextPt  go to state 1518
    pt      go to state 318


State 1438

  1063 fill_layer_prop: '+' K_PROPERTY $@200 prop_name_value .

    $default  reduce using rule 1063 (fill_layer_prop)


State 1439

  1061 fill_via_prop: '+' K_PROPERTY $@199 prop_name_value .

    $default  reduce using rule 1061 (fill_via_prop)


State 1440

  1050 nextViaPt: fill_via_orient pt .

    $default  reduce using rule 1050 (nextViaPt)


State 1441

  1080 nondefault_option: '+' K_LAYER $@203 T_STRING K_WIDTH NUMBER . $@204 nondefault_layer_options

    $default  reduce using rule 1079 ($@204)

    $@204  go to state 1519


State 1442

  1098 nondefault_prop: T_STRING QSTRING .

    $default  reduce using rule 1098 (nondefault_prop)


State 1443

  1099 nondefault_prop: T_STRING T_STRING .

    $default  reduce using rule 1099 (nondefault_prop)


State 1444

  1097 nondefault_prop: T_STRING NUMBER .

    $default  reduce using rule 1097 (nondefault_prop)


State 1445

  112 canplace: K_CANPLACE $@26 T_STRING NUMBER NUMBER orient K_DO NUMBER K_BY NUMBER K_STEP NUMBER NUMBER . ';'

    ';'  shift, and go to state 1520


State 1446

  114 cannotoccupy: K_CANNOTOCCUPY $@27 T_STRING NUMBER NUMBER orient K_DO NUMBER K_BY NUMBER K_STEP NUMBER NUMBER . ';'

    ';'  shift, and go to state 1521


State 1447

  269 row_step_option: K_STEP . NUMBER NUMBER

    NUMBER  shift, and go to state 1522


State 1448

  267 row_do_option: K_DO NUMBER K_BY NUMBER row_step_option .

    $default  reduce using rule 267 (row_do_option)


State 1449

  273 row_option: '+' K_PROPERTY $@50 . row_prop_list

    $default  reduce using rule 274 (row_prop_list)

    row_prop_list  go to state 1523


State 1450

  155 pin_option: '+' K_LAYER . $@35 T_STRING $@36 pin_layer_mask_opt pin_layer_spacing_opt pin_layer_props_opt pt pt

    $default  reduce using rule 153 ($@35)

    $@35  go to state 1524


State 1451

  151 pin_option: '+' K_USE . use_type

    K_SIGNAL  shift, and go to state 753
    K_POWER   shift, and go to state 754
    K_GROUND  shift, and go to state 755
    K_CLOCK   shift, and go to state 756
    K_TIEOFF  shift, and go to state 757
    K_ANALOG  shift, and go to state 758
    K_SCAN    shift, and go to state 759
    K_RESET   shift, and go to state 760

    use_type  go to state 1525


State 1452

  141 pin_option: '+' K_SPECIAL .

    $default  reduce using rule 141 (pin_option)


State 1453

  143 pin_option: '+' K_DIRECTION . T_STRING

    T_STRING  shift, and go to state 1526


State 1454

  145 pin_option: '+' K_PROPERTY . $@32 pin_prop_name_values

    $default  reduce using rule 144 ($@32)

    $@32  go to state 1527


State 1455

  163 pin_option: '+' K_ANTENNAPINPARTIALMETALAREA . NUMBER pin_layer_opt

    NUMBER  shift, and go to state 1528


State 1456

  164 pin_option: '+' K_ANTENNAPINPARTIALMETALSIDEAREA . NUMBER pin_layer_opt

    NUMBER  shift, and go to state 1529


State 1457

  165 pin_option: '+' K_ANTENNAPINGATEAREA . NUMBER pin_layer_opt

    NUMBER  shift, and go to state 1530


State 1458

  166 pin_option: '+' K_ANTENNAPINDIFFAREA . NUMBER pin_layer_opt

    NUMBER  shift, and go to state 1531


State 1459

  168 pin_option: '+' K_ANTENNAPINMAXAREACAR . NUMBER K_LAYER $@40 T_STRING

    NUMBER  shift, and go to state 1532


State 1460

  170 pin_option: '+' K_ANTENNAPINMAXSIDEAREACAR . NUMBER K_LAYER $@41 T_STRING

    NUMBER  shift, and go to state 1533


State 1461

  171 pin_option: '+' K_ANTENNAPINPARTIALCUTAREA . NUMBER pin_layer_opt

    NUMBER  shift, and go to state 1534


State 1462

  173 pin_option: '+' K_ANTENNAPINMAXCUTCAR . NUMBER K_LAYER $@42 T_STRING

    NUMBER  shift, and go to state 1535


State 1463

  174 pin_option: '+' K_ANTENNAMODEL . pin_oxide

    K_OXIDE1   shift, and go to state 1536
    K_OXIDE2   shift, and go to state 1537
    K_OXIDE3   shift, and go to state 1538
    K_OXIDE4   shift, and go to state 1539
    K_OXIDE5   shift, and go to state 1540
    K_OXIDE6   shift, and go to state 1541
    K_OXIDE7   shift, and go to state 1542
    K_OXIDE8   shift, and go to state 1543
    K_OXIDE9   shift, and go to state 1544
    K_OXIDE10  shift, and go to state 1545
    K_OXIDE11  shift, and go to state 1546
    K_OXIDE12  shift, and go to state 1547
    K_OXIDE13  shift, and go to state 1548
    K_OXIDE14  shift, and go to state 1549
    K_OXIDE15  shift, and go to state 1550
    K_OXIDE16  shift, and go to state 1551
    K_OXIDE17  shift, and go to state 1552
    K_OXIDE18  shift, and go to state 1553
    K_OXIDE19  shift, and go to state 1554
    K_OXIDE20  shift, and go to state 1555
    K_OXIDE21  shift, and go to state 1556
    K_OXIDE22  shift, and go to state 1557
    K_OXIDE23  shift, and go to state 1558
    K_OXIDE24  shift, and go to state 1559
    K_OXIDE25  shift, and go to state 1560
    K_OXIDE26  shift, and go to state 1561
    K_OXIDE27  shift, and go to state 1562
    K_OXIDE28  shift, and go to state 1563
    K_OXIDE29  shift, and go to state 1564
    K_OXIDE30  shift, and go to state 1565
    K_OXIDE31  shift, and go to state 1566
    K_OXIDE32  shift, and go to state 1567

    pin_oxide  go to state 1568


State 1464

  150 pin_option: '+' K_GROUNDSENSITIVITY . $@34 T_STRING

    $default  reduce using rule 149 ($@34)

    $@34  go to state 1569


State 1465

  146 pin_option: '+' K_NETEXPR . QSTRING

    QSTRING  shift, and go to state 1570


State 1466

  158 pin_option: '+' K_POLYGON . $@37 T_STRING $@38 pin_poly_mask_opt pin_poly_spacing_opt pin_poly_props_opt firstPt nextPt nextPt otherPts

    $default  reduce using rule 156 ($@37)

    $@37  go to state 1571


State 1467

  152 pin_option: '+' K_PORT .

    $default  reduce using rule 152 (pin_option)


State 1468

  148 pin_option: '+' K_SUPPLYSENSITIVITY . $@33 T_STRING

    $default  reduce using rule 147 ($@33)

    $@33  go to state 1572


State 1469

  160 pin_option: '+' K_VIA . $@39 T_STRING pin_via_mask_opt pin_via_props_opt via_orient '(' NUMBER NUMBER ')'

    $default  reduce using rule 159 ($@39)

    $@39  go to state 1573


State 1470

  162 pin_option: placement_status pt . orient

    K_N   shift, and go to state 529
    K_S   shift, and go to state 530
    K_E   shift, and go to state 531
    K_W   shift, and go to state 532
    K_FN  shift, and go to state 533
    K_FE  shift, and go to state 534
    K_FS  shift, and go to state 535
    K_FW  shift, and go to state 536

    orient  go to state 1574


State 1471

  293 track_ndr_statement: K_NDR $@53 T_STRING .

    $default  reduce using rule 293 (track_ndr_statement)


State 1472

  302 track_layer_statement: K_LAYER $@54 . track_layer track_layers

    T_STRING  shift, and go to state 1575

    track_layer  go to state 1576


State 1473

  346 mask: '+' K_MASK . NUMBER

    NUMBER  shift, and go to state 1577


State 1474

  319 layer_stmt: '+' K_RECT $@57 T_STRING mask pt . pt

    '('  shift, and go to state 188

    pt  go to state 1578


State 1475

  334 layer_viarule_opts: '+' K_OFFSET NUMBER NUMBER NUMBER NUMBER .

    $default  reduce using rule 334 (layer_viarule_opts)


State 1476

  324 layer_stmt: '+' K_POLYGON $@59 T_STRING mask $@60 . firstPt nextPt nextPt otherPts

    '('  shift, and go to state 188

    firstPt  go to state 1579
    pt       go to state 190


State 1477

  329 layer_stmt: '+' K_VIARULE $@62 T_STRING '+' K_CUTSIZE . NUMBER NUMBER '+' K_LAYERS $@63 T_STRING T_STRING T_STRING '+' K_CUTSPACING NUMBER NUMBER '+' K_ENCLOSURE NUMBER NUMBER NUMBER NUMBER

    NUMBER  shift, and go to state 1580


State 1478

  364 region_prop: T_STRING . NUMBER
  365            | T_STRING . QSTRING
  366            | T_STRING . T_STRING

    QSTRING   shift, and go to state 1581
    T_STRING  shift, and go to state 1582
    NUMBER    shift, and go to state 1583


State 1479

  363 region_prop_list: region_prop_list region_prop .

    $default  reduce using rule 363 (region_prop_list)


State 1480

  471 conn_opt: '+' K_SYNTHESIZED .

    $default  reduce using rule 471 (conn_opt)


State 1481

  464 net_connection: '(' T_STRING $@81 T_STRING conn_opt ')' .

    $default  reduce using rule 464 (net_connection)


State 1482

  468 net_connection: '(' K_PIN $@83 T_STRING conn_opt ')' .

    $default  reduce using rule 468 (net_connection)


State 1483

  466 net_connection: '(' '*' $@82 T_STRING conn_opt ')' .

    $default  reduce using rule 466 (net_connection)


State 1484

  933 comp_name: '(' $@175 T_STRING . T_STRING subnet_opt_syn ')'

    T_STRING  shift, and go to state 1584


State 1485

  942 subnet_type: K_FIXED .

    $default  reduce using rule 942 (subnet_type)


State 1486

  943 subnet_type: K_COVER .

    $default  reduce using rule 943 (subnet_type)


State 1487

  944 subnet_type: K_ROUTED .

    $default  reduce using rule 944 (subnet_type)


State 1488

  941 subnet_option: K_NONDEFAULTRULE . $@177 T_STRING

    $default  reduce using rule 940 ($@177)

    $@177  go to state 1585


State 1489

  945 subnet_type: K_NOSHIELD .

    $default  reduce using rule 945 (subnet_type)


State 1490

  937 subnet_options: subnet_options subnet_option .

    $default  reduce using rule 937 (subnet_options)


State 1491

  939 subnet_option: subnet_type . $@176 paths

    $default  reduce using rule 938 ($@176)

    $@176  go to state 1586


State 1492

  580 opt_style: K_STYLE . NUMBER

    NUMBER  shift, and go to state 1587


State 1493

  577 opt_taper: K_TAPER .

    $default  reduce using rule 577 (opt_taper)


State 1494

  579 opt_taper: K_TAPERRULE . $@104 T_STRING

    $default  reduce using rule 578 ($@104)

    $@104  go to state 1588


State 1495

  575 opt_prop: K_PROPERTY . $@103 prop_name_value

    $default  reduce using rule 574 ($@103)

    $@103  go to state 1589


State 1496

  576 opt_shield: K_SHIELD .

    $default  reduce using rule 576 (opt_shield)


State 1497

  555 path_pt: '(' . NUMBER NUMBER ')'
  556        | '(' . '*' NUMBER ')'
  557        | '(' . NUMBER '*' ')'
  558        | '(' . '*' '*' ')'
  559        | '(' . NUMBER NUMBER NUMBER ')'
  560        | '(' . '*' NUMBER NUMBER ')'
  561        | '(' . NUMBER '*' NUMBER ')'
  562        | '(' . '*' '*' NUMBER ')'

    NUMBER  shift, and go to state 1590
    '*'     shift, and go to state 1591


State 1498

  533 path: T_STRING $@100 opt_taper_style_s path_pt . $@101 path_item_list_opt

    $default  reduce using rule 532 ($@101)

    $@101  go to state 1592


State 1499

  569 opt_taper_style_s: opt_taper_style_s opt_taper_style .

    $default  reduce using rule 569 (opt_taper_style_s)


State 1500

  572 opt_taper_style: opt_prop .

    $default  reduce using rule 572 (opt_taper_style)


State 1501

  573 opt_taper_style: opt_shield .

    $default  reduce using rule 573 (opt_taper_style)


State 1502

  571 opt_taper_style: opt_taper .

    $default  reduce using rule 571 (opt_taper_style)


State 1503

  570 opt_taper_style: opt_style .

    $default  reduce using rule 570 (opt_taper_style)


State 1504

  652 opt_snet_range: K_RANGE NUMBER NUMBER .

    $default  reduce using rule 652 (opt_snet_range)


State 1505

  340 otherPts: otherPts . nextPt
  620 snet_other_option: '+' K_POLYGON $@109 T_STRING $@110 firstPt nextPt nextPt otherPts .

    '('  shift, and go to state 188

    $default  reduce using rule 620 (snet_other_option)

    nextPt  go to state 544
    pt      go to state 318


State 1506

  582 opt_spaths: opt_spaths . opt_shape_style_prop
  673 spath: T_STRING $@123 width opt_spaths . path_pt $@124 path_item_list_opt

    '+'  shift, and go to state 1593
    '('  shift, and go to state 1497

    path_pt               go to state 1594
    opt_shape_style_prop  go to state 1595


State 1507

  792 floating_pins: '(' T_STRING T_STRING . ')'
  793              | '(' T_STRING T_STRING . ')' '(' T_STRING T_STRING ')'
  794              | '(' T_STRING T_STRING . ')' '(' T_STRING T_STRING ')' '(' T_STRING T_STRING ')'

    ')'  shift, and go to state 1596


State 1508

  803 ordered_pins: '(' T_STRING T_STRING . ')'
  804             | '(' T_STRING T_STRING . ')' '(' T_STRING T_STRING ')'
  805             | '(' T_STRING T_STRING . ')' '(' T_STRING T_STRING ')' '(' T_STRING T_STRING ')'

    ')'  shift, and go to state 1597


State 1509

  786 opt_common_pins: '(' T_STRING T_STRING ')' '(' T_STRING . T_STRING ')'

    T_STRING  shift, and go to state 1598


State 1510

  827 iotiming_drivecell_opt: iotiming_frompin K_TOPIN $@151 T_STRING . $@152 iotiming_parallel

    $default  reduce using rule 826 ($@152)

    $@152  go to state 1599


State 1511

  852 constrain_what: '+' K_BOTTOMLEFT $@156 row_or_comp_list .
  856 row_or_comp_list: row_or_comp_list . row_or_comp

    '('  shift, and go to state 1600

    $default  reduce using rule 852 (constrain_what)

    row_or_comp  go to state 1601


State 1512

  854 constrain_what: '+' K_TOPRIGHT $@157 row_or_comp_list .
  856 row_or_comp_list: row_or_comp_list . row_or_comp

    '('  shift, and go to state 1600

    $default  reduce using rule 854 (constrain_what)

    row_or_comp  go to state 1601


State 1513

  910 minmaxpins: min_or_max_list K_PINS $@174 . pin_list

    $default  reduce using rule 915 (pin_list)

    pin_list  go to state 1602


State 1514

  913 min_or_max_member: K_MIN NUMBER . NUMBER

    NUMBER  shift, and go to state 1603


State 1515

  914 min_or_max_member: K_MAX NUMBER . NUMBER

    NUMBER  shift, and go to state 1604


State 1516

  962 pin_prop_name_value: T_STRING . NUMBER
  963                    | T_STRING . QSTRING
  964                    | T_STRING . T_STRING

    QSTRING   shift, and go to state 1605
    T_STRING  shift, and go to state 1606
    NUMBER    shift, and go to state 1607


State 1517

  961 pin_prop_name_value_list: pin_prop_name_value_list pin_prop_name_value .

    $default  reduce using rule 961 (pin_prop_name_value_list)


State 1518

  1042 geom_fill: K_POLYGON $@198 firstPt nextPt nextPt . otherPts

    $default  reduce using rule 339 (otherPts)

    otherPts  go to state 1608


State 1519

  1080 nondefault_option: '+' K_LAYER $@203 T_STRING K_WIDTH NUMBER $@204 . nondefault_layer_options

    $default  reduce using rule 1088 (nondefault_layer_options)

    nondefault_layer_options  go to state 1609


State 1520

  112 canplace: K_CANPLACE $@26 T_STRING NUMBER NUMBER orient K_DO NUMBER K_BY NUMBER K_STEP NUMBER NUMBER ';' .

    $default  reduce using rule 112 (canplace)


State 1521

  114 cannotoccupy: K_CANNOTOCCUPY $@27 T_STRING NUMBER NUMBER orient K_DO NUMBER K_BY NUMBER K_STEP NUMBER NUMBER ';' .

    $default  reduce using rule 114 (cannotoccupy)


State 1522

  269 row_step_option: K_STEP NUMBER . NUMBER

    NUMBER  shift, and go to state 1610


State 1523

  273 row_option: '+' K_PROPERTY $@50 row_prop_list .
  275 row_prop_list: row_prop_list . row_prop

    T_STRING  shift, and go to state 1611

    $default  reduce using rule 273 (row_option)

    row_prop  go to state 1612


State 1524

  155 pin_option: '+' K_LAYER $@35 . T_STRING $@36 pin_layer_mask_opt pin_layer_spacing_opt pin_layer_props_opt pt pt

    T_STRING  shift, and go to state 1613


State 1525

  151 pin_option: '+' K_USE use_type .

    $default  reduce using rule 151 (pin_option)


State 1526

  143 pin_option: '+' K_DIRECTION T_STRING .

    $default  reduce using rule 143 (pin_option)


State 1527

  145 pin_option: '+' K_PROPERTY $@32 . pin_prop_name_values

    $default  reduce using rule 175 (pin_prop_name_values)

    pin_prop_name_values  go to state 1614


State 1528

  163 pin_option: '+' K_ANTENNAPINPARTIALMETALAREA NUMBER . pin_layer_opt

    K_LAYER  shift, and go to state 1615

    $default  reduce using rule 259 (pin_layer_opt)

    pin_layer_opt  go to state 1616


State 1529

  164 pin_option: '+' K_ANTENNAPINPARTIALMETALSIDEAREA NUMBER . pin_layer_opt

    K_LAYER  shift, and go to state 1615

    $default  reduce using rule 259 (pin_layer_opt)

    pin_layer_opt  go to state 1617


State 1530

  165 pin_option: '+' K_ANTENNAPINGATEAREA NUMBER . pin_layer_opt

    K_LAYER  shift, and go to state 1615

    $default  reduce using rule 259 (pin_layer_opt)

    pin_layer_opt  go to state 1618


State 1531

  166 pin_option: '+' K_ANTENNAPINDIFFAREA NUMBER . pin_layer_opt

    K_LAYER  shift, and go to state 1615

    $default  reduce using rule 259 (pin_layer_opt)

    pin_layer_opt  go to state 1619


State 1532

  168 pin_option: '+' K_ANTENNAPINMAXAREACAR NUMBER . K_LAYER $@40 T_STRING

    K_LAYER  shift, and go to state 1620


State 1533

  170 pin_option: '+' K_ANTENNAPINMAXSIDEAREACAR NUMBER . K_LAYER $@41 T_STRING

    K_LAYER  shift, and go to state 1621


State 1534

  171 pin_option: '+' K_ANTENNAPINPARTIALCUTAREA NUMBER . pin_layer_opt

    K_LAYER  shift, and go to state 1615

    $default  reduce using rule 259 (pin_layer_opt)

    pin_layer_opt  go to state 1622


State 1535

  173 pin_option: '+' K_ANTENNAPINMAXCUTCAR NUMBER . K_LAYER $@42 T_STRING

    K_LAYER  shift, and go to state 1623


State 1536

  219 pin_oxide: K_OXIDE1 .

    $default  reduce using rule 219 (pin_oxide)


State 1537

  220 pin_oxide: K_OXIDE2 .

    $default  reduce using rule 220 (pin_oxide)


State 1538

  221 pin_oxide: K_OXIDE3 .

    $default  reduce using rule 221 (pin_oxide)


State 1539

  222 pin_oxide: K_OXIDE4 .

    $default  reduce using rule 222 (pin_oxide)


State 1540

  223 pin_oxide: K_OXIDE5 .

    $default  reduce using rule 223 (pin_oxide)


State 1541

  224 pin_oxide: K_OXIDE6 .

    $default  reduce using rule 224 (pin_oxide)


State 1542

  225 pin_oxide: K_OXIDE7 .

    $default  reduce using rule 225 (pin_oxide)


State 1543

  226 pin_oxide: K_OXIDE8 .

    $default  reduce using rule 226 (pin_oxide)


State 1544

  227 pin_oxide: K_OXIDE9 .

    $default  reduce using rule 227 (pin_oxide)


State 1545

  228 pin_oxide: K_OXIDE10 .

    $default  reduce using rule 228 (pin_oxide)


State 1546

  229 pin_oxide: K_OXIDE11 .

    $default  reduce using rule 229 (pin_oxide)


State 1547

  230 pin_oxide: K_OXIDE12 .

    $default  reduce using rule 230 (pin_oxide)


State 1548

  231 pin_oxide: K_OXIDE13 .

    $default  reduce using rule 231 (pin_oxide)


State 1549

  232 pin_oxide: K_OXIDE14 .

    $default  reduce using rule 232 (pin_oxide)


State 1550

  233 pin_oxide: K_OXIDE15 .

    $default  reduce using rule 233 (pin_oxide)


State 1551

  234 pin_oxide: K_OXIDE16 .

    $default  reduce using rule 234 (pin_oxide)


State 1552

  235 pin_oxide: K_OXIDE17 .

    $default  reduce using rule 235 (pin_oxide)


State 1553

  236 pin_oxide: K_OXIDE18 .

    $default  reduce using rule 236 (pin_oxide)


State 1554

  237 pin_oxide: K_OXIDE19 .

    $default  reduce using rule 237 (pin_oxide)


State 1555

  238 pin_oxide: K_OXIDE20 .

    $default  reduce using rule 238 (pin_oxide)


State 1556

  239 pin_oxide: K_OXIDE21 .

    $default  reduce using rule 239 (pin_oxide)


State 1557

  240 pin_oxide: K_OXIDE22 .

    $default  reduce using rule 240 (pin_oxide)


State 1558

  241 pin_oxide: K_OXIDE23 .

    $default  reduce using rule 241 (pin_oxide)


State 1559

  242 pin_oxide: K_OXIDE24 .

    $default  reduce using rule 242 (pin_oxide)


State 1560

  243 pin_oxide: K_OXIDE25 .

    $default  reduce using rule 243 (pin_oxide)


State 1561

  244 pin_oxide: K_OXIDE26 .

    $default  reduce using rule 244 (pin_oxide)


State 1562

  245 pin_oxide: K_OXIDE27 .

    $default  reduce using rule 245 (pin_oxide)


State 1563

  246 pin_oxide: K_OXIDE28 .

    $default  reduce using rule 246 (pin_oxide)


State 1564

  247 pin_oxide: K_OXIDE29 .

    $default  reduce using rule 247 (pin_oxide)


State 1565

  248 pin_oxide: K_OXIDE30 .

    $default  reduce using rule 248 (pin_oxide)


State 1566

  249 pin_oxide: K_OXIDE31 .

    $default  reduce using rule 249 (pin_oxide)


State 1567

  250 pin_oxide: K_OXIDE32 .

    $default  reduce using rule 250 (pin_oxide)


State 1568

  174 pin_option: '+' K_ANTENNAMODEL pin_oxide .

    $default  reduce using rule 174 (pin_option)


State 1569

  150 pin_option: '+' K_GROUNDSENSITIVITY $@34 . T_STRING

    T_STRING  shift, and go to state 1624


State 1570

  146 pin_option: '+' K_NETEXPR QSTRING .

    $default  reduce using rule 146 (pin_option)


State 1571

  158 pin_option: '+' K_POLYGON $@37 . T_STRING $@38 pin_poly_mask_opt pin_poly_spacing_opt pin_poly_props_opt firstPt nextPt nextPt otherPts

    T_STRING  shift, and go to state 1625


State 1572

  148 pin_option: '+' K_SUPPLYSENSITIVITY $@33 . T_STRING

    T_STRING  shift, and go to state 1626


State 1573

  160 pin_option: '+' K_VIA $@39 . T_STRING pin_via_mask_opt pin_via_props_opt via_orient '(' NUMBER NUMBER ')'

    T_STRING  shift, and go to state 1627


State 1574

  162 pin_option: placement_status pt orient .

    $default  reduce using rule 162 (pin_option)


State 1575

  305 track_layer: T_STRING .

    $default  reduce using rule 305 (track_layer)


State 1576

  302 track_layer_statement: K_LAYER $@54 track_layer . track_layers

    T_STRING  shift, and go to state 1575

    $default  reduce using rule 303 (track_layers)

    track_layers  go to state 1628
    track_layer   go to state 1629


State 1577

  346 mask: '+' K_MASK NUMBER .

    $default  reduce using rule 346 (mask)


State 1578

  319 layer_stmt: '+' K_RECT $@57 T_STRING mask pt pt .

    $default  reduce using rule 319 (layer_stmt)


State 1579

  324 layer_stmt: '+' K_POLYGON $@59 T_STRING mask $@60 firstPt . nextPt nextPt otherPts

    '('  shift, and go to state 188

    nextPt  go to state 1630
    pt      go to state 318


State 1580

  329 layer_stmt: '+' K_VIARULE $@62 T_STRING '+' K_CUTSIZE NUMBER . NUMBER '+' K_LAYERS $@63 T_STRING T_STRING T_STRING '+' K_CUTSPACING NUMBER NUMBER '+' K_ENCLOSURE NUMBER NUMBER NUMBER NUMBER

    NUMBER  shift, and go to state 1631


State 1581

  365 region_prop: T_STRING QSTRING .

    $default  reduce using rule 365 (region_prop)


State 1582

  366 region_prop: T_STRING T_STRING .

    $default  reduce using rule 366 (region_prop)


State 1583

  364 region_prop: T_STRING NUMBER .

    $default  reduce using rule 364 (region_prop)


State 1584

  933 comp_name: '(' $@175 T_STRING T_STRING . subnet_opt_syn ')'

    '+'  shift, and go to state 1632

    $default  reduce using rule 934 (subnet_opt_syn)

    subnet_opt_syn  go to state 1633


State 1585

  941 subnet_option: K_NONDEFAULTRULE $@177 . T_STRING

    T_STRING  shift, and go to state 1634


State 1586

  939 subnet_option: subnet_type $@176 . paths

    $default  reduce using rule 526 ($@98)

    paths  go to state 1635
    $@98   go to state 1069


State 1587

  580 opt_style: K_STYLE NUMBER .

    $default  reduce using rule 580 (opt_style)


State 1588

  579 opt_taper: K_TAPERRULE $@104 . T_STRING

    T_STRING  shift, and go to state 1636


State 1589

  575 opt_prop: K_PROPERTY $@103 . prop_name_value

    $default  reduce using rule 177 ($@43)

    prop_name_value  go to state 1637
    $@43             go to state 974


State 1590

  555 path_pt: '(' NUMBER . NUMBER ')'
  557        | '(' NUMBER . '*' ')'
  559        | '(' NUMBER . NUMBER NUMBER ')'
  561        | '(' NUMBER . '*' NUMBER ')'

    NUMBER  shift, and go to state 1638
    '*'     shift, and go to state 1639


State 1591

  556 path_pt: '(' '*' . NUMBER ')'
  558        | '(' '*' . '*' ')'
  560        | '(' '*' . NUMBER NUMBER ')'
  562        | '(' '*' . '*' NUMBER ')'

    NUMBER  shift, and go to state 1640
    '*'     shift, and go to state 1641


State 1592

  533 path: T_STRING $@100 opt_taper_style_s path_pt $@101 . path_item_list_opt

    $default  reduce using rule 536 (path_item_list_opt)

    path_item_list_opt  go to state 1642


State 1593

  583 opt_shape_style_prop: '+' . K_SHAPE shape_type
  584                     | '+' . K_STYLE NUMBER
  586                     | '+' . K_PROPERTY $@105 prop_name_value
  588                     | '+' . K_SHIELD $@106 T_STRING

    K_STYLE     shift, and go to state 1643
    K_SHAPE     shift, and go to state 1644
    K_PROPERTY  shift, and go to state 1645
    K_SHIELD    shift, and go to state 1646


State 1594

  673 spath: T_STRING $@123 width opt_spaths path_pt . $@124 path_item_list_opt

    $default  reduce using rule 672 ($@124)

    $@124  go to state 1647


State 1595

  582 opt_spaths: opt_spaths opt_shape_style_prop .

    $default  reduce using rule 582 (opt_spaths)


State 1596

  792 floating_pins: '(' T_STRING T_STRING ')' .
  793              | '(' T_STRING T_STRING ')' . '(' T_STRING T_STRING ')'
  794              | '(' T_STRING T_STRING ')' . '(' T_STRING T_STRING ')' '(' T_STRING T_STRING ')'

    '('  shift, and go to state 1648

    $default  reduce using rule 792 (floating_pins)


State 1597

  803 ordered_pins: '(' T_STRING T_STRING ')' .
  804             | '(' T_STRING T_STRING ')' . '(' T_STRING T_STRING ')'
  805             | '(' T_STRING T_STRING ')' . '(' T_STRING T_STRING ')' '(' T_STRING T_STRING ')'

    '('  shift, and go to state 1649

    $default  reduce using rule 803 (ordered_pins)


State 1598

  786 opt_common_pins: '(' T_STRING T_STRING ')' '(' T_STRING T_STRING . ')'

    ')'  shift, and go to state 1650


State 1599

  827 iotiming_drivecell_opt: iotiming_frompin K_TOPIN $@151 T_STRING $@152 . iotiming_parallel

    K_PARALLEL  shift, and go to state 1651

    $default  reduce using rule 831 (iotiming_parallel)

    iotiming_parallel  go to state 1652


State 1600

  858 row_or_comp: '(' . K_ROWS $@158 T_STRING ')'
  860            | '(' . K_COMPS $@159 T_STRING ')'

    K_COMPS  shift, and go to state 1653
    K_ROWS   shift, and go to state 1654


State 1601

  856 row_or_comp_list: row_or_comp_list row_or_comp .

    $default  reduce using rule 856 (row_or_comp_list)


State 1602

  910 minmaxpins: min_or_max_list K_PINS $@174 pin_list .
  916 pin_list: pin_list . T_STRING

    T_STRING  shift, and go to state 1655

    $default  reduce using rule 910 (minmaxpins)


State 1603

  913 min_or_max_member: K_MIN NUMBER NUMBER .

    $default  reduce using rule 913 (min_or_max_member)


State 1604

  914 min_or_max_member: K_MAX NUMBER NUMBER .

    $default  reduce using rule 914 (min_or_max_member)


State 1605

  963 pin_prop_name_value: T_STRING QSTRING .

    $default  reduce using rule 963 (pin_prop_name_value)


State 1606

  964 pin_prop_name_value: T_STRING T_STRING .

    $default  reduce using rule 964 (pin_prop_name_value)


State 1607

  962 pin_prop_name_value: T_STRING NUMBER .

    $default  reduce using rule 962 (pin_prop_name_value)


State 1608

  340 otherPts: otherPts . nextPt
  1042 geom_fill: K_POLYGON $@198 firstPt nextPt nextPt otherPts .

    '('  shift, and go to state 188

    $default  reduce using rule 1042 (geom_fill)

    nextPt  go to state 544
    pt      go to state 318


State 1609

  1080 nondefault_option: '+' K_LAYER $@203 T_STRING K_WIDTH NUMBER $@204 nondefault_layer_options .
  1089 nondefault_layer_options: nondefault_layer_options . nondefault_layer_option

    K_SPACING    shift, and go to state 1656
    K_DIAGWIDTH  shift, and go to state 1657
    K_WIREEXT    shift, and go to state 1658

    $default  reduce using rule 1080 (nondefault_option)

    nondefault_layer_option  go to state 1659


State 1610

  269 row_step_option: K_STEP NUMBER NUMBER .

    $default  reduce using rule 269 (row_step_option)


State 1611

  276 row_prop: T_STRING . NUMBER
  277         | T_STRING . QSTRING
  278         | T_STRING . T_STRING

    QSTRING   shift, and go to state 1660
    T_STRING  shift, and go to state 1661
    NUMBER    shift, and go to state 1662


State 1612

  275 row_prop_list: row_prop_list row_prop .

    $default  reduce using rule 275 (row_prop_list)


State 1613

  155 pin_option: '+' K_LAYER $@35 T_STRING . $@36 pin_layer_mask_opt pin_layer_spacing_opt pin_layer_props_opt pt pt

    $default  reduce using rule 154 ($@36)

    $@36  go to state 1663


State 1614

  145 pin_option: '+' K_PROPERTY $@32 pin_prop_name_values .
  176 pin_prop_name_values: pin_prop_name_values . prop_name_value

    T_STRING  reduce using rule 177 ($@43)
    $default  reduce using rule 145 (pin_option)

    prop_name_value  go to state 1664
    $@43             go to state 974


State 1615

  261 pin_layer_opt: K_LAYER . $@47 T_STRING

    $default  reduce using rule 260 ($@47)

    $@47  go to state 1665


State 1616

  163 pin_option: '+' K_ANTENNAPINPARTIALMETALAREA NUMBER pin_layer_opt .

    $default  reduce using rule 163 (pin_option)


State 1617

  164 pin_option: '+' K_ANTENNAPINPARTIALMETALSIDEAREA NUMBER pin_layer_opt .

    $default  reduce using rule 164 (pin_option)


State 1618

  165 pin_option: '+' K_ANTENNAPINGATEAREA NUMBER pin_layer_opt .

    $default  reduce using rule 165 (pin_option)


State 1619

  166 pin_option: '+' K_ANTENNAPINDIFFAREA NUMBER pin_layer_opt .

    $default  reduce using rule 166 (pin_option)


State 1620

  168 pin_option: '+' K_ANTENNAPINMAXAREACAR NUMBER K_LAYER . $@40 T_STRING

    $default  reduce using rule 167 ($@40)

    $@40  go to state 1666


State 1621

  170 pin_option: '+' K_ANTENNAPINMAXSIDEAREACAR NUMBER K_LAYER . $@41 T_STRING

    $default  reduce using rule 169 ($@41)

    $@41  go to state 1667


State 1622

  171 pin_option: '+' K_ANTENNAPINPARTIALCUTAREA NUMBER pin_layer_opt .

    $default  reduce using rule 171 (pin_option)


State 1623

  173 pin_option: '+' K_ANTENNAPINMAXCUTCAR NUMBER K_LAYER . $@42 T_STRING

    $default  reduce using rule 172 ($@42)

    $@42  go to state 1668


State 1624

  150 pin_option: '+' K_GROUNDSENSITIVITY $@34 T_STRING .

    $default  reduce using rule 150 (pin_option)


State 1625

  158 pin_option: '+' K_POLYGON $@37 T_STRING . $@38 pin_poly_mask_opt pin_poly_spacing_opt pin_poly_props_opt firstPt nextPt nextPt otherPts

    $default  reduce using rule 157 ($@38)

    $@38  go to state 1669


State 1626

  148 pin_option: '+' K_SUPPLYSENSITIVITY $@33 T_STRING .

    $default  reduce using rule 148 (pin_option)


State 1627

  160 pin_option: '+' K_VIA $@39 T_STRING . pin_via_mask_opt pin_via_props_opt via_orient '(' NUMBER NUMBER ')'

    K_MASK  shift, and go to state 1670

    $default  reduce using rule 189 (pin_via_mask_opt)

    pin_via_mask_opt  go to state 1671


State 1628

  302 track_layer_statement: K_LAYER $@54 track_layer track_layers .

    $default  reduce using rule 302 (track_layer_statement)


State 1629

  304 track_layers: track_layer . track_layers

    T_STRING  shift, and go to state 1575

    $default  reduce using rule 303 (track_layers)

    track_layers  go to state 1672
    track_layer   go to state 1629


State 1630

  324 layer_stmt: '+' K_POLYGON $@59 T_STRING mask $@60 firstPt nextPt . nextPt otherPts

    '('  shift, and go to state 188

    nextPt  go to state 1673
    pt      go to state 318


State 1631

  329 layer_stmt: '+' K_VIARULE $@62 T_STRING '+' K_CUTSIZE NUMBER NUMBER . '+' K_LAYERS $@63 T_STRING T_STRING T_STRING '+' K_CUTSPACING NUMBER NUMBER '+' K_ENCLOSURE NUMBER NUMBER NUMBER NUMBER

    '+'  shift, and go to state 1674


State 1632

  935 subnet_opt_syn: '+' . K_SYNTHESIZED

    K_SYNTHESIZED  shift, and go to state 1675


State 1633

  933 comp_name: '(' $@175 T_STRING T_STRING subnet_opt_syn . ')'

    ')'  shift, and go to state 1676


State 1634

  941 subnet_option: K_NONDEFAULTRULE $@177 T_STRING .

    $default  reduce using rule 941 (subnet_option)


State 1635

  528 paths: paths . new_path
  939 subnet_option: subnet_type $@176 paths .

    K_NEW  shift, and go to state 1196

    $default  reduce using rule 939 (subnet_option)

    new_path  go to state 1197


State 1636

  579 opt_taper: K_TAPERRULE $@104 T_STRING .

    $default  reduce using rule 579 (opt_taper)


State 1637

  575 opt_prop: K_PROPERTY $@103 prop_name_value .

    $default  reduce using rule 575 (opt_prop)


State 1638

  555 path_pt: '(' NUMBER NUMBER . ')'
  559        | '(' NUMBER NUMBER . NUMBER ')'

    NUMBER  shift, and go to state 1677
    ')'     shift, and go to state 1678


State 1639

  557 path_pt: '(' NUMBER '*' . ')'
  561        | '(' NUMBER '*' . NUMBER ')'

    NUMBER  shift, and go to state 1679
    ')'     shift, and go to state 1680


State 1640

  556 path_pt: '(' '*' NUMBER . ')'
  560        | '(' '*' NUMBER . NUMBER ')'

    NUMBER  shift, and go to state 1681
    ')'     shift, and go to state 1682


State 1641

  558 path_pt: '(' '*' '*' . ')'
  562        | '(' '*' '*' . NUMBER ')'

    NUMBER  shift, and go to state 1683
    ')'     shift, and go to state 1684


State 1642

  533 path: T_STRING $@100 opt_taper_style_s path_pt $@101 path_item_list_opt .
  537 path_item_list_opt: path_item_list_opt . path_item

    T_STRING   shift, and go to state 1685
    K_RECT     shift, and go to state 1686
    K_WIDTH    shift, and go to state 1687
    K_MASK     shift, and go to state 1688
    K_VIRTUAL  shift, and go to state 1689

    '('       reduce using rule 553 (wire_width)
    $default  reduce using rule 533 (path)

    virtual_statement  go to state 1690
    rect_statement     go to state 1691
    path_item          go to state 1692
    mask_number        go to state 1693
    wire_width         go to state 1694


State 1643

  584 opt_shape_style_prop: '+' K_STYLE . NUMBER

    NUMBER  shift, and go to state 1695


State 1644

  583 opt_shape_style_prop: '+' K_SHAPE . shape_type

    K_RING          shift, and go to state 791
    K_STRIPE        shift, and go to state 792
    K_FOLLOWPIN     shift, and go to state 793
    K_IOWIRE        shift, and go to state 794
    K_COREWIRE      shift, and go to state 795
    K_BLOCKWIRE     shift, and go to state 796
    K_FILLWIRE      shift, and go to state 797
    K_BLOCKAGEWIRE  shift, and go to state 798
    K_PADRING       shift, and go to state 799
    K_BLOCKRING     shift, and go to state 800
    K_DRCFILL       shift, and go to state 801
    K_FILLWIREOPC   shift, and go to state 802

    shape_type  go to state 1696


State 1645

  586 opt_shape_style_prop: '+' K_PROPERTY . $@105 prop_name_value

    $default  reduce using rule 585 ($@105)

    $@105  go to state 1697


State 1646

  588 opt_shape_style_prop: '+' K_SHIELD . $@106 T_STRING

    $default  reduce using rule 587 ($@106)

    $@106  go to state 1698


State 1647

  673 spath: T_STRING $@123 width opt_spaths path_pt $@124 . path_item_list_opt

    $default  reduce using rule 536 (path_item_list_opt)

    path_item_list_opt  go to state 1699


State 1648

  793 floating_pins: '(' T_STRING T_STRING ')' '(' . T_STRING T_STRING ')'
  794              | '(' T_STRING T_STRING ')' '(' . T_STRING T_STRING ')' '(' T_STRING T_STRING ')'

    T_STRING  shift, and go to state 1700


State 1649

  804 ordered_pins: '(' T_STRING T_STRING ')' '(' . T_STRING T_STRING ')'
  805             | '(' T_STRING T_STRING ')' '(' . T_STRING T_STRING ')' '(' T_STRING T_STRING ')'

    T_STRING  shift, and go to state 1701


State 1650

  786 opt_common_pins: '(' T_STRING T_STRING ')' '(' T_STRING T_STRING ')' .

    $default  reduce using rule 786 (opt_common_pins)


State 1651

  832 iotiming_parallel: K_PARALLEL . NUMBER

    NUMBER  shift, and go to state 1702


State 1652

  827 iotiming_drivecell_opt: iotiming_frompin K_TOPIN $@151 T_STRING $@152 iotiming_parallel .

    $default  reduce using rule 827 (iotiming_drivecell_opt)


State 1653

  860 row_or_comp: '(' K_COMPS . $@159 T_STRING ')'

    $default  reduce using rule 859 ($@159)

    $@159  go to state 1703


State 1654

  858 row_or_comp: '(' K_ROWS . $@158 T_STRING ')'

    $default  reduce using rule 857 ($@158)

    $@158  go to state 1704


State 1655

  916 pin_list: pin_list T_STRING .

    $default  reduce using rule 916 (pin_list)


State 1656

  1091 nondefault_layer_option: K_SPACING . NUMBER

    NUMBER  shift, and go to state 1705


State 1657

  1090 nondefault_layer_option: K_DIAGWIDTH . NUMBER

    NUMBER  shift, and go to state 1706


State 1658

  1092 nondefault_layer_option: K_WIREEXT . NUMBER

    NUMBER  shift, and go to state 1707


State 1659

  1089 nondefault_layer_options: nondefault_layer_options nondefault_layer_option .

    $default  reduce using rule 1089 (nondefault_layer_options)


State 1660

  277 row_prop: T_STRING QSTRING .

    $default  reduce using rule 277 (row_prop)


State 1661

  278 row_prop: T_STRING T_STRING .

    $default  reduce using rule 278 (row_prop)


State 1662

  276 row_prop: T_STRING NUMBER .

    $default  reduce using rule 276 (row_prop)


State 1663

  155 pin_option: '+' K_LAYER $@35 T_STRING $@36 . pin_layer_mask_opt pin_layer_spacing_opt pin_layer_props_opt pt pt

    K_MASK  shift, and go to state 1708

    $default  reduce using rule 187 (pin_layer_mask_opt)

    pin_layer_mask_opt  go to state 1709


State 1664

  176 pin_prop_name_values: pin_prop_name_values prop_name_value .

    $default  reduce using rule 176 (pin_prop_name_values)


State 1665

  261 pin_layer_opt: K_LAYER $@47 . T_STRING

    T_STRING  shift, and go to state 1710


State 1666

  168 pin_option: '+' K_ANTENNAPINMAXAREACAR NUMBER K_LAYER $@40 . T_STRING

    T_STRING  shift, and go to state 1711


State 1667

  170 pin_option: '+' K_ANTENNAPINMAXSIDEAREACAR NUMBER K_LAYER $@41 . T_STRING

    T_STRING  shift, and go to state 1712


State 1668

  173 pin_option: '+' K_ANTENNAPINMAXCUTCAR NUMBER K_LAYER $@42 . T_STRING

    T_STRING  shift, and go to state 1713


State 1669

  158 pin_option: '+' K_POLYGON $@37 T_STRING $@38 . pin_poly_mask_opt pin_poly_spacing_opt pin_poly_props_opt firstPt nextPt nextPt otherPts

    K_MASK  shift, and go to state 1714

    $default  reduce using rule 191 (pin_poly_mask_opt)

    pin_poly_mask_opt  go to state 1715


State 1670

  190 pin_via_mask_opt: K_MASK . NUMBER

    NUMBER  shift, and go to state 1716


State 1671

  160 pin_option: '+' K_VIA $@39 T_STRING pin_via_mask_opt . pin_via_props_opt via_orient '(' NUMBER NUMBER ')'

    K_PROPERTY  shift, and go to state 1717

    $default  reduce using rule 207 (pin_via_props_opt)

    pin_via_props_opt  go to state 1718
    pin_via_props      go to state 1719
    pin_via_prop       go to state 1720


State 1672

  304 track_layers: track_layer track_layers .

    $default  reduce using rule 304 (track_layers)


State 1673

  324 layer_stmt: '+' K_POLYGON $@59 T_STRING mask $@60 firstPt nextPt nextPt . otherPts

    $default  reduce using rule 339 (otherPts)

    otherPts  go to state 1721


State 1674

  329 layer_stmt: '+' K_VIARULE $@62 T_STRING '+' K_CUTSIZE NUMBER NUMBER '+' . K_LAYERS $@63 T_STRING T_STRING T_STRING '+' K_CUTSPACING NUMBER NUMBER '+' K_ENCLOSURE NUMBER NUMBER NUMBER NUMBER

    K_LAYERS  shift, and go to state 1722


State 1675

  935 subnet_opt_syn: '+' K_SYNTHESIZED .

    $default  reduce using rule 935 (subnet_opt_syn)


State 1676

  933 comp_name: '(' $@175 T_STRING T_STRING subnet_opt_syn ')' .

    $default  reduce using rule 933 (comp_name)


State 1677

  559 path_pt: '(' NUMBER NUMBER NUMBER . ')'

    ')'  shift, and go to state 1723


State 1678

  555 path_pt: '(' NUMBER NUMBER ')' .

    $default  reduce using rule 555 (path_pt)


State 1679

  561 path_pt: '(' NUMBER '*' NUMBER . ')'

    ')'  shift, and go to state 1724


State 1680

  557 path_pt: '(' NUMBER '*' ')' .

    $default  reduce using rule 557 (path_pt)


State 1681

  560 path_pt: '(' '*' NUMBER NUMBER . ')'

    ')'  shift, and go to state 1725


State 1682

  556 path_pt: '(' '*' NUMBER ')' .

    $default  reduce using rule 556 (path_pt)


State 1683

  562 path_pt: '(' '*' '*' NUMBER . ')'

    ')'  shift, and go to state 1726


State 1684

  558 path_pt: '(' '*' '*' ')' .

    $default  reduce using rule 558 (path_pt)


State 1685

  538 path_item: T_STRING .
  540          | T_STRING . orient
  543          | T_STRING . K_DO NUMBER K_BY NUMBER K_STEP NUMBER NUMBER
  544          | T_STRING . orient K_DO NUMBER K_BY NUMBER K_STEP NUMBER NUMBER

    K_DO  shift, and go to state 1727
    K_N   shift, and go to state 529
    K_S   shift, and go to state 530
    K_E   shift, and go to state 531
    K_W   shift, and go to state 532
    K_FN  shift, and go to state 533
    K_FE  shift, and go to state 534
    K_FS  shift, and go to state 535
    K_FW  shift, and go to state 536

    $default  reduce using rule 538 (path_item)

    orient  go to state 1728


State 1686

  535 rect_statement: K_RECT . rect_pts

    '('  shift, and go to state 1729

    rect_pts  go to state 1730


State 1687

  554 wire_width: K_WIDTH . NUMBER

    NUMBER  shift, and go to state 1731


State 1688

  539 path_item: K_MASK . NUMBER T_STRING
  541          | K_MASK . NUMBER T_STRING orient
  542          | K_MASK . NUMBER T_STRING K_DO NUMBER K_BY NUMBER K_STEP NUMBER NUMBER
  545          | K_MASK . NUMBER T_STRING orient K_DO NUMBER K_BY NUMBER K_STEP NUMBER NUMBER
  549          | K_MASK . NUMBER K_RECT $@102 '(' NUMBER NUMBER NUMBER NUMBER ')'
  552 mask_number: K_MASK . NUMBER

    NUMBER  shift, and go to state 1732


State 1689

  534 virtual_statement: K_VIRTUAL . virtual_pt

    '('  shift, and go to state 1733

    virtual_pt  go to state 1734


State 1690

  546 path_item: virtual_statement .

    $default  reduce using rule 546 (path_item)


State 1691

  547 path_item: rect_statement .

    $default  reduce using rule 547 (path_item)


State 1692

  537 path_item_list_opt: path_item_list_opt path_item .

    $default  reduce using rule 537 (path_item_list_opt)


State 1693

  550 path_item: mask_number . wire_width path_pt

    K_WIDTH  shift, and go to state 1687

    $default  reduce using rule 553 (wire_width)

    wire_width  go to state 1735


State 1694

  551 path_item: wire_width . path_pt

    '('  shift, and go to state 1497

    path_pt  go to state 1736


State 1695

  584 opt_shape_style_prop: '+' K_STYLE NUMBER .

    $default  reduce using rule 584 (opt_shape_style_prop)


State 1696

  583 opt_shape_style_prop: '+' K_SHAPE shape_type .

    $default  reduce using rule 583 (opt_shape_style_prop)


State 1697

  586 opt_shape_style_prop: '+' K_PROPERTY $@105 . prop_name_value

    $default  reduce using rule 177 ($@43)

    prop_name_value  go to state 1737
    $@43             go to state 974


State 1698

  588 opt_shape_style_prop: '+' K_SHIELD $@106 . T_STRING

    T_STRING  shift, and go to state 1738


State 1699

  537 path_item_list_opt: path_item_list_opt . path_item
  673 spath: T_STRING $@123 width opt_spaths path_pt $@124 path_item_list_opt .

    T_STRING   shift, and go to state 1685
    K_RECT     shift, and go to state 1686
    K_WIDTH    shift, and go to state 1687
    K_MASK     shift, and go to state 1688
    K_VIRTUAL  shift, and go to state 1689

    '('       reduce using rule 553 (wire_width)
    $default  reduce using rule 673 (spath)

    virtual_statement  go to state 1690
    rect_statement     go to state 1691
    path_item          go to state 1692
    mask_number        go to state 1693
    wire_width         go to state 1694


State 1700

  793 floating_pins: '(' T_STRING T_STRING ')' '(' T_STRING . T_STRING ')'
  794              | '(' T_STRING T_STRING ')' '(' T_STRING . T_STRING ')' '(' T_STRING T_STRING ')'

    T_STRING  shift, and go to state 1739


State 1701

  804 ordered_pins: '(' T_STRING T_STRING ')' '(' T_STRING . T_STRING ')'
  805             | '(' T_STRING T_STRING ')' '(' T_STRING . T_STRING ')' '(' T_STRING T_STRING ')'

    T_STRING  shift, and go to state 1740


State 1702

  832 iotiming_parallel: K_PARALLEL NUMBER .

    $default  reduce using rule 832 (iotiming_parallel)


State 1703

  860 row_or_comp: '(' K_COMPS $@159 . T_STRING ')'

    T_STRING  shift, and go to state 1741


State 1704

  858 row_or_comp: '(' K_ROWS $@158 . T_STRING ')'

    T_STRING  shift, and go to state 1742


State 1705

  1091 nondefault_layer_option: K_SPACING NUMBER .

    $default  reduce using rule 1091 (nondefault_layer_option)


State 1706

  1090 nondefault_layer_option: K_DIAGWIDTH NUMBER .

    $default  reduce using rule 1090 (nondefault_layer_option)


State 1707

  1092 nondefault_layer_option: K_WIREEXT NUMBER .

    $default  reduce using rule 1092 (nondefault_layer_option)


State 1708

  188 pin_layer_mask_opt: K_MASK . NUMBER

    NUMBER  shift, and go to state 1743


State 1709

  155 pin_option: '+' K_LAYER $@35 T_STRING $@36 pin_layer_mask_opt . pin_layer_spacing_opt pin_layer_props_opt pt pt

    K_SPACING          shift, and go to state 1744
    K_DESIGNRULEWIDTH  shift, and go to state 1745

    $default  reduce using rule 193 (pin_layer_spacing_opt)

    pin_layer_spacing_opt  go to state 1746
    pin_layer_spacing      go to state 1747


State 1710

  261 pin_layer_opt: K_LAYER $@47 T_STRING .

    $default  reduce using rule 261 (pin_layer_opt)


State 1711

  168 pin_option: '+' K_ANTENNAPINMAXAREACAR NUMBER K_LAYER $@40 T_STRING .

    $default  reduce using rule 168 (pin_option)


State 1712

  170 pin_option: '+' K_ANTENNAPINMAXSIDEAREACAR NUMBER K_LAYER $@41 T_STRING .

    $default  reduce using rule 170 (pin_option)


State 1713

  173 pin_option: '+' K_ANTENNAPINMAXCUTCAR NUMBER K_LAYER $@42 T_STRING .

    $default  reduce using rule 173 (pin_option)


State 1714

  192 pin_poly_mask_opt: K_MASK . NUMBER

    NUMBER  shift, and go to state 1748


State 1715

  158 pin_option: '+' K_POLYGON $@37 T_STRING $@38 pin_poly_mask_opt . pin_poly_spacing_opt pin_poly_props_opt firstPt nextPt nextPt otherPts

    K_SPACING          shift, and go to state 1749
    K_DESIGNRULEWIDTH  shift, and go to state 1750

    $default  reduce using rule 215 (pin_poly_spacing_opt)

    pin_poly_spacing_opt  go to state 1751
    pin_poly_spacing      go to state 1752


State 1716

  190 pin_via_mask_opt: K_MASK NUMBER .

    $default  reduce using rule 190 (pin_via_mask_opt)


State 1717

  212 pin_via_prop: K_PROPERTY . $@46 prop_name_value

    $default  reduce using rule 211 ($@46)

    $@46  go to state 1753


State 1718

  160 pin_option: '+' K_VIA $@39 T_STRING pin_via_mask_opt pin_via_props_opt . via_orient '(' NUMBER NUMBER ')'

    K_N   shift, and go to state 529
    K_S   shift, and go to state 530
    K_E   shift, and go to state 531
    K_W   shift, and go to state 532
    K_FN  shift, and go to state 533
    K_FE  shift, and go to state 534
    K_FS  shift, and go to state 535
    K_FW  shift, and go to state 536

    $default  reduce using rule 185 (via_orient)

    orient      go to state 1754
    via_orient  go to state 1755


State 1719

  208 pin_via_props_opt: pin_via_props .
  209 pin_via_props: pin_via_props . pin_via_prop

    K_PROPERTY  shift, and go to state 1717

    $default  reduce using rule 208 (pin_via_props_opt)

    pin_via_prop  go to state 1756


State 1720

  210 pin_via_props: pin_via_prop .

    $default  reduce using rule 210 (pin_via_props)


State 1721

  324 layer_stmt: '+' K_POLYGON $@59 T_STRING mask $@60 firstPt nextPt nextPt otherPts .
  340 otherPts: otherPts . nextPt

    '('  shift, and go to state 188

    $default  reduce using rule 324 (layer_stmt)

    nextPt  go to state 544
    pt      go to state 318


State 1722

  329 layer_stmt: '+' K_VIARULE $@62 T_STRING '+' K_CUTSIZE NUMBER NUMBER '+' K_LAYERS . $@63 T_STRING T_STRING T_STRING '+' K_CUTSPACING NUMBER NUMBER '+' K_ENCLOSURE NUMBER NUMBER NUMBER NUMBER

    $default  reduce using rule 328 ($@63)

    $@63  go to state 1757


State 1723

  559 path_pt: '(' NUMBER NUMBER NUMBER ')' .

    $default  reduce using rule 559 (path_pt)


State 1724

  561 path_pt: '(' NUMBER '*' NUMBER ')' .

    $default  reduce using rule 561 (path_pt)


State 1725

  560 path_pt: '(' '*' NUMBER NUMBER ')' .

    $default  reduce using rule 560 (path_pt)


State 1726

  562 path_pt: '(' '*' '*' NUMBER ')' .

    $default  reduce using rule 562 (path_pt)


State 1727

  543 path_item: T_STRING K_DO . NUMBER K_BY NUMBER K_STEP NUMBER NUMBER

    NUMBER  shift, and go to state 1758


State 1728

  540 path_item: T_STRING orient .
  544          | T_STRING orient . K_DO NUMBER K_BY NUMBER K_STEP NUMBER NUMBER

    K_DO  shift, and go to state 1759

    $default  reduce using rule 540 (path_item)


State 1729

  567 rect_pts: '(' . NUMBER NUMBER NUMBER NUMBER ')'

    NUMBER  shift, and go to state 1760


State 1730

  535 rect_statement: K_RECT rect_pts .

    $default  reduce using rule 535 (rect_statement)


State 1731

  554 wire_width: K_WIDTH NUMBER .

    $default  reduce using rule 554 (wire_width)


State 1732

  539 path_item: K_MASK NUMBER . T_STRING
  541          | K_MASK NUMBER . T_STRING orient
  542          | K_MASK NUMBER . T_STRING K_DO NUMBER K_BY NUMBER K_STEP NUMBER NUMBER
  545          | K_MASK NUMBER . T_STRING orient K_DO NUMBER K_BY NUMBER K_STEP NUMBER NUMBER
  549          | K_MASK NUMBER . K_RECT $@102 '(' NUMBER NUMBER NUMBER NUMBER ')'
  552 mask_number: K_MASK NUMBER .

    T_STRING  shift, and go to state 1761
    K_RECT    shift, and go to state 1762

    $default  reduce using rule 552 (mask_number)


State 1733

  563 virtual_pt: '(' . NUMBER NUMBER ')'
  564           | '(' . '*' NUMBER ')'
  565           | '(' . NUMBER '*' ')'
  566           | '(' . '*' '*' ')'

    NUMBER  shift, and go to state 1763
    '*'     shift, and go to state 1764


State 1734

  534 virtual_statement: K_VIRTUAL virtual_pt .

    $default  reduce using rule 534 (virtual_statement)


State 1735

  550 path_item: mask_number wire_width . path_pt

    '('  shift, and go to state 1497

    path_pt  go to state 1765


State 1736

  551 path_item: wire_width path_pt .

    $default  reduce using rule 551 (path_item)


State 1737

  586 opt_shape_style_prop: '+' K_PROPERTY $@105 prop_name_value .

    $default  reduce using rule 586 (opt_shape_style_prop)


State 1738

  588 opt_shape_style_prop: '+' K_SHIELD $@106 T_STRING .

    $default  reduce using rule 588 (opt_shape_style_prop)


State 1739

  793 floating_pins: '(' T_STRING T_STRING ')' '(' T_STRING T_STRING . ')'
  794              | '(' T_STRING T_STRING ')' '(' T_STRING T_STRING . ')' '(' T_STRING T_STRING ')'

    ')'  shift, and go to state 1766


State 1740

  804 ordered_pins: '(' T_STRING T_STRING ')' '(' T_STRING T_STRING . ')'
  805             | '(' T_STRING T_STRING ')' '(' T_STRING T_STRING . ')' '(' T_STRING T_STRING ')'

    ')'  shift, and go to state 1767


State 1741

  860 row_or_comp: '(' K_COMPS $@159 T_STRING . ')'

    ')'  shift, and go to state 1768


State 1742

  858 row_or_comp: '(' K_ROWS $@158 T_STRING . ')'

    ')'  shift, and go to state 1769


State 1743

  188 pin_layer_mask_opt: K_MASK NUMBER .

    $default  reduce using rule 188 (pin_layer_mask_opt)


State 1744

  213 pin_layer_spacing: K_SPACING . NUMBER

    NUMBER  shift, and go to state 1770


State 1745

  214 pin_layer_spacing: K_DESIGNRULEWIDTH . NUMBER

    NUMBER  shift, and go to state 1771


State 1746

  155 pin_option: '+' K_LAYER $@35 T_STRING $@36 pin_layer_mask_opt pin_layer_spacing_opt . pin_layer_props_opt pt pt

    K_PROPERTY  shift, and go to state 1772

    $default  reduce using rule 195 (pin_layer_props_opt)

    pin_layer_props_opt  go to state 1773
    pin_layer_props      go to state 1774
    pin_layer_prop       go to state 1775


State 1747

  194 pin_layer_spacing_opt: pin_layer_spacing .

    $default  reduce using rule 194 (pin_layer_spacing_opt)


State 1748

  192 pin_poly_mask_opt: K_MASK NUMBER .

    $default  reduce using rule 192 (pin_poly_mask_opt)


State 1749

  217 pin_poly_spacing: K_SPACING . NUMBER

    NUMBER  shift, and go to state 1776


State 1750

  218 pin_poly_spacing: K_DESIGNRULEWIDTH . NUMBER

    NUMBER  shift, and go to state 1777


State 1751

  158 pin_option: '+' K_POLYGON $@37 T_STRING $@38 pin_poly_mask_opt pin_poly_spacing_opt . pin_poly_props_opt firstPt nextPt nextPt otherPts

    K_PROPERTY  shift, and go to state 1778

    $default  reduce using rule 201 (pin_poly_props_opt)

    pin_poly_props_opt  go to state 1779
    pin_poly_props      go to state 1780
    pin_poly_prop       go to state 1781


State 1752

  216 pin_poly_spacing_opt: pin_poly_spacing .

    $default  reduce using rule 216 (pin_poly_spacing_opt)


State 1753

  212 pin_via_prop: K_PROPERTY $@46 . prop_name_value

    $default  reduce using rule 177 ($@43)

    prop_name_value  go to state 1782
    $@43             go to state 974


State 1754

  186 via_orient: orient .

    $default  reduce using rule 186 (via_orient)


State 1755

  160 pin_option: '+' K_VIA $@39 T_STRING pin_via_mask_opt pin_via_props_opt via_orient . '(' NUMBER NUMBER ')'

    '('  shift, and go to state 1783


State 1756

  209 pin_via_props: pin_via_props pin_via_prop .

    $default  reduce using rule 209 (pin_via_props)


State 1757

  329 layer_stmt: '+' K_VIARULE $@62 T_STRING '+' K_CUTSIZE NUMBER NUMBER '+' K_LAYERS $@63 . T_STRING T_STRING T_STRING '+' K_CUTSPACING NUMBER NUMBER '+' K_ENCLOSURE NUMBER NUMBER NUMBER NUMBER

    T_STRING  shift, and go to state 1784


State 1758

  543 path_item: T_STRING K_DO NUMBER . K_BY NUMBER K_STEP NUMBER NUMBER

    K_BY  shift, and go to state 1785


State 1759

  544 path_item: T_STRING orient K_DO . NUMBER K_BY NUMBER K_STEP NUMBER NUMBER

    NUMBER  shift, and go to state 1786


State 1760

  567 rect_pts: '(' NUMBER . NUMBER NUMBER NUMBER ')'

    NUMBER  shift, and go to state 1787


State 1761

  539 path_item: K_MASK NUMBER T_STRING .
  541          | K_MASK NUMBER T_STRING . orient
  542          | K_MASK NUMBER T_STRING . K_DO NUMBER K_BY NUMBER K_STEP NUMBER NUMBER
  545          | K_MASK NUMBER T_STRING . orient K_DO NUMBER K_BY NUMBER K_STEP NUMBER NUMBER

    K_DO  shift, and go to state 1788
    K_N   shift, and go to state 529
    K_S   shift, and go to state 530
    K_E   shift, and go to state 531
    K_W   shift, and go to state 532
    K_FN  shift, and go to state 533
    K_FE  shift, and go to state 534
    K_FS  shift, and go to state 535
    K_FW  shift, and go to state 536

    $default  reduce using rule 539 (path_item)

    orient  go to state 1789


State 1762

  549 path_item: K_MASK NUMBER K_RECT . $@102 '(' NUMBER NUMBER NUMBER NUMBER ')'

    $default  reduce using rule 548 ($@102)

    $@102  go to state 1790


State 1763

  563 virtual_pt: '(' NUMBER . NUMBER ')'
  565           | '(' NUMBER . '*' ')'

    NUMBER  shift, and go to state 1791
    '*'     shift, and go to state 1792


State 1764

  564 virtual_pt: '(' '*' . NUMBER ')'
  566           | '(' '*' . '*' ')'

    NUMBER  shift, and go to state 1793
    '*'     shift, and go to state 1794


State 1765

  550 path_item: mask_number wire_width path_pt .

    $default  reduce using rule 550 (path_item)


State 1766

  793 floating_pins: '(' T_STRING T_STRING ')' '(' T_STRING T_STRING ')' .
  794              | '(' T_STRING T_STRING ')' '(' T_STRING T_STRING ')' . '(' T_STRING T_STRING ')'

    '('  shift, and go to state 1795

    $default  reduce using rule 793 (floating_pins)


State 1767

  804 ordered_pins: '(' T_STRING T_STRING ')' '(' T_STRING T_STRING ')' .
  805             | '(' T_STRING T_STRING ')' '(' T_STRING T_STRING ')' . '(' T_STRING T_STRING ')'

    '('  shift, and go to state 1796

    $default  reduce using rule 804 (ordered_pins)


State 1768

  860 row_or_comp: '(' K_COMPS $@159 T_STRING ')' .

    $default  reduce using rule 860 (row_or_comp)


State 1769

  858 row_or_comp: '(' K_ROWS $@158 T_STRING ')' .

    $default  reduce using rule 858 (row_or_comp)


State 1770

  213 pin_layer_spacing: K_SPACING NUMBER .

    $default  reduce using rule 213 (pin_layer_spacing)


State 1771

  214 pin_layer_spacing: K_DESIGNRULEWIDTH NUMBER .

    $default  reduce using rule 214 (pin_layer_spacing)


State 1772

  200 pin_layer_prop: K_PROPERTY . $@44 prop_name_value

    $default  reduce using rule 199 ($@44)

    $@44  go to state 1797


State 1773

  155 pin_option: '+' K_LAYER $@35 T_STRING $@36 pin_layer_mask_opt pin_layer_spacing_opt pin_layer_props_opt . pt pt

    '('  shift, and go to state 188

    pt  go to state 1798


State 1774

  196 pin_layer_props_opt: pin_layer_props .
  197 pin_layer_props: pin_layer_props . pin_layer_prop

    K_PROPERTY  shift, and go to state 1772

    $default  reduce using rule 196 (pin_layer_props_opt)

    pin_layer_prop  go to state 1799


State 1775

  198 pin_layer_props: pin_layer_prop .

    $default  reduce using rule 198 (pin_layer_props)


State 1776

  217 pin_poly_spacing: K_SPACING NUMBER .

    $default  reduce using rule 217 (pin_poly_spacing)


State 1777

  218 pin_poly_spacing: K_DESIGNRULEWIDTH NUMBER .

    $default  reduce using rule 218 (pin_poly_spacing)


State 1778

  206 pin_poly_prop: K_PROPERTY . $@45 prop_name_value

    $default  reduce using rule 205 ($@45)

    $@45  go to state 1800


State 1779

  158 pin_option: '+' K_POLYGON $@37 T_STRING $@38 pin_poly_mask_opt pin_poly_spacing_opt pin_poly_props_opt . firstPt nextPt nextPt otherPts

    '('  shift, and go to state 188

    firstPt  go to state 1801
    pt       go to state 190


State 1780

  202 pin_poly_props_opt: pin_poly_props .
  203 pin_poly_props: pin_poly_props . pin_poly_prop

    K_PROPERTY  shift, and go to state 1778

    $default  reduce using rule 202 (pin_poly_props_opt)

    pin_poly_prop  go to state 1802


State 1781

  204 pin_poly_props: pin_poly_prop .

    $default  reduce using rule 204 (pin_poly_props)


State 1782

  212 pin_via_prop: K_PROPERTY $@46 prop_name_value .

    $default  reduce using rule 212 (pin_via_prop)


State 1783

  160 pin_option: '+' K_VIA $@39 T_STRING pin_via_mask_opt pin_via_props_opt via_orient '(' . NUMBER NUMBER ')'

    NUMBER  shift, and go to state 1803


State 1784

  329 layer_stmt: '+' K_VIARULE $@62 T_STRING '+' K_CUTSIZE NUMBER NUMBER '+' K_LAYERS $@63 T_STRING . T_STRING T_STRING '+' K_CUTSPACING NUMBER NUMBER '+' K_ENCLOSURE NUMBER NUMBER NUMBER NUMBER

    T_STRING  shift, and go to state 1804


State 1785

  543 path_item: T_STRING K_DO NUMBER K_BY . NUMBER K_STEP NUMBER NUMBER

    NUMBER  shift, and go to state 1805


State 1786

  544 path_item: T_STRING orient K_DO NUMBER . K_BY NUMBER K_STEP NUMBER NUMBER

    K_BY  shift, and go to state 1806


State 1787

  567 rect_pts: '(' NUMBER NUMBER . NUMBER NUMBER ')'

    NUMBER  shift, and go to state 1807


State 1788

  542 path_item: K_MASK NUMBER T_STRING K_DO . NUMBER K_BY NUMBER K_STEP NUMBER NUMBER

    NUMBER  shift, and go to state 1808


State 1789

  541 path_item: K_MASK NUMBER T_STRING orient .
  545          | K_MASK NUMBER T_STRING orient . K_DO NUMBER K_BY NUMBER K_STEP NUMBER NUMBER

    K_DO  shift, and go to state 1809

    $default  reduce using rule 541 (path_item)


State 1790

  549 path_item: K_MASK NUMBER K_RECT $@102 . '(' NUMBER NUMBER NUMBER NUMBER ')'

    '('  shift, and go to state 1810


State 1791

  563 virtual_pt: '(' NUMBER NUMBER . ')'

    ')'  shift, and go to state 1811


State 1792

  565 virtual_pt: '(' NUMBER '*' . ')'

    ')'  shift, and go to state 1812


State 1793

  564 virtual_pt: '(' '*' NUMBER . ')'

    ')'  shift, and go to state 1813


State 1794

  566 virtual_pt: '(' '*' '*' . ')'

    ')'  shift, and go to state 1814


State 1795

  794 floating_pins: '(' T_STRING T_STRING ')' '(' T_STRING T_STRING ')' '(' . T_STRING T_STRING ')'

    T_STRING  shift, and go to state 1815


State 1796

  805 ordered_pins: '(' T_STRING T_STRING ')' '(' T_STRING T_STRING ')' '(' . T_STRING T_STRING ')'

    T_STRING  shift, and go to state 1816


State 1797

  200 pin_layer_prop: K_PROPERTY $@44 . prop_name_value

    $default  reduce using rule 177 ($@43)

    prop_name_value  go to state 1817
    $@43             go to state 974


State 1798

  155 pin_option: '+' K_LAYER $@35 T_STRING $@36 pin_layer_mask_opt pin_layer_spacing_opt pin_layer_props_opt pt . pt

    '('  shift, and go to state 188

    pt  go to state 1818


State 1799

  197 pin_layer_props: pin_layer_props pin_layer_prop .

    $default  reduce using rule 197 (pin_layer_props)


State 1800

  206 pin_poly_prop: K_PROPERTY $@45 . prop_name_value

    $default  reduce using rule 177 ($@43)

    prop_name_value  go to state 1819
    $@43             go to state 974


State 1801

  158 pin_option: '+' K_POLYGON $@37 T_STRING $@38 pin_poly_mask_opt pin_poly_spacing_opt pin_poly_props_opt firstPt . nextPt nextPt otherPts

    '('  shift, and go to state 188

    nextPt  go to state 1820
    pt      go to state 318


State 1802

  203 pin_poly_props: pin_poly_props pin_poly_prop .

    $default  reduce using rule 203 (pin_poly_props)


State 1803

  160 pin_option: '+' K_VIA $@39 T_STRING pin_via_mask_opt pin_via_props_opt via_orient '(' NUMBER . NUMBER ')'

    NUMBER  shift, and go to state 1821


State 1804

  329 layer_stmt: '+' K_VIARULE $@62 T_STRING '+' K_CUTSIZE NUMBER NUMBER '+' K_LAYERS $@63 T_STRING T_STRING . T_STRING '+' K_CUTSPACING NUMBER NUMBER '+' K_ENCLOSURE NUMBER NUMBER NUMBER NUMBER

    T_STRING  shift, and go to state 1822


State 1805

  543 path_item: T_STRING K_DO NUMBER K_BY NUMBER . K_STEP NUMBER NUMBER

    K_STEP  shift, and go to state 1823


State 1806

  544 path_item: T_STRING orient K_DO NUMBER K_BY . NUMBER K_STEP NUMBER NUMBER

    NUMBER  shift, and go to state 1824


State 1807

  567 rect_pts: '(' NUMBER NUMBER NUMBER . NUMBER ')'

    NUMBER  shift, and go to state 1825


State 1808

  542 path_item: K_MASK NUMBER T_STRING K_DO NUMBER . K_BY NUMBER K_STEP NUMBER NUMBER

    K_BY  shift, and go to state 1826


State 1809

  545 path_item: K_MASK NUMBER T_STRING orient K_DO . NUMBER K_BY NUMBER K_STEP NUMBER NUMBER

    NUMBER  shift, and go to state 1827


State 1810

  549 path_item: K_MASK NUMBER K_RECT $@102 '(' . NUMBER NUMBER NUMBER NUMBER ')'

    NUMBER  shift, and go to state 1828


State 1811

  563 virtual_pt: '(' NUMBER NUMBER ')' .

    $default  reduce using rule 563 (virtual_pt)


State 1812

  565 virtual_pt: '(' NUMBER '*' ')' .

    $default  reduce using rule 565 (virtual_pt)


State 1813

  564 virtual_pt: '(' '*' NUMBER ')' .

    $default  reduce using rule 564 (virtual_pt)


State 1814

  566 virtual_pt: '(' '*' '*' ')' .

    $default  reduce using rule 566 (virtual_pt)


State 1815

  794 floating_pins: '(' T_STRING T_STRING ')' '(' T_STRING T_STRING ')' '(' T_STRING . T_STRING ')'

    T_STRING  shift, and go to state 1829


State 1816

  805 ordered_pins: '(' T_STRING T_STRING ')' '(' T_STRING T_STRING ')' '(' T_STRING . T_STRING ')'

    T_STRING  shift, and go to state 1830


State 1817

  200 pin_layer_prop: K_PROPERTY $@44 prop_name_value .

    $default  reduce using rule 200 (pin_layer_prop)


State 1818

  155 pin_option: '+' K_LAYER $@35 T_STRING $@36 pin_layer_mask_opt pin_layer_spacing_opt pin_layer_props_opt pt pt .

    $default  reduce using rule 155 (pin_option)


State 1819

  206 pin_poly_prop: K_PROPERTY $@45 prop_name_value .

    $default  reduce using rule 206 (pin_poly_prop)


State 1820

  158 pin_option: '+' K_POLYGON $@37 T_STRING $@38 pin_poly_mask_opt pin_poly_spacing_opt pin_poly_props_opt firstPt nextPt . nextPt otherPts

    '('  shift, and go to state 188

    nextPt  go to state 1831
    pt      go to state 318


State 1821

  160 pin_option: '+' K_VIA $@39 T_STRING pin_via_mask_opt pin_via_props_opt via_orient '(' NUMBER NUMBER . ')'

    ')'  shift, and go to state 1832


State 1822

  329 layer_stmt: '+' K_VIARULE $@62 T_STRING '+' K_CUTSIZE NUMBER NUMBER '+' K_LAYERS $@63 T_STRING T_STRING T_STRING . '+' K_CUTSPACING NUMBER NUMBER '+' K_ENCLOSURE NUMBER NUMBER NUMBER NUMBER

    '+'  shift, and go to state 1833


State 1823

  543 path_item: T_STRING K_DO NUMBER K_BY NUMBER K_STEP . NUMBER NUMBER

    NUMBER  shift, and go to state 1834


State 1824

  544 path_item: T_STRING orient K_DO NUMBER K_BY NUMBER . K_STEP NUMBER NUMBER

    K_STEP  shift, and go to state 1835


State 1825

  567 rect_pts: '(' NUMBER NUMBER NUMBER NUMBER . ')'

    ')'  shift, and go to state 1836


State 1826

  542 path_item: K_MASK NUMBER T_STRING K_DO NUMBER K_BY . NUMBER K_STEP NUMBER NUMBER

    NUMBER  shift, and go to state 1837


State 1827

  545 path_item: K_MASK NUMBER T_STRING orient K_DO NUMBER . K_BY NUMBER K_STEP NUMBER NUMBER

    K_BY  shift, and go to state 1838


State 1828

  549 path_item: K_MASK NUMBER K_RECT $@102 '(' NUMBER . NUMBER NUMBER NUMBER ')'

    NUMBER  shift, and go to state 1839


State 1829

  794 floating_pins: '(' T_STRING T_STRING ')' '(' T_STRING T_STRING ')' '(' T_STRING T_STRING . ')'

    ')'  shift, and go to state 1840


State 1830

  805 ordered_pins: '(' T_STRING T_STRING ')' '(' T_STRING T_STRING ')' '(' T_STRING T_STRING . ')'

    ')'  shift, and go to state 1841


State 1831

  158 pin_option: '+' K_POLYGON $@37 T_STRING $@38 pin_poly_mask_opt pin_poly_spacing_opt pin_poly_props_opt firstPt nextPt nextPt . otherPts

    $default  reduce using rule 339 (otherPts)

    otherPts  go to state 1842


State 1832

  160 pin_option: '+' K_VIA $@39 T_STRING pin_via_mask_opt pin_via_props_opt via_orient '(' NUMBER NUMBER ')' .

    $default  reduce using rule 160 (pin_option)


State 1833

  329 layer_stmt: '+' K_VIARULE $@62 T_STRING '+' K_CUTSIZE NUMBER NUMBER '+' K_LAYERS $@63 T_STRING T_STRING T_STRING '+' . K_CUTSPACING NUMBER NUMBER '+' K_ENCLOSURE NUMBER NUMBER NUMBER NUMBER

    K_CUTSPACING  shift, and go to state 1843


State 1834

  543 path_item: T_STRING K_DO NUMBER K_BY NUMBER K_STEP NUMBER . NUMBER

    NUMBER  shift, and go to state 1844


State 1835

  544 path_item: T_STRING orient K_DO NUMBER K_BY NUMBER K_STEP . NUMBER NUMBER

    NUMBER  shift, and go to state 1845


State 1836

  567 rect_pts: '(' NUMBER NUMBER NUMBER NUMBER ')' .

    $default  reduce using rule 567 (rect_pts)


State 1837

  542 path_item: K_MASK NUMBER T_STRING K_DO NUMBER K_BY NUMBER . K_STEP NUMBER NUMBER

    K_STEP  shift, and go to state 1846


State 1838

  545 path_item: K_MASK NUMBER T_STRING orient K_DO NUMBER K_BY . NUMBER K_STEP NUMBER NUMBER

    NUMBER  shift, and go to state 1847


State 1839

  549 path_item: K_MASK NUMBER K_RECT $@102 '(' NUMBER NUMBER . NUMBER NUMBER ')'

    NUMBER  shift, and go to state 1848


State 1840

  794 floating_pins: '(' T_STRING T_STRING ')' '(' T_STRING T_STRING ')' '(' T_STRING T_STRING ')' .

    $default  reduce using rule 794 (floating_pins)


State 1841

  805 ordered_pins: '(' T_STRING T_STRING ')' '(' T_STRING T_STRING ')' '(' T_STRING T_STRING ')' .

    $default  reduce using rule 805 (ordered_pins)


State 1842

  158 pin_option: '+' K_POLYGON $@37 T_STRING $@38 pin_poly_mask_opt pin_poly_spacing_opt pin_poly_props_opt firstPt nextPt nextPt otherPts .
  340 otherPts: otherPts . nextPt

    '('  shift, and go to state 188

    $default  reduce using rule 158 (pin_option)

    nextPt  go to state 544
    pt      go to state 318


State 1843

  329 layer_stmt: '+' K_VIARULE $@62 T_STRING '+' K_CUTSIZE NUMBER NUMBER '+' K_LAYERS $@63 T_STRING T_STRING T_STRING '+' K_CUTSPACING . NUMBER NUMBER '+' K_ENCLOSURE NUMBER NUMBER NUMBER NUMBER

    NUMBER  shift, and go to state 1849


State 1844

  543 path_item: T_STRING K_DO NUMBER K_BY NUMBER K_STEP NUMBER NUMBER .

    $default  reduce using rule 543 (path_item)


State 1845

  544 path_item: T_STRING orient K_DO NUMBER K_BY NUMBER K_STEP NUMBER . NUMBER

    NUMBER  shift, and go to state 1850


State 1846

  542 path_item: K_MASK NUMBER T_STRING K_DO NUMBER K_BY NUMBER K_STEP . NUMBER NUMBER

    NUMBER  shift, and go to state 1851


State 1847

  545 path_item: K_MASK NUMBER T_STRING orient K_DO NUMBER K_BY NUMBER . K_STEP NUMBER NUMBER

    K_STEP  shift, and go to state 1852


State 1848

  549 path_item: K_MASK NUMBER K_RECT $@102 '(' NUMBER NUMBER NUMBER . NUMBER ')'

    NUMBER  shift, and go to state 1853


State 1849

  329 layer_stmt: '+' K_VIARULE $@62 T_STRING '+' K_CUTSIZE NUMBER NUMBER '+' K_LAYERS $@63 T_STRING T_STRING T_STRING '+' K_CUTSPACING NUMBER . NUMBER '+' K_ENCLOSURE NUMBER NUMBER NUMBER NUMBER

    NUMBER  shift, and go to state 1854


State 1850

  544 path_item: T_STRING orient K_DO NUMBER K_BY NUMBER K_STEP NUMBER NUMBER .

    $default  reduce using rule 544 (path_item)


State 1851

  542 path_item: K_MASK NUMBER T_STRING K_DO NUMBER K_BY NUMBER K_STEP NUMBER . NUMBER

    NUMBER  shift, and go to state 1855


State 1852

  545 path_item: K_MASK NUMBER T_STRING orient K_DO NUMBER K_BY NUMBER K_STEP . NUMBER NUMBER

    NUMBER  shift, and go to state 1856


State 1853

  549 path_item: K_MASK NUMBER K_RECT $@102 '(' NUMBER NUMBER NUMBER NUMBER . ')'

    ')'  shift, and go to state 1857


State 1854

  329 layer_stmt: '+' K_VIARULE $@62 T_STRING '+' K_CUTSIZE NUMBER NUMBER '+' K_LAYERS $@63 T_STRING T_STRING T_STRING '+' K_CUTSPACING NUMBER NUMBER . '+' K_ENCLOSURE NUMBER NUMBER NUMBER NUMBER

    '+'  shift, and go to state 1858


State 1855

  542 path_item: K_MASK NUMBER T_STRING K_DO NUMBER K_BY NUMBER K_STEP NUMBER NUMBER .

    $default  reduce using rule 542 (path_item)


State 1856

  545 path_item: K_MASK NUMBER T_STRING orient K_DO NUMBER K_BY NUMBER K_STEP NUMBER . NUMBER

    NUMBER  shift, and go to state 1859


State 1857

  549 path_item: K_MASK NUMBER K_RECT $@102 '(' NUMBER NUMBER NUMBER NUMBER ')' .

    $default  reduce using rule 549 (path_item)


State 1858

  329 layer_stmt: '+' K_VIARULE $@62 T_STRING '+' K_CUTSIZE NUMBER NUMBER '+' K_LAYERS $@63 T_STRING T_STRING T_STRING '+' K_CUTSPACING NUMBER NUMBER '+' . K_ENCLOSURE NUMBER NUMBER NUMBER NUMBER

    K_ENCLOSURE  shift, and go to state 1860


State 1859

  545 path_item: K_MASK NUMBER T_STRING orient K_DO NUMBER K_BY NUMBER K_STEP NUMBER NUMBER .

    $default  reduce using rule 545 (path_item)


State 1860

  329 layer_stmt: '+' K_VIARULE $@62 T_STRING '+' K_CUTSIZE NUMBER NUMBER '+' K_LAYERS $@63 T_STRING T_STRING T_STRING '+' K_CUTSPACING NUMBER NUMBER '+' K_ENCLOSURE . NUMBER NUMBER NUMBER NUMBER

    NUMBER  shift, and go to state 1861


State 1861

  329 layer_stmt: '+' K_VIARULE $@62 T_STRING '+' K_CUTSIZE NUMBER NUMBER '+' K_LAYERS $@63 T_STRING T_STRING T_STRING '+' K_CUTSPACING NUMBER NUMBER '+' K_ENCLOSURE NUMBER . NUMBER NUMBER NUMBER

    NUMBER  shift, and go to state 1862


State 1862

  329 layer_stmt: '+' K_VIARULE $@62 T_STRING '+' K_CUTSIZE NUMBER NUMBER '+' K_LAYERS $@63 T_STRING T_STRING T_STRING '+' K_CUTSPACING NUMBER NUMBER '+' K_ENCLOSURE NUMBER NUMBER . NUMBER NUMBER

    NUMBER  shift, and go to state 1863


State 1863

  329 layer_stmt: '+' K_VIARULE $@62 T_STRING '+' K_CUTSIZE NUMBER NUMBER '+' K_LAYERS $@63 T_STRING T_STRING T_STRING '+' K_CUTSPACING NUMBER NUMBER '+' K_ENCLOSURE NUMBER NUMBER NUMBER . NUMBER

    NUMBER  shift, and go to state 1864


State 1864

  329 layer_stmt: '+' K_VIARULE $@62 T_STRING '+' K_CUTSIZE NUMBER NUMBER '+' K_LAYERS $@63 T_STRING T_STRING T_STRING '+' K_CUTSPACING NUMBER NUMBER '+' K_ENCLOSURE NUMBER NUMBER NUMBER NUMBER .

    $default  reduce using rule 329 (layer_stmt)
