Terminals unused in grammar

    K_HISTORY
    K_ABUT
    K_COLUMNMAJOR
    K_FIXED
    K_MATCH
    K_NETS
    K_NEW
    K_ORIENTATION
    K_OVERLAPS
    K_PLACED
    K_ROWMAJOR
    K_SPECIALNETS
    K_ENDMACRO
    K_ENDMACROPIN
    K_ENDVIARULE
    K_ENDVIA
    K_ENDLAYER
    K_ENDSITE
    K_DEFINE
    K_DEFINES
    K_DEFINEB
    K_ENDEXT
    K_OPENFILE
    K_CLOSEFILE
    K_WARNING
    K_ERROR
    K_FATALERROR
    K_ROWMINSPACING
    K_ROWABUTSPACING
    K_FLIP
    K_ORIENT


Grammar

    0 $accept: lef_file $end

    1 lef_file: rules extension_opt end_library

    2 $@1: ε

    3 version: K_VERSION $@1 T_STRING ';'

    4 int_number: NUMBER

    5 dividerchar: K_DIVIDERCHAR QSTRING ';'

    6 busbitchars: K_BUSBITCHARS QSTRING ';'

    7 rules: ε
    8      | rules rule
    9      | error

   10 end_library: ε
   11            | K_END K_LIBRARY

   12 rule: version
   13     | busbitchars
   14     | case_sensitivity
   15     | units_section
   16     | layer_rule
   17     | via
   18     | viarule
   19     | viarule_generate
   20     | dividerchar
   21     | wireextension
   22     | msg_statement
   23     | spacing_rule
   24     | dielectric
   25     | minfeature
   26     | irdrop
   27     | site
   28     | macro
   29     | array
   30     | nondefault_rule
   31     | prop_def_section
   32     | universalnoisemargin
   33     | edgeratethreshold1
   34     | edgeratescalefactor
   35     | edgeratethreshold2
   36     | noisetable
   37     | correctiontable
   38     | input_antenna
   39     | output_antenna
   40     | inout_antenna
   41     | antenna_input
   42     | antenna_inout
   43     | antenna_output
   44     | manufacturing
   45     | fixedmask
   46     | useminspacing
   47     | clearancemeasure
   48     | maxstack_via
   49     | create_file_statement

   50 case_sensitivity: K_NAMESCASESENSITIVE K_ON ';'
   51                 | K_NAMESCASESENSITIVE K_OFF ';'

   52 wireextension: K_NOWIREEXTENSIONATPIN K_ON ';'
   53              | K_NOWIREEXTENSIONATPIN K_OFF ';'

   54 fixedmask: K_FIXEDMASK ';'

   55 manufacturing: K_MANUFACTURINGGRID int_number ';'

   56 useminspacing: K_USEMINSPACING spacing_type spacing_value ';'

   57 clearancemeasure: K_CLEARANCEMEASURE clearance_type ';'

   58 clearance_type: K_MAXXY
   59               | K_EUCLIDEAN

   60 spacing_type: K_OBS
   61             | K_PIN

   62 spacing_value: K_ON
   63              | K_OFF

   64 units_section: start_units units_rules K_END K_UNITS

   65 start_units: K_UNITS

   66 units_rules: ε
   67            | units_rules units_rule

   68 units_rule: K_TIME K_NANOSECONDS int_number ';'
   69           | K_CAPACITANCE K_PICOFARADS int_number ';'
   70           | K_RESISTANCE K_OHMS int_number ';'
   71           | K_POWER K_MILLIWATTS int_number ';'
   72           | K_CURRENT K_MILLIAMPS int_number ';'
   73           | K_VOLTAGE K_VOLTS int_number ';'
   74           | K_DATABASE K_MICRONS int_number ';'
   75           | K_FREQUENCY K_MEGAHERTZ NUMBER ';'

   76 layer_rule: start_layer layer_options end_layer

   77 $@2: ε

   78 start_layer: K_LAYER $@2 T_STRING

   79 $@3: ε

   80 end_layer: K_END $@3 T_STRING

   81 layer_options: ε
   82              | layer_options layer_option

   83 layer_option: K_MANUFACTURINGGRID int_number ';'

   84 $@4: ε

   85 $@5: ε

   86 layer_option: K_ARRAYSPACING $@4 layer_arraySpacing_long layer_arraySpacing_width K_CUTSPACING int_number $@5 layer_arraySpacing_arraycuts ';'
   87             | K_TYPE layer_type ';'
   88             | K_MASK int_number ';'
   89             | K_PITCH int_number ';'
   90             | K_PITCH int_number int_number ';'
   91             | K_DIAGPITCH int_number ';'
   92             | K_DIAGPITCH int_number int_number ';'
   93             | K_OFFSET int_number ';'
   94             | K_OFFSET int_number int_number ';'
   95             | K_DIAGWIDTH int_number ';'
   96             | K_DIAGSPACING int_number ';'
   97             | K_WIDTH int_number ';'
   98             | K_AREA NUMBER ';'

   99 $@6: ε

  100 layer_option: K_SPACING int_number $@6 layer_spacing_opts layer_spacing_cut_routing ';'

  101 $@7: ε

  102 layer_option: K_SPACINGTABLE K_ORTHOGONAL K_WITHIN int_number K_SPACING int_number $@7 layer_spacingtable_opts ';'
  103             | K_DIRECTION layer_direction ';'
  104             | K_RESISTANCE K_RPERSQ int_number ';'
  105             | K_RESISTANCE K_RPERSQ K_PWL '(' res_points ')' ';'
  106             | K_CAPACITANCE K_CPERSQDIST int_number ';'
  107             | K_CAPACITANCE K_CPERSQDIST K_PWL '(' cap_points ')' ';'
  108             | K_HEIGHT int_number ';'
  109             | K_WIREEXTENSION int_number ';'
  110             | K_THICKNESS int_number ';'
  111             | K_SHRINKAGE int_number ';'
  112             | K_CAPMULTIPLIER int_number ';'
  113             | K_EDGECAPACITANCE int_number ';'
  114             | K_ANTENNALENGTHFACTOR int_number ';'
  115             | K_CURRENTDEN int_number ';'
  116             | K_CURRENTDEN K_PWL '(' current_density_pwl_list ')' ';'
  117             | K_CURRENTDEN '(' int_number int_number ')' ';'

  118 $@8: ε

  119 layer_option: K_PROPERTY $@8 layer_prop_list ';'

  120 $@9: ε

  121 layer_option: K_ACCURRENTDENSITY layer_table_type $@9 layer_frequency
  122             | K_ACCURRENTDENSITY layer_table_type int_number ';'
  123             | K_DCCURRENTDENSITY K_AVERAGE int_number ';'

  124 $@10: ε

  125 $@11: ε

  126 layer_option: K_DCCURRENTDENSITY K_AVERAGE K_CUTAREA NUMBER $@10 number_list ';' $@11 dc_layer_table

  127 $@12: ε

  128 $@13: ε

  129 layer_option: K_DCCURRENTDENSITY K_AVERAGE K_WIDTH int_number $@12 int_number_list ';' $@13 dc_layer_table
  130             | K_ANTENNAAREARATIO int_number ';'

  131 $@14: ε

  132 layer_option: K_ANTENNADIFFAREARATIO $@14 layer_antenna_pwl ';'
  133             | K_ANTENNACUMAREARATIO int_number ';'

  134 $@15: ε

  135 layer_option: K_ANTENNACUMDIFFAREARATIO $@15 layer_antenna_pwl ';'

  136 $@16: ε

  137 layer_option: K_ANTENNAAREAFACTOR int_number $@16 layer_antenna_duo ';'
  138             | K_ANTENNASIDEAREARATIO int_number ';'

  139 $@17: ε

  140 layer_option: K_ANTENNADIFFSIDEAREARATIO $@17 layer_antenna_pwl ';'
  141             | K_ANTENNACUMSIDEAREARATIO int_number ';'

  142 $@18: ε

  143 layer_option: K_ANTENNACUMDIFFSIDEAREARATIO $@18 layer_antenna_pwl ';'

  144 $@19: ε

  145 layer_option: K_ANTENNASIDEAREAFACTOR int_number $@19 layer_antenna_duo ';'

  146 $@20: ε

  147 layer_option: K_ANTENNAMODEL $@20 layer_oxide ';'
  148             | K_ANTENNACUMROUTINGPLUSCUT ';'
  149             | K_ANTENNAGATEPLUSDIFF int_number ';'
  150             | K_ANTENNAAREAMINUSDIFF int_number ';'

  151 $@21: ε

  152 $@22: ε

  153 layer_option: K_ANTENNAAREADIFFREDUCEPWL '(' pt pt $@21 layer_diffusion_ratios ')' ';' $@22
  154             | K_SLOTWIREWIDTH int_number ';'
  155             | K_SLOTWIRELENGTH int_number ';'
  156             | K_SLOTWIDTH int_number ';'
  157             | K_SLOTLENGTH int_number ';'
  158             | K_MAXADJACENTSLOTSPACING int_number ';'
  159             | K_MAXCOAXIALSLOTSPACING int_number ';'
  160             | K_MAXEDGESLOTSPACING int_number ';'
  161             | K_SPLITWIREWIDTH int_number ';'
  162             | K_MINIMUMDENSITY int_number ';'
  163             | K_MAXIMUMDENSITY int_number ';'
  164             | K_DENSITYCHECKWINDOW int_number int_number ';'
  165             | K_DENSITYCHECKSTEP int_number ';'
  166             | K_FILLACTIVESPACING int_number ';'
  167             | K_MAXWIDTH int_number ';'
  168             | K_MINWIDTH int_number ';'

  169 $@23: ε

  170 layer_option: K_MINENCLOSEDAREA NUMBER $@23 layer_minen_width ';'

  171 $@24: ε

  172 layer_option: K_MINIMUMCUT int_number K_WIDTH int_number $@24 layer_minimumcut_within layer_minimumcut_from layer_minimumcut_length ';'

  173 $@25: ε

  174 layer_option: K_MINSTEP int_number $@25 layer_minstep_options ';'
  175             | K_PROTRUSIONWIDTH int_number K_LENGTH int_number K_WIDTH int_number ';'

  176 $@26: ε

  177 layer_option: K_SPACINGTABLE $@26 sp_options ';'

  178 $@27: ε

  179 layer_option: K_ENCLOSURE layer_enclosure_type_opt int_number int_number $@27 layer_enclosure_width_opt ';'

  180 $@28: ε

  181 layer_option: K_PREFERENCLOSURE layer_enclosure_type_opt int_number int_number $@28 layer_preferenclosure_width_opt ';'
  182             | K_RESISTANCE int_number ';'
  183             | K_DIAGMINEDGELENGTH int_number ';'

  184 $@29: ε

  185 layer_option: K_MINSIZE $@29 firstPt otherPts ';'

  186 layer_arraySpacing_long: ε
  187                        | K_LONGARRAY

  188 layer_arraySpacing_width: ε
  189                         | K_WIDTH int_number

  190 layer_arraySpacing_arraycuts: ε
  191                             | layer_arraySpacing_arraycut layer_arraySpacing_arraycuts

  192 layer_arraySpacing_arraycut: K_ARRAYCUTS int_number K_SPACING int_number

  193 $@30: ε

  194 $@31: ε

  195 $@32: ε

  196 $@33: ε

  197 sp_options: K_PARALLELRUNLENGTH int_number $@30 int_number_list $@31 K_WIDTH int_number $@32 int_number_list $@33 layer_sp_parallel_widths

  198 $@34: ε

  199 $@35: ε

  200 sp_options: K_TWOWIDTHS K_WIDTH int_number layer_sp_TwoWidthsPRL int_number $@34 int_number_list $@35 layer_sp_TwoWidths

  201 $@36: ε

  202 sp_options: K_INFLUENCE K_WIDTH int_number K_WITHIN int_number K_SPACING int_number $@36 layer_sp_influence_widths

  203 layer_spacingtable_opts: ε
  204                        | layer_spacingtable_opt layer_spacingtable_opts

  205 layer_spacingtable_opt: K_WITHIN int_number K_SPACING int_number

  206 layer_enclosure_type_opt: ε
  207                         | K_ABOVE
  208                         | K_BELOW

  209 layer_enclosure_width_opt: ε

  210 $@37: ε

  211 layer_enclosure_width_opt: K_WIDTH int_number $@37 layer_enclosure_width_except_opt
  212                          | K_LENGTH int_number

  213 layer_enclosure_width_except_opt: ε
  214                                 | K_EXCEPTEXTRACUT int_number

  215 layer_preferenclosure_width_opt: ε
  216                                | K_WIDTH int_number

  217 layer_minimumcut_within: ε
  218                        | K_WITHIN int_number

  219 layer_minimumcut_from: ε
  220                      | K_FROMABOVE
  221                      | K_FROMBELOW

  222 layer_minimumcut_length: ε
  223                        | K_LENGTH int_number K_WITHIN int_number

  224 layer_minstep_options: ε
  225                      | layer_minstep_options layer_minstep_option

  226 layer_minstep_option: layer_minstep_type
  227                     | K_LENGTHSUM int_number
  228                     | K_MAXEDGES int_number

  229 layer_minstep_type: K_INSIDECORNER
  230                   | K_OUTSIDECORNER
  231                   | K_STEP

  232 layer_antenna_pwl: int_number

  233 $@38: ε

  234 layer_antenna_pwl: K_PWL '(' pt pt $@38 layer_diffusion_ratios ')'

  235 layer_diffusion_ratios: ε
  236                       | layer_diffusion_ratios layer_diffusion_ratio

  237 layer_diffusion_ratio: pt

  238 layer_antenna_duo: ε
  239                  | K_DIFFUSEONLY

  240 layer_table_type: K_PEAK
  241                 | K_AVERAGE
  242                 | K_RMS

  243 $@39: ε

  244 $@40: ε

  245 $@41: ε

  246 layer_frequency: K_FREQUENCY NUMBER $@39 number_list ';' $@40 ac_layer_table_opt K_TABLEENTRIES NUMBER $@41 number_list ';'

  247 ac_layer_table_opt: ε

  248 $@42: ε

  249 ac_layer_table_opt: K_CUTAREA NUMBER $@42 number_list ';'

  250 $@43: ε

  251 ac_layer_table_opt: K_WIDTH int_number $@43 int_number_list ';'

  252 $@44: ε

  253 dc_layer_table: K_TABLEENTRIES int_number $@44 int_number_list ';'

  254 int_number_list: ε
  255                | int_number_list int_number

  256 number_list: ε
  257            | number_list NUMBER

  258 layer_prop_list: layer_prop
  259                | layer_prop_list layer_prop

  260 layer_prop: T_STRING T_STRING
  261           | T_STRING QSTRING
  262           | T_STRING NUMBER

  263 current_density_pwl_list: current_density_pwl
  264                         | current_density_pwl_list current_density_pwl

  265 current_density_pwl: '(' int_number int_number ')'

  266 cap_points: cap_point
  267           | cap_points cap_point

  268 cap_point: '(' int_number int_number ')'

  269 res_points: res_point
  270           | res_points res_point

  271 res_point: '(' int_number int_number ')'

  272 layer_type: K_ROUTING
  273           | K_CUT
  274           | K_OVERLAP
  275           | K_MASTERSLICE
  276           | K_VIRTUAL
  277           | K_IMPLANT

  278 layer_direction: K_HORIZONTAL
  279                | K_VERTICAL
  280                | K_DIAG45
  281                | K_DIAG135

  282 layer_minen_width: ε
  283                  | K_WIDTH int_number

  284 layer_oxide: K_OXIDE1
  285            | K_OXIDE2
  286            | K_OXIDE3
  287            | K_OXIDE4
  288            | K_OXIDE5
  289            | K_OXIDE6
  290            | K_OXIDE7
  291            | K_OXIDE8
  292            | K_OXIDE9
  293            | K_OXIDE10
  294            | K_OXIDE11
  295            | K_OXIDE12
  296            | K_OXIDE13
  297            | K_OXIDE14
  298            | K_OXIDE15
  299            | K_OXIDE16
  300            | K_OXIDE17
  301            | K_OXIDE18
  302            | K_OXIDE19
  303            | K_OXIDE20
  304            | K_OXIDE21
  305            | K_OXIDE22
  306            | K_OXIDE23
  307            | K_OXIDE24
  308            | K_OXIDE25
  309            | K_OXIDE26
  310            | K_OXIDE27
  311            | K_OXIDE28
  312            | K_OXIDE29
  313            | K_OXIDE30
  314            | K_OXIDE31
  315            | K_OXIDE32

  316 layer_sp_parallel_widths: ε
  317                         | layer_sp_parallel_widths layer_sp_parallel_width

  318 $@45: ε

  319 layer_sp_parallel_width: K_WIDTH int_number $@45 int_number_list

  320 layer_sp_TwoWidths: ε
  321                   | layer_sp_TwoWidth layer_sp_TwoWidths

  322 $@46: ε

  323 layer_sp_TwoWidth: K_WIDTH int_number layer_sp_TwoWidthsPRL int_number $@46 int_number_list

  324 layer_sp_TwoWidthsPRL: ε
  325                      | K_PRL int_number

  326 layer_sp_influence_widths: ε
  327                          | layer_sp_influence_widths layer_sp_influence_width

  328 layer_sp_influence_width: K_WIDTH int_number K_WITHIN int_number K_SPACING int_number

  329 maxstack_via: K_MAXVIASTACK int_number ';'

  330 $@47: ε

  331 maxstack_via: K_MAXVIASTACK int_number K_RANGE $@47 T_STRING T_STRING ';'

  332 $@48: ε

  333 via: start_via $@48 via_option end_via

  334 via_keyword: K_VIA

  335 start_via: via_keyword T_STRING
  336          | via_keyword T_STRING K_DEFAULT
  337          | via_keyword T_STRING K_GENERATED

  338 $@49: ε

  339 $@50: ε

  340 $@51: ε

  341 via_viarule: K_VIARULE $@49 T_STRING ';' K_CUTSIZE int_number int_number ';' K_LAYERS $@50 T_STRING T_STRING T_STRING ';' K_CUTSPACING int_number int_number ';' K_ENCLOSURE int_number int_number int_number int_number ';' $@51 via_viarule_options

  342 via_viarule_options: ε
  343                    | via_viarule_options via_viarule_option

  344 via_viarule_option: K_ROWCOL int_number int_number ';'
  345                   | K_ORIGIN int_number int_number ';'
  346                   | K_OFFSET int_number int_number int_number int_number ';'

  347 $@52: ε

  348 via_viarule_option: K_PATTERN $@52 T_STRING ';'

  349 via_option: via_viarule
  350           | via_other_options

  351 via_other_options: via_other_option via_more_options

  352 via_more_options: ε
  353                 | via_more_options via_other_option

  354 via_other_option: via_foreign
  355                 | via_layer_rule
  356                 | K_RESISTANCE int_number ';'

  357 $@53: ε

  358 via_other_option: K_PROPERTY $@53 via_prop_list ';'
  359                 | K_TOPOFSTACKONLY

  360 via_prop_list: via_name_value_pair
  361              | via_prop_list via_name_value_pair

  362 via_name_value_pair: T_STRING NUMBER
  363                    | T_STRING QSTRING
  364                    | T_STRING T_STRING

  365 via_foreign: start_foreign ';'
  366            | start_foreign pt ';'
  367            | start_foreign pt orientation ';'
  368            | start_foreign orientation ';'

  369 $@54: ε

  370 start_foreign: K_FOREIGN $@54 T_STRING

  371 orientation: K_N
  372            | K_W
  373            | K_S
  374            | K_E
  375            | K_FN
  376            | K_FW
  377            | K_FS
  378            | K_FE
  379            | K_R0
  380            | K_R90
  381            | K_R180
  382            | K_R270
  383            | K_MY
  384            | K_MYR90
  385            | K_MX
  386            | K_MXR90

  387 via_layer_rule: via_layer via_geometries

  388 $@55: ε

  389 via_layer: K_LAYER $@55 T_STRING ';'

  390 via_geometries: ε
  391               | via_geometries via_geometry

  392 via_geometry: K_RECT maskColor pt pt ';'

  393 $@56: ε

  394 via_geometry: K_POLYGON maskColor $@56 firstPt nextPt nextPt otherPts ';'

  395 $@57: ε

  396 end_via: K_END $@57 T_STRING

  397 $@58: ε

  398 viarule_keyword: K_VIARULE $@58 T_STRING

  399 viarule: viarule_keyword viarule_layer_list via_names opt_viarule_props end_viarule

  400 $@59: ε

  401 viarule_generate: viarule_keyword K_GENERATE viarule_generate_default $@59 viarule_layer_list opt_viarule_props end_viarule

  402 viarule_generate_default: ε
  403                         | K_DEFAULT

  404 viarule_layer_list: viarule_layer
  405                   | viarule_layer_list viarule_layer

  406 opt_viarule_props: ε
  407                  | viarule_props

  408 viarule_props: viarule_prop
  409              | viarule_props viarule_prop

  410 $@60: ε

  411 viarule_prop: K_PROPERTY $@60 viarule_prop_list ';'

  412 viarule_prop_list: viarule_prop
  413                  | viarule_prop_list viarule_prop

  414 viarule_prop: T_STRING T_STRING
  415             | T_STRING QSTRING
  416             | T_STRING NUMBER

  417 viarule_layer: viarule_layer_name viarule_layer_options

  418 via_names: ε
  419          | via_names via_name

  420 via_name: via_keyword T_STRING ';'

  421 $@61: ε

  422 viarule_layer_name: K_LAYER $@61 T_STRING ';'

  423 viarule_layer_options: ε
  424                      | viarule_layer_options viarule_layer_option

  425 viarule_layer_option: K_DIRECTION K_HORIZONTAL ';'
  426                     | K_DIRECTION K_VERTICAL ';'
  427                     | K_ENCLOSURE int_number int_number ';'
  428                     | K_WIDTH int_number K_TO int_number ';'
  429                     | K_RECT pt pt ';'
  430                     | K_SPACING int_number K_BY int_number ';'
  431                     | K_RESISTANCE int_number ';'
  432                     | K_OVERHANG int_number ';'
  433                     | K_METALOVERHANG int_number ';'

  434 $@62: ε

  435 end_viarule: K_END $@62 T_STRING

  436 spacing_rule: start_spacing spacings end_spacing

  437 start_spacing: K_SPACING

  438 end_spacing: K_END K_SPACING

  439 spacings: ε
  440         | spacings spacing

  441 spacing: samenet_keyword T_STRING T_STRING int_number ';'
  442        | samenet_keyword T_STRING T_STRING int_number K_STACK ';'

  443 samenet_keyword: K_SAMENET

  444 maskColor: ε
  445          | K_MASK int_number

  446 irdrop: start_irdrop ir_tables end_irdrop

  447 start_irdrop: K_IRDROP

  448 end_irdrop: K_END K_IRDROP

  449 ir_tables: ε
  450          | ir_tables ir_table

  451 ir_table: ir_tablename ir_table_values ';'

  452 ir_table_values: ε
  453                | ir_table_values ir_table_value

  454 ir_table_value: int_number int_number

  455 ir_tablename: K_TABLE T_STRING

  456 minfeature: K_MINFEATURE int_number int_number ';'

  457 dielectric: K_DIELECTRIC int_number ';'

  458 $@63: ε

  459 $@64: ε

  460 $@65: ε

  461 nondefault_rule: K_NONDEFAULTRULE $@63 T_STRING $@64 nd_hardspacing nd_rules $@65 end_nd_rule

  462 end_nd_rule: K_END
  463            | K_END T_STRING

  464 nd_hardspacing: ε
  465               | K_HARDSPACING ';'

  466 nd_rules: ε
  467         | nd_rules nd_rule

  468 nd_rule: nd_layer
  469        | via
  470        | spacing_rule
  471        | nd_prop
  472        | usevia
  473        | useviarule
  474        | mincuts

  475 $@66: ε

  476 usevia: K_USEVIA $@66 T_STRING ';'

  477 $@67: ε

  478 useviarule: K_USEVIARULE $@67 T_STRING ';'

  479 $@68: ε

  480 mincuts: K_MINCUTS $@68 T_STRING int_number ';'

  481 $@69: ε

  482 nd_prop: K_PROPERTY $@69 nd_prop_list ';'

  483 nd_prop_list: nd_prop
  484             | nd_prop_list nd_prop

  485 nd_prop: T_STRING T_STRING
  486        | T_STRING QSTRING
  487        | T_STRING NUMBER

  488 $@70: ε

  489 $@71: ε

  490 $@72: ε

  491 $@73: ε

  492 nd_layer: K_LAYER $@70 T_STRING $@71 K_WIDTH int_number ';' $@72 nd_layer_stmts K_END $@73 T_STRING

  493 nd_layer_stmts: ε
  494               | nd_layer_stmts nd_layer_stmt

  495 nd_layer_stmt: K_SPACING int_number ';'
  496              | K_WIREEXTENSION int_number ';'
  497              | K_RESISTANCE K_RPERSQ int_number ';'
  498              | K_CAPACITANCE K_CPERSQDIST int_number ';'
  499              | K_EDGECAPACITANCE int_number ';'
  500              | K_DIAGWIDTH int_number ';'

  501 site: start_site site_options end_site

  502 $@74: ε

  503 start_site: K_SITE $@74 T_STRING

  504 $@75: ε

  505 end_site: K_END $@75 T_STRING

  506 site_options: ε
  507             | site_options site_option

  508 site_option: K_SIZE int_number K_BY int_number ';'
  509            | site_symmetry_statement
  510            | site_class
  511            | site_rowpattern_statement
  512            | site_prop

  513 site_prop: K_PROPERTY prop_name_value ';'

  514 site_class: K_CLASS K_PAD ';'
  515           | K_CLASS K_CORE ';'
  516           | K_CLASS K_VIRTUAL ';'

  517 site_symmetry_statement: K_SYMMETRY site_symmetries ';'

  518 site_symmetries: ε
  519                | site_symmetries site_symmetry

  520 site_symmetry: K_X
  521              | K_Y
  522              | K_R90

  523 $@76: ε

  524 site_rowpattern_statement: K_ROWPATTERN $@76 site_rowpatterns ';'

  525 site_rowpatterns: ε
  526                 | site_rowpatterns site_rowpattern

  527 $@77: ε

  528 site_rowpattern: T_STRING orientation $@77

  529 pt: int_number int_number
  530   | '(' int_number int_number ')'

  531 $@78: ε

  532 macro: start_macro macro_options $@78 end_macro

  533 $@79: ε

  534 start_macro: K_MACRO $@79 T_STRING

  535 $@80: ε

  536 end_macro: K_END $@80 T_STRING

  537 macro_options: ε
  538              | macro_options macro_option

  539 macro_option: macro_class
  540             | macro_obsspacing
  541             | macro_generator
  542             | macro_generate
  543             | macro_source
  544             | macro_symmetry_statement
  545             | macro_fixedMask
  546             | macro_origin
  547             | macro_power
  548             | macro_foreign
  549             | macro_eeq
  550             | macro_leq
  551             | macro_size
  552             | macro_site
  553             | macro_pin
  554             | K_FUNCTION K_BUFFER ';'
  555             | K_FUNCTION K_INVERTER ';'
  556             | macro_obs
  557             | macro_density
  558             | macro_clocktype
  559             | timing

  560 $@81: ε

  561 macro_option: K_PROPERTY $@81 macro_prop_list ';'

  562 macro_prop_list: macro_name_value_pair
  563                | macro_prop_list macro_name_value_pair

  564 macro_symmetry_statement: K_SYMMETRY macro_symmetries ';'

  565 macro_symmetries: ε
  566                 | macro_symmetries macro_symmetry

  567 macro_symmetry: K_X
  568               | K_Y
  569               | K_R90

  570 macro_name_value_pair: T_STRING NUMBER
  571                      | T_STRING QSTRING
  572                      | T_STRING T_STRING

  573 macro_class: K_CLASS class_type ';'

  574 class_type: K_COVER
  575           | K_COVER K_BUMP
  576           | K_RING
  577           | K_BLOCK
  578           | K_BLOCK K_BLACKBOX
  579           | K_BLOCK K_SOFT
  580           | K_NONE
  581           | K_BUMP
  582           | K_PAD
  583           | K_VIRTUAL
  584           | K_PAD pad_type
  585           | K_CORE
  586           | K_CORNER
  587           | K_CORE core_type
  588           | K_ENDCAP endcap_type

  589 pad_type: K_INPUT
  590         | K_OUTPUT
  591         | K_INOUT
  592         | K_POWER
  593         | K_SPACER
  594         | K_AREAIO

  595 core_type: K_FEEDTHRU
  596          | K_TIEHIGH
  597          | K_TIELOW
  598          | K_SPACER
  599          | K_ANTENNACELL
  600          | K_WELLTAP

  601 endcap_type: K_PRE
  602            | K_POST
  603            | K_TOPLEFT
  604            | K_TOPRIGHT
  605            | K_BOTTOMLEFT
  606            | K_BOTTOMRIGHT

  607 macro_obsspacing: K_OBSSPACING obsspacing_opt obsspaicing_layers ';'

  608 obsspacing_opt: K_FULLDRC
  609               | K_MIN
  610               | NUMBER

  611 obsspaicing_layers: ε
  612                   | obsspaicing_layer obsspaicing_layers

  613 $@82: ε

  614 obsspaicing_layer: K_LAYER $@82 T_STRING

  615 macro_generator: K_GENERATOR T_STRING ';'

  616 macro_generate: K_GENERATE T_STRING T_STRING ';'

  617 macro_source: K_SOURCE K_USER ';'
  618             | K_SOURCE K_GENERATE ';'
  619             | K_SOURCE K_BLOCK ';'

  620 macro_power: K_POWER int_number ';'

  621 macro_origin: K_ORIGIN pt ';'

  622 macro_foreign: start_foreign ';'
  623              | start_foreign pt ';'
  624              | start_foreign pt orientation ';'
  625              | start_foreign orientation ';'

  626 macro_fixedMask: K_FIXEDMASK ';'

  627 $@83: ε

  628 macro_eeq: K_EEQ $@83 T_STRING ';'

  629 $@84: ε

  630 macro_leq: K_LEQ $@84 T_STRING ';'

  631 macro_site: macro_site_word T_STRING ';'
  632           | macro_site_word sitePattern ';'

  633 macro_site_word: K_SITE

  634 site_word: K_SITE

  635 macro_size: K_SIZE int_number K_BY int_number ';'

  636 macro_pin: start_macro_pin macro_pin_options end_macro_pin

  637 $@85: ε

  638 start_macro_pin: K_PIN $@85 T_STRING

  639 $@86: ε

  640 end_macro_pin: K_END $@86 T_STRING

  641 macro_pin_options: ε
  642                  | macro_pin_options macro_pin_option

  643 macro_pin_option: start_foreign ';'
  644                 | start_foreign pt ';'
  645                 | start_foreign pt orientation ';'
  646                 | start_foreign K_STRUCTURE ';'
  647                 | start_foreign K_STRUCTURE pt ';'
  648                 | start_foreign K_STRUCTURE pt orientation ';'

  649 $@87: ε

  650 macro_pin_option: K_LEQ $@87 T_STRING ';'
  651                 | K_POWER int_number ';'
  652                 | electrical_direction
  653                 | K_USE macro_pin_use ';'
  654                 | K_SCANUSE macro_scan_use ';'
  655                 | K_LEAKAGE int_number ';'
  656                 | K_RISETHRESH int_number ';'
  657                 | K_FALLTHRESH int_number ';'
  658                 | K_RISESATCUR int_number ';'
  659                 | K_FALLSATCUR int_number ';'
  660                 | K_VLO int_number ';'
  661                 | K_VHI int_number ';'
  662                 | K_TIEOFFR int_number ';'
  663                 | K_SHAPE pin_shape ';'

  664 $@88: ε

  665 macro_pin_option: K_MUSTJOIN $@88 T_STRING ';'

  666 $@89: ε

  667 macro_pin_option: K_OUTPUTNOISEMARGIN $@89 int_number int_number ';'

  668 $@90: ε

  669 macro_pin_option: K_OUTPUTRESISTANCE $@90 int_number int_number ';'

  670 $@91: ε

  671 macro_pin_option: K_INPUTNOISEMARGIN $@91 int_number int_number ';'
  672                 | K_CAPACITANCE int_number ';'
  673                 | K_MAXDELAY int_number ';'
  674                 | K_MAXLOAD int_number ';'
  675                 | K_RESISTANCE int_number ';'
  676                 | K_PULLDOWNRES int_number ';'
  677                 | K_CURRENTSOURCE K_ACTIVE ';'
  678                 | K_CURRENTSOURCE K_RESISTIVE ';'
  679                 | K_RISEVOLTAGETHRESHOLD int_number ';'
  680                 | K_FALLVOLTAGETHRESHOLD int_number ';'
  681                 | K_IV_TABLES T_STRING T_STRING ';'

  682 $@92: ε

  683 macro_pin_option: K_TAPERRULE $@92 T_STRING ';'

  684 $@93: ε

  685 macro_pin_option: K_PROPERTY $@93 pin_prop_list ';'
  686                 | start_macro_port macro_port_class_option geometries K_END
  687                 | start_macro_port K_END
  688                 | K_ANTENNASIZE int_number opt_layer_name ';'
  689                 | K_ANTENNAMETALAREA NUMBER opt_layer_name ';'
  690                 | K_ANTENNAMETALLENGTH int_number opt_layer_name ';'
  691                 | K_RISESLEWLIMIT int_number ';'
  692                 | K_FALLSLEWLIMIT int_number ';'
  693                 | K_ANTENNAPARTIALMETALAREA NUMBER opt_layer_name ';'
  694                 | K_ANTENNAPARTIALMETALSIDEAREA NUMBER opt_layer_name ';'
  695                 | K_ANTENNAPARTIALCUTAREA NUMBER opt_layer_name ';'
  696                 | K_ANTENNADIFFAREA NUMBER opt_layer_name ';'
  697                 | K_ANTENNAGATEAREA NUMBER opt_layer_name ';'
  698                 | K_ANTENNAMAXAREACAR NUMBER req_layer_name ';'
  699                 | K_ANTENNAMAXSIDEAREACAR NUMBER req_layer_name ';'
  700                 | K_ANTENNAMAXCUTCAR NUMBER req_layer_name ';'

  701 $@94: ε

  702 macro_pin_option: K_ANTENNAMODEL $@94 pin_layer_oxide ';'

  703 $@95: ε

  704 macro_pin_option: K_NETEXPR $@95 QSTRING ';'

  705 $@96: ε

  706 macro_pin_option: K_SUPPLYSENSITIVITY $@96 T_STRING ';'

  707 $@97: ε

  708 macro_pin_option: K_GROUNDSENSITIVITY $@97 T_STRING ';'

  709 pin_layer_oxide: K_OXIDE1
  710                | K_OXIDE2
  711                | K_OXIDE3
  712                | K_OXIDE4
  713                | K_OXIDE5
  714                | K_OXIDE6
  715                | K_OXIDE7
  716                | K_OXIDE8
  717                | K_OXIDE9
  718                | K_OXIDE10
  719                | K_OXIDE11
  720                | K_OXIDE12
  721                | K_OXIDE13
  722                | K_OXIDE14
  723                | K_OXIDE15
  724                | K_OXIDE16
  725                | K_OXIDE17
  726                | K_OXIDE18
  727                | K_OXIDE19
  728                | K_OXIDE20
  729                | K_OXIDE21
  730                | K_OXIDE22
  731                | K_OXIDE23
  732                | K_OXIDE24
  733                | K_OXIDE25
  734                | K_OXIDE26
  735                | K_OXIDE27
  736                | K_OXIDE28
  737                | K_OXIDE29
  738                | K_OXIDE30
  739                | K_OXIDE31
  740                | K_OXIDE32

  741 pin_prop_list: pin_name_value_pair
  742              | pin_prop_list pin_name_value_pair

  743 pin_name_value_pair: T_STRING NUMBER
  744                    | T_STRING QSTRING
  745                    | T_STRING T_STRING

  746 electrical_direction: K_DIRECTION K_INPUT ';'
  747                     | K_DIRECTION K_OUTPUT ';'
  748                     | K_DIRECTION K_OUTPUT K_TRISTATE ';'
  749                     | K_DIRECTION K_INOUT ';'
  750                     | K_DIRECTION K_FEEDTHRU ';'

  751 start_macro_port: K_PORT

  752 macro_port_class_option: ε
  753                        | K_CLASS class_type ';'

  754 macro_pin_use: K_SIGNAL
  755              | K_ANALOG
  756              | K_POWER
  757              | K_GROUND
  758              | K_CLOCK
  759              | K_DATA

  760 macro_scan_use: K_INPUT
  761               | K_OUTPUT
  762               | K_START
  763               | K_STOP

  764 pin_shape: ε
  765          | K_ABUTMENT
  766          | K_RING
  767          | K_FEEDTHRU

  768 geometries: geometry geometry_options

  769 $@98: ε

  770 $@99: ε

  771 geometry: K_LAYER $@98 T_STRING $@99 opt_geometry_props layer_exceptpgnet layer_real_abstract_noroute_opt layer_spacing ';'
  772         | K_WIDTH int_number ';'
  773         | K_PATH maskColor firstPt otherPts ';'
  774         | K_PATH maskColor K_ITERATE firstPt otherPts stepPattern ';'
  775         | K_RECT maskColor pt pt ';'
  776         | K_RECT maskColor K_ITERATE pt pt stepPattern ';'
  777         | K_POLYGON maskColor firstPt nextPt nextPt otherPts ';'
  778         | K_POLYGON maskColor K_ITERATE firstPt nextPt nextPt otherPts stepPattern ';'
  779         | via_placement

  780 geometry_options: ε
  781                 | geometry_options geometry

  782 layer_exceptpgnet: ε
  783                  | K_EXCEPTPGNET

  784 layer_real_abstract_noroute_opt: ε
  785                                | real_abstract_noroute

  786 real_abstract_noroute: K_REAL
  787                      | K_ABSTRACT
  788                      | K_NOROUTE

  789 opt_geometry_props: ε
  790                   | geometry_props

  791 geometry_props: geometry_prop
  792               | geometry_props geometry_prop

  793 geometry_prop: K_PROPERTY prop_name_value

  794 opt_geometry_via_props: ε
  795                       | geometry_via_props

  796 geometry_via_props: geometry_via_prop
  797                   | geometry_via_props geometry_via_prop

  798 geometry_via_prop: K_PROPERTY prop_name_value

  799 $@100: ε

  800 prop_name_value: $@100 prop_name_value_pair

  801 prop_name_value_pair: T_STRING prop_string_value
  802                     | T_STRING NUMBER

  803 prop_string_value: T_STRING
  804                  | QSTRING

  805 layer_spacing: ε
  806              | K_SPACING int_number
  807              | K_DESIGNRULEWIDTH int_number

  808 firstPt: pt

  809 nextPt: pt

  810 otherPts: ε
  811         | otherPts nextPt

  812 $@101: ε

  813 via_placement: K_VIA opt_geometry_via_props maskColor pt $@101 T_STRING ';'

  814 $@102: ε

  815 via_placement: K_VIA K_ITERATE maskColor pt $@102 T_STRING stepPattern ';'

  816 stepPattern: K_DO int_number K_BY int_number K_STEP int_number int_number

  817 sitePattern: T_STRING int_number int_number orientation K_DO int_number K_BY int_number K_STEP int_number int_number
  818            | T_STRING int_number int_number orientation

  819 $@103: ε

  820 $@104: ε

  821 trackPattern: K_X int_number K_DO int_number K_STEP int_number $@103 K_LAYER $@104 trackLayers

  822 $@105: ε

  823 $@106: ε

  824 trackPattern: K_Y int_number K_DO int_number K_STEP int_number $@105 K_LAYER $@106 trackLayers
  825             | K_X int_number K_DO int_number K_STEP int_number
  826             | K_Y int_number K_DO int_number K_STEP int_number

  827 trackLayers: ε
  828            | trackLayers layer_name

  829 layer_name: T_STRING

  830 gcellPattern: K_X int_number K_DO int_number K_STEP int_number
  831             | K_Y int_number K_DO int_number K_STEP int_number

  832 macro_obs: start_macro_obs geometries K_END
  833          | start_macro_obs K_END

  834 start_macro_obs: K_OBS

  835 macro_density: K_DENSITY density_layer density_layers K_END

  836 density_layers: ε
  837               | density_layers density_layer

  838 $@107: ε

  839 $@108: ε

  840 density_layer: K_LAYER $@107 T_STRING ';' $@108 density_layer_rect density_layer_rects

  841 density_layer_rects: ε
  842                    | density_layer_rects density_layer_rect

  843 density_layer_rect: K_RECT pt pt int_number ';'

  844 $@109: ε

  845 macro_clocktype: K_CLOCKTYPE $@109 T_STRING ';'

  846 timing: start_timing timing_options end_timing

  847 start_timing: K_TIMING

  848 end_timing: K_END K_TIMING

  849 timing_options: ε
  850               | timing_options timing_option

  851 $@110: ε

  852 timing_option: K_FROMPIN $@110 list_of_from_strings ';'

  853 $@111: ε

  854 timing_option: K_TOPIN $@111 list_of_to_strings ';'

  855 $@112: ε

  856 timing_option: risefall K_INTRINSIC int_number int_number $@112 slew_spec K_VARIABLE int_number int_number ';'
  857              | risefall delay_or_transition K_UNATENESS unateness K_TABLEDIMENSION int_number int_number int_number ';'
  858              | K_TABLEAXIS list_of_table_axis_dnumbers ';'
  859              | K_TABLEENTRIES list_of_table_entries ';'
  860              | K_RISERS int_number int_number ';'
  861              | K_FALLRS int_number int_number ';'
  862              | K_RISECS int_number int_number ';'
  863              | K_FALLCS int_number int_number ';'
  864              | K_RISESATT1 int_number int_number ';'
  865              | K_FALLSATT1 int_number int_number ';'
  866              | K_RISET0 int_number int_number ';'
  867              | K_FALLT0 int_number int_number ';'
  868              | K_UNATENESS unateness ';'
  869              | K_STABLE K_SETUP int_number K_HOLD int_number risefall ';'
  870              | two_pin_trigger from_pin_trigger to_pin_trigger K_TABLEDIMENSION int_number int_number int_number ';'
  871              | one_pin_trigger K_TABLEDIMENSION int_number int_number int_number ';'
  872              | K_SDFCONDSTART QSTRING ';'
  873              | K_SDFCONDEND QSTRING ';'
  874              | K_SDFCOND QSTRING ';'
  875              | K_EXTENSION ';'

  876 one_pin_trigger: K_MPWH
  877                | K_MPWL
  878                | K_PERIOD

  879 two_pin_trigger: K_SETUP
  880                | K_HOLD
  881                | K_RECOVERY
  882                | K_SKEW

  883 from_pin_trigger: K_ANYEDGE
  884                 | K_POSEDGE
  885                 | K_NEGEDGE

  886 to_pin_trigger: K_ANYEDGE
  887               | K_POSEDGE
  888               | K_NEGEDGE

  889 delay_or_transition: K_DELAY
  890                    | K_TRANSITIONTIME

  891 list_of_table_entries: table_entry
  892                      | list_of_table_entries table_entry

  893 table_entry: '(' int_number int_number int_number ')'

  894 list_of_table_axis_dnumbers: int_number
  895                            | list_of_table_axis_dnumbers int_number

  896 slew_spec: ε
  897          | int_number int_number int_number int_number
  898          | int_number int_number int_number int_number int_number int_number int_number

  899 risefall: K_RISE
  900         | K_FALL

  901 unateness: K_INVERT
  902          | K_NONINVERT
  903          | K_NONUNATE

  904 list_of_from_strings: T_STRING
  905                     | list_of_from_strings T_STRING

  906 list_of_to_strings: T_STRING
  907                   | list_of_to_strings T_STRING

  908 $@113: ε

  909 array: start_array array_rules $@113 end_array

  910 $@114: ε

  911 start_array: K_ARRAY $@114 T_STRING

  912 $@115: ε

  913 end_array: K_END $@115 T_STRING

  914 array_rules: ε
  915            | array_rules array_rule

  916 $@116: ε

  917 array_rule: site_word $@116 sitePattern ';'

  918 $@117: ε

  919 array_rule: K_CANPLACE $@117 sitePattern ';'

  920 $@118: ε

  921 array_rule: K_CANNOTOCCUPY $@118 sitePattern ';'

  922 $@119: ε

  923 array_rule: K_TRACKS $@119 trackPattern ';'
  924           | floorplan_start floorplan_list K_END T_STRING

  925 $@120: ε

  926 array_rule: K_GCELLGRID $@120 gcellPattern ';'
  927           | K_DEFAULTCAP int_number cap_list K_END K_DEFAULTCAP

  928 floorplan_start: K_FLOORPLAN T_STRING

  929 floorplan_list: ε
  930               | floorplan_list floorplan_element

  931 $@121: ε

  932 floorplan_element: K_CANPLACE $@121 sitePattern ';'

  933 $@122: ε

  934 floorplan_element: K_CANNOTOCCUPY $@122 sitePattern ';'

  935 cap_list: ε
  936         | cap_list one_cap

  937 one_cap: K_MINPINS int_number K_WIRECAP int_number ';'

  938 $@123: ε

  939 msg_statement: K_MESSAGE $@123 T_STRING '=' s_expr dtrm

  940 $@124: ε

  941 create_file_statement: K_CREATEFILE $@124 T_STRING '=' s_expr dtrm

  942 dtrm: ε
  943     | ';'
  944     | '\n'

  945 then: K_THEN
  946     | '\n' K_THEN

  947 else: K_ELSE
  948     | '\n' K_ELSE

  949 expression: expression '+' expression
  950           | expression '-' expression
  951           | expression '*' expression
  952           | expression '/' expression
  953           | '-' expression
  954           | '(' expression ')'
  955           | K_IF b_expr then expression else expression
  956           | int_number

  957 b_expr: expression relop expression
  958       | expression K_AND expression
  959       | expression K_OR expression
  960       | s_expr relop s_expr
  961       | s_expr K_AND s_expr
  962       | s_expr K_OR s_expr
  963       | b_expr K_EQ b_expr
  964       | b_expr K_NE b_expr
  965       | b_expr K_AND b_expr
  966       | b_expr K_OR b_expr
  967       | K_NOT b_expr
  968       | '(' b_expr ')'
  969       | K_IF b_expr then b_expr else b_expr
  970       | K_TRUE
  971       | K_FALSE

  972 s_expr: s_expr '+' s_expr
  973       | '(' s_expr ')'
  974       | K_IF b_expr then s_expr else s_expr
  975       | QSTRING

  976 relop: K_LE
  977      | K_LT
  978      | K_GE
  979      | K_GT
  980      | K_EQ
  981      | K_NE
  982      | '='
  983      | '<'
  984      | '>'

  985 $@125: ε

  986 prop_def_section: K_PROPDEF $@125 prop_stmts K_END K_PROPDEF

  987 prop_stmts: ε
  988           | prop_stmts prop_stmt

  989 $@126: ε

  990 prop_stmt: K_LIBRARY $@126 T_STRING prop_define ';'

  991 $@127: ε

  992 prop_stmt: K_COMPONENTPIN $@127 T_STRING prop_define ';'

  993 $@128: ε

  994 prop_stmt: K_PIN $@128 T_STRING prop_define ';'

  995 $@129: ε

  996 prop_stmt: K_MACRO $@129 T_STRING prop_define ';'

  997 $@130: ε

  998 prop_stmt: K_VIA $@130 T_STRING prop_define ';'

  999 $@131: ε

  1000 prop_stmt: K_VIARULE $@131 T_STRING prop_define ';'

  1001 $@132: ε

  1002 prop_stmt: K_LAYER $@132 T_STRING prop_define ';'

  1003 $@133: ε

  1004 prop_stmt: K_NONDEFAULTRULE $@133 T_STRING prop_define ';'

  1005 $@134: ε

  1006 prop_stmt: K_PORTOBS $@134 T_STRING prop_define ';'

  1007 $@135: ε

  1008 prop_stmt: K_SITE $@135 T_STRING prop_define ';'

  1009 prop_define: K_INTEGER opt_def_range opt_def_dvalue
  1010            | K_REAL opt_def_range opt_def_value
  1011            | K_STRING
  1012            | K_STRING QSTRING
  1013            | K_NAMEMAPSTRING T_STRING

  1014 opt_range_second: ε
  1015                 | K_USELENGTHTHRESHOLD
  1016                 | K_INFLUENCE int_number
  1017                 | K_INFLUENCE int_number K_RANGE int_number int_number
  1018                 | K_RANGE int_number int_number

  1019 opt_endofline: ε

  1020 $@136: ε

  1021 opt_endofline: K_PARALLELEDGE int_number K_WITHIN int_number $@136 opt_endofline_twoedges

  1022 opt_endofline_twoedges: ε
  1023                       | K_TWOEDGES

  1024 opt_samenetPGonly: ε
  1025                  | K_PGONLY

  1026 opt_def_range: ε
  1027              | K_RANGE int_number int_number

  1028 opt_def_value: ε
  1029              | NUMBER

  1030 opt_def_dvalue: ε
  1031               | int_number

  1032 layer_spacing_opts: ε
  1033                   | layer_spacing_opt layer_spacing_opts

  1034 layer_spacing_opt: K_CENTERTOCENTER

  1035 $@137: ε

  1036 layer_spacing_opt: K_SAMENET $@137 opt_samenetPGonly
  1037                  | K_PARALLELOVERLAP

  1038 layer_spacing_cut_routing: ε

  1039 $@138: ε

  1040 $@139: ε

  1041 layer_spacing_cut_routing: K_LAYER $@138 T_STRING $@139 spacing_cut_layer_opt

  1042 $@140: ε

  1043 layer_spacing_cut_routing: K_ADJACENTCUTS int_number K_WITHIN int_number $@140 opt_adjacentcuts_exceptsame
  1044                          | K_AREA NUMBER

  1045 $@141: ε

  1046 layer_spacing_cut_routing: K_RANGE int_number int_number $@141 opt_range_second
  1047                          | K_LENGTHTHRESHOLD int_number
  1048                          | K_LENGTHTHRESHOLD int_number K_RANGE int_number int_number

  1049 $@142: ε

  1050 layer_spacing_cut_routing: K_ENDOFLINE int_number K_WITHIN int_number $@142 opt_endofline
  1051                          | K_NOTCHLENGTH int_number
  1052                          | K_ENDOFNOTCHWIDTH int_number K_NOTCHSPACING int_number K_NOTCHLENGTH int_number

  1053 spacing_cut_layer_opt: ε
  1054                      | K_STACK

  1055 opt_adjacentcuts_exceptsame: ε
  1056                            | K_EXCEPTSAMEPGNET

  1057 opt_layer_name: ε

  1058 $@143: ε

  1059 opt_layer_name: K_LAYER $@143 T_STRING

  1060 $@144: ε

  1061 req_layer_name: K_LAYER $@144 T_STRING

  1062 universalnoisemargin: K_UNIVERSALNOISEMARGIN int_number int_number ';'

  1063 edgeratethreshold1: K_EDGERATETHRESHOLD1 int_number ';'

  1064 edgeratethreshold2: K_EDGERATETHRESHOLD2 int_number ';'

  1065 edgeratescalefactor: K_EDGERATESCALEFACTOR int_number ';'

  1066 $@145: ε

  1067 noisetable: K_NOISETABLE int_number $@145 ';' noise_table_list end_noisetable dtrm

  1068 end_noisetable: K_END K_NOISETABLE

  1069 noise_table_list: noise_table_entry
  1070                 | noise_table_list noise_table_entry

  1071 noise_table_entry: K_EDGERATE int_number ';'
  1072                  | output_resistance_entry

  1073 $@146: ε

  1074 output_resistance_entry: K_OUTPUTRESISTANCE $@146 num_list ';' victim_list

  1075 num_list: int_number
  1076         | num_list int_number

  1077 victim_list: victim
  1078            | victim_list victim

  1079 $@147: ε

  1080 victim: K_VICTIMLENGTH int_number ';' $@147 K_VICTIMNOISE vnoiselist ';'

  1081 vnoiselist: int_number
  1082           | vnoiselist int_number

  1083 $@148: ε

  1084 correctiontable: K_CORRECTIONTABLE int_number ';' $@148 correction_table_list end_correctiontable dtrm

  1085 end_correctiontable: K_END K_CORRECTIONTABLE

  1086 correction_table_list: correction_table_item
  1087                      | correction_table_list correction_table_item

  1088 correction_table_item: K_EDGERATE int_number ';'
  1089                      | output_list

  1090 $@149: ε

  1091 output_list: K_OUTPUTRESISTANCE $@149 numo_list ';' corr_victim_list

  1092 numo_list: int_number
  1093          | numo_list int_number

  1094 corr_victim_list: corr_victim
  1095                 | corr_victim_list corr_victim

  1096 $@150: ε

  1097 corr_victim: K_VICTIMLENGTH int_number ';' $@150 K_CORRECTIONFACTOR corr_list ';'

  1098 corr_list: int_number
  1099          | corr_list int_number

  1100 input_antenna: K_INPUTPINANTENNASIZE int_number ';'

  1101 output_antenna: K_OUTPUTPINANTENNASIZE int_number ';'

  1102 inout_antenna: K_INOUTPINANTENNASIZE int_number ';'

  1103 antenna_input: K_ANTENNAINPUTGATEAREA NUMBER ';'

  1104 antenna_inout: K_ANTENNAINOUTDIFFAREA NUMBER ';'

  1105 antenna_output: K_ANTENNAOUTPUTDIFFAREA NUMBER ';'

  1106 extension_opt: ε
  1107              | extension_opt extension

  1108 extension: K_BEGINEXT


Terminals, with rules where they appear

    $end (0) 0
    '\n' (10) 944 946 948
    '(' (40) 105 107 116 117 153 234 265 268 271 530 893 954 968 973
    ')' (41) 105 107 116 117 153 234 265 268 271 530 893 954 968 973
    '*' (42) 951
    '+' (43) 949 972
    '-' (45) 950 953
    '/' (47) 952
    ';' (59) 3 5 6 50 51 52 53 54 55 56 57 68 69 70 71 72 73 74 75 83 86 87 88 89 90 91 92 93 94 95 96 97 98 100 102 103 104 105 106 107 108 109 110 111 112 113 114 115 116 117 119 122 123 126 129 130 132 133 135 137 138 140 141 143 145 147 148 149 150 153 154 155 156 157 158 159 160 161 162 163 164 165 166 167 168 170 172 174 175 177 179 181 182 183 185 246 249 251 253 329 331 341 344 345 346 348 356 358 365 366 367 368 389 392 394 411 420 422 425 426 427 428 429 430 431 432 433 441 442 451 456 457 465 476 478 480 482 492 495 496 497 498 499 500 508 513 514 515 516 517 524 554 555 561 564 573 607 615 616 617 618 619 620 621 622 623 624 625 626 628 630 631 632 635 643 644 645 646 647 648 650 651 653 654 655 656 657 658 659 660 661 662 663 665 667 669 671 672 673 674 675 676 677 678 679 680 681 683 685 688 689 690 691 692 693 694 695 696 697 698 699 700 702 704 706 708 746 747 748 749 750 753 771 772 773 774 775 776 777 778 813 815 840 843 845 852 854 856 857 858 859 860 861 862 863 864 865 866 867 868 869 870 871 872 873 874 875 917 919 921 923 926 932 934 937 943 990 992 994 996 998 1000 1002 1004 1006 1008 1062 1063 1064 1065 1067 1071 1074 1080 1084 1088 1091 1097 1100 1101 1102 1103 1104 1105
    '<' (60) 983
    '=' (61) 939 941 982
    '>' (62) 984
    error (256) 9
    K_HISTORY <string> (258)
    K_ABUT (259)
    K_ABUTMENT (260) 765
    K_ACTIVE (261) 677
    K_ANALOG (262) 755
    K_ARRAY (263) 911
    K_AREA (264) 98 1044
    K_BLOCK (265) 577 578 579 619
    K_BOTTOMLEFT (266) 605
    K_BOTTOMRIGHT (267) 606
    K_BY (268) 430 508 635 816 817
    K_CAPACITANCE (269) 69 106 107 498 672
    K_CAPMULTIPLIER (270) 112
    K_CLASS (271) 514 515 516 573 753
    K_CLOCK (272) 758
    K_CLOCKTYPE (273) 845
    K_COLUMNMAJOR (274)
    K_DESIGNRULEWIDTH (275) 807
    K_INFLUENCE (276) 202 1016 1017
    K_CORE (277) 515 585 587
    K_CORNER (278) 586
    K_COVER (279) 574 575
    K_CPERSQDIST (280) 106 107 498
    K_CURRENT (281) 72
    K_CURRENTSOURCE (282) 677 678
    K_CUT (283) 273
    K_DEFAULT (284) 336 403
    K_DATABASE (285) 74
    K_DATA (286) 759
    K_DIELECTRIC (287) 457
    K_DIRECTION (288) 103 425 426 746 747 748 749 750
    K_DO (289) 816 817 821 824 825 826 830 831
    K_EDGECAPACITANCE (290) 113 499
    K_EEQ (291) 628
    K_END (292) 11 64 80 396 435 438 448 462 463 492 505 536 640 686 687 832 833 835 848 913 924 927 986 1068 1085
    K_ENDCAP (293) 588
    K_FALL (294) 900
    K_FALLCS (295) 863
    K_FALLT0 (296) 867
    K_FALLSATT1 (297) 865
    K_FALLRS (298) 861
    K_FALLSATCUR (299) 659
    K_FALLTHRESH (300) 657
    K_FEEDTHRU (301) 595 750 767
    K_FIXED (302)
    K_FOREIGN (303) 370
    K_FROMPIN (304) 852
    K_GENERATE (305) 401 616 618
    K_GENERATOR (306) 615
    K_GROUND (307) 757
    K_HEIGHT (308) 108
    K_HORIZONTAL (309) 278 425
    K_INOUT (310) 591 749
    K_INPUT (311) 589 746 760
    K_INPUTNOISEMARGIN (312) 671
    K_COMPONENTPIN (313) 992
    K_INTRINSIC (314) 856
    K_INVERT (315) 901
    K_IRDROP (316) 447 448
    K_ITERATE (317) 774 776 778 815
    K_IV_TABLES (318) 681
    K_LAYER (319) 78 389 422 492 614 771 821 824 840 1002 1041 1059 1061
    K_LEAKAGE (320) 655
    K_LEQ (321) 630 650
    K_LIBRARY (322) 11 990
    K_MACRO (323) 534 996
    K_MATCH (324)
    K_MAXDELAY (325) 673
    K_MAXLOAD (326) 674
    K_METALOVERHANG (327) 433
    K_MILLIAMPS (328) 72
    K_MILLIWATTS (329) 71
    K_MINFEATURE (330) 456
    K_MUSTJOIN (331) 665
    K_NAMESCASESENSITIVE (332) 50 51
    K_NANOSECONDS (333) 68
    K_NETS (334)
    K_NEW (335)
    K_NONDEFAULTRULE (336) 461 1004
    K_NONINVERT (337) 902
    K_NONUNATE (338) 903
    K_OBS (339) 60 834
    K_OHMS (340) 70
    K_OFFSET (341) 93 94 346
    K_ORIENTATION (342)
    K_ORIGIN (343) 345 621
    K_OUTPUT (344) 590 747 748 761
    K_OUTPUTNOISEMARGIN (345) 667
    K_OVERHANG (346) 432
    K_OVERLAP (347) 274
    K_OFF (348) 51 53 63
    K_ON (349) 50 52 62
    K_OVERLAPS (350)
    K_PAD (351) 514 582 584
    K_PATH (352) 773 774
    K_PATTERN (353) 348
    K_PICOFARADS (354) 69
    K_PIN (355) 61 638 994
    K_PITCH (356) 89 90
    K_PLACED (357)
    K_POLYGON (358) 394 777 778
    K_PORT (359) 751
    K_POST (360) 602
    K_POWER (361) 71 592 620 651 756
    K_PRE (362) 601
    K_PULLDOWNRES (363) 676
    K_RECT (364) 392 429 775 776 843
    K_RESISTANCE (365) 70 104 105 182 356 431 497 675
    K_RESISTIVE (366) 678
    K_RING (367) 576 766
    K_RISE (368) 899
    K_RISECS (369) 862
    K_RISERS (370) 860
    K_RISESATCUR (371) 658
    K_RISETHRESH (372) 656
    K_RISESATT1 (373) 864
    K_RISET0 (374) 866
    K_RISEVOLTAGETHRESHOLD (375) 679
    K_FALLVOLTAGETHRESHOLD (376) 680
    K_ROUTING (377) 272
    K_ROWMAJOR (378)
    K_RPERSQ (379) 104 105 497
    K_SAMENET (380) 443 1036
    K_SCANUSE (381) 654
    K_SHAPE (382) 663
    K_SHRINKAGE (383) 111
    K_SIGNAL (384) 754
    K_SITE (385) 503 633 634 1008
    K_SIZE (386) 508 635
    K_SOURCE (387) 617 618 619
    K_SPACER (388) 593 598
    K_SPACING (389) 100 102 192 202 205 328 430 437 438 495 806
    K_SPECIALNETS (390)
    K_STACK (391) 442 1054
    K_START (392) 762
    K_STEP (393) 231 816 817 821 824 825 826 830 831
    K_STOP (394) 763
    K_STRUCTURE (395) 646 647 648
    K_SYMMETRY (396) 517 564
    K_TABLE (397) 455
    K_THICKNESS (398) 110
    K_TIEHIGH (399) 596
    K_TIELOW (400) 597
    K_TIEOFFR (401) 662
    K_TIME (402) 68
    K_TIMING (403) 847 848
    K_TO (404) 428
    K_TOPIN (405) 854
    K_TOPLEFT (406) 603
    K_TOPRIGHT (407) 604
    K_TOPOFSTACKONLY (408) 359
    K_PORTOBS (409) 1006
    K_TRISTATE (410) 748
    K_TYPE (411) 87
    K_UNATENESS (412) 857 868
    K_UNITS (413) 64 65
    K_USE (414) 653
    K_VARIABLE (415) 856
    K_VERTICAL (416) 279 426
    K_VHI (417) 661
    K_VIA (418) 334 813 815 998
    K_VIARULE (419) 341 398 1000
    K_VLO (420) 660
    K_VOLTAGE (421) 73
    K_VOLTS (422) 73
    K_WIDTH (423) 97 129 172 175 189 197 200 202 211 216 251 283 319 323 328 428 492 772
    K_X (424) 520 567 821 825 830
    K_Y (425) 521 568 824 826 831
    T_STRING <string> (426) 3 78 80 260 261 262 331 335 336 337 341 348 362 363 364 370 389 396 398 414 415 416 420 422 435 441 442 455 461 463 476 478 480 485 486 487 492 503 505 528 534 536 570 571 572 614 615 616 628 630 631 638 640 650 665 681 683 706 708 743 744 745 771 801 802 803 813 815 817 818 829 840 845 904 905 906 907 911 913 924 928 939 941 990 992 994 996 998 1000 1002 1004 1006 1008 1013 1041 1059 1061
    QSTRING <string> (427) 5 6 261 363 415 486 571 704 744 804 872 873 874 975 1012
    NUMBER <dval> (428) 4 75 98 126 170 246 249 257 262 362 416 487 570 610 689 693 694 695 696 697 698 699 700 743 802 1029 1044 1103 1104 1105
    K_N (429) 371
    K_S (430) 373
    K_E (431) 374
    K_W (432) 372
    K_FN (433) 375
    K_FS (434) 377
    K_FE (435) 378
    K_FW (436) 376
    K_R0 (437) 379
    K_R90 (438) 380 522 569
    K_R180 (439) 381
    K_R270 (440) 382
    K_MX (441) 385
    K_MY (442) 383
    K_MXR90 (443) 386
    K_MYR90 (444) 384
    K_USER (445) 617
    K_MASTERSLICE (446) 275
    K_ENDMACRO (447)
    K_ENDMACROPIN (448)
    K_ENDVIARULE (449)
    K_ENDVIA (450)
    K_ENDLAYER (451)
    K_ENDSITE (452)
    K_CANPLACE (453) 919 932
    K_CANNOTOCCUPY (454) 921 934
    K_TRACKS (455) 923
    K_FLOORPLAN (456) 928
    K_GCELLGRID (457) 926
    K_DEFAULTCAP (458) 927
    K_MINPINS (459) 937
    K_WIRECAP (460) 937
    K_STABLE (461) 869
    K_SETUP (462) 869 879
    K_HOLD (463) 869 880
    K_DEFINE (464)
    K_DEFINES (465)
    K_DEFINEB (466)
    K_IF (467) 955 969 974
    K_THEN (468) 945 946
    K_ELSE (469) 947 948
    K_FALSE (470) 971
    K_TRUE (471) 970
    K_EQ (472) 963 980
    K_NE (473) 964 981
    K_LE (474) 976
    K_LT (475) 977
    K_GE (476) 978
    K_GT (477) 979
    K_OR (478) 959 962 966
    K_AND (479) 958 961 965
    K_NOT (480) 967
    K_DELAY (481) 889
    K_TABLEDIMENSION (482) 857 870 871
    K_TABLEAXIS (483) 858
    K_TABLEENTRIES (484) 246 253 859
    K_TRANSITIONTIME (485) 890
    K_EXTENSION (486) 875
    K_PROPDEF (487) 986
    K_STRING (488) 1011 1012
    K_INTEGER (489) 1009
    K_REAL (490) 786 1010
    K_RANGE (491) 331 1017 1018 1027 1046 1048
    K_PROPERTY (492) 119 358 411 482 513 561 685 793 798
    K_VIRTUAL (493) 276 516 583
    K_BUSBITCHARS (494) 6
    K_VERSION (495) 3
    K_BEGINEXT (496) 1108
    K_ENDEXT (497)
    K_UNIVERSALNOISEMARGIN (498) 1062
    K_EDGERATETHRESHOLD1 (499) 1063
    K_CORRECTIONTABLE (500) 1084 1085
    K_EDGERATESCALEFACTOR (501) 1065
    K_EDGERATETHRESHOLD2 (502) 1064
    K_VICTIMNOISE (503) 1080
    K_NOISETABLE (504) 1067 1068
    K_EDGERATE (505) 1071 1088
    K_OUTPUTRESISTANCE (506) 669 1074 1091
    K_VICTIMLENGTH (507) 1080 1097
    K_CORRECTIONFACTOR (508) 1097
    K_OUTPUTPINANTENNASIZE (509) 1101
    K_INPUTPINANTENNASIZE (510) 1100
    K_INOUTPINANTENNASIZE (511) 1102
    K_CURRENTDEN (512) 115 116 117
    K_PWL (513) 105 107 116 234
    K_ANTENNALENGTHFACTOR (514) 114
    K_TAPERRULE (515) 683
    K_DIVIDERCHAR (516) 5
    K_ANTENNASIZE (517) 688
    K_ANTENNAMETALLENGTH (518) 690
    K_ANTENNAMETALAREA (519) 689
    K_RISESLEWLIMIT (520) 691
    K_FALLSLEWLIMIT (521) 692
    K_FUNCTION (522) 554 555
    K_BUFFER (523) 554
    K_INVERTER (524) 555
    K_NAMEMAPSTRING (525) 1013
    K_NOWIREEXTENSIONATPIN (526) 52 53
    K_WIREEXTENSION (527) 109 496
    K_MESSAGE (528) 939
    K_CREATEFILE (529) 941
    K_OPENFILE (530)
    K_CLOSEFILE (531)
    K_WARNING (532)
    K_ERROR (533)
    K_FATALERROR (534)
    K_RECOVERY (535) 881
    K_SKEW (536) 882
    K_ANYEDGE (537) 883 886
    K_POSEDGE (538) 884 887
    K_NEGEDGE (539) 885 888
    K_SDFCONDSTART (540) 872
    K_SDFCONDEND (541) 873
    K_SDFCOND (542) 874
    K_MPWH (543) 876
    K_MPWL (544) 877
    K_PERIOD (545) 878
    K_ACCURRENTDENSITY (546) 121 122
    K_DCCURRENTDENSITY (547) 123 126 129
    K_AVERAGE (548) 123 126 129 241
    K_PEAK (549) 240
    K_RMS (550) 242
    K_FREQUENCY (551) 75 246
    K_CUTAREA (552) 126 249
    K_MEGAHERTZ (553) 75
    K_USELENGTHTHRESHOLD (554) 1015
    K_LENGTHTHRESHOLD (555) 1047 1048
    K_ANTENNAINPUTGATEAREA (556) 1103
    K_ANTENNAINOUTDIFFAREA (557) 1104
    K_ANTENNAOUTPUTDIFFAREA (558) 1105
    K_ANTENNAAREARATIO (559) 130
    K_ANTENNADIFFAREARATIO (560) 132
    K_ANTENNACUMAREARATIO (561) 133
    K_ANTENNACUMDIFFAREARATIO (562) 135
    K_ANTENNAAREAFACTOR (563) 137
    K_ANTENNASIDEAREARATIO (564) 138
    K_ANTENNADIFFSIDEAREARATIO (565) 140
    K_ANTENNACUMSIDEAREARATIO (566) 141
    K_ANTENNACUMDIFFSIDEAREARATIO (567) 143
    K_ANTENNASIDEAREAFACTOR (568) 145
    K_DIFFUSEONLY (569) 239
    K_MANUFACTURINGGRID (570) 55 83
    K_FIXEDMASK (571) 54 626
    K_ANTENNACELL (572) 599
    K_CLEARANCEMEASURE (573) 57
    K_EUCLIDEAN (574) 59
    K_MAXXY (575) 58
    K_USEMINSPACING (576) 56
    K_ROWMINSPACING (577)
    K_ROWABUTSPACING (578)
    K_FLIP (579)
    K_NONE (580) 580
    K_ANTENNAPARTIALMETALAREA (581) 693
    K_ANTENNAPARTIALMETALSIDEAREA (582) 694
    K_ANTENNAGATEAREA (583) 697
    K_ANTENNADIFFAREA (584) 696
    K_ANTENNAMAXAREACAR (585) 698
    K_ANTENNAMAXSIDEAREACAR (586) 699
    K_ANTENNAPARTIALCUTAREA (587) 695
    K_ANTENNAMAXCUTCAR (588) 700
    K_SLOTWIREWIDTH (589) 154
    K_SLOTWIRELENGTH (590) 155
    K_SLOTWIDTH (591) 156
    K_SLOTLENGTH (592) 157
    K_MAXADJACENTSLOTSPACING (593) 158
    K_MAXCOAXIALSLOTSPACING (594) 159
    K_MAXEDGESLOTSPACING (595) 160
    K_SPLITWIREWIDTH (596) 161
    K_MINIMUMDENSITY (597) 162
    K_MAXIMUMDENSITY (598) 163
    K_DENSITYCHECKWINDOW (599) 164
    K_DENSITYCHECKSTEP (600) 165
    K_FILLACTIVESPACING (601) 166
    K_MINIMUMCUT (602) 172
    K_ADJACENTCUTS (603) 1043
    K_ANTENNAMODEL (604) 147 702
    K_BUMP (605) 575 581
    K_ENCLOSURE (606) 179 341 427
    K_FROMABOVE (607) 220
    K_FROMBELOW (608) 221
    K_IMPLANT (609) 277
    K_LENGTH (610) 175 212 223
    K_MAXVIASTACK (611) 329 331
    K_AREAIO (612) 594
    K_BLACKBOX (613) 578
    K_MAXWIDTH (614) 167
    K_MINENCLOSEDAREA (615) 170
    K_MINSTEP (616) 174
    K_ORIENT (617)
    K_OXIDE1 (618) 284 709
    K_OXIDE2 (619) 285 710
    K_OXIDE3 (620) 286 711
    K_OXIDE4 (621) 287 712
    K_OXIDE5 (622) 288 713
    K_OXIDE6 (623) 289 714
    K_OXIDE7 (624) 290 715
    K_OXIDE8 (625) 291 716
    K_OXIDE9 (626) 292 717
    K_OXIDE10 (627) 293 718
    K_OXIDE11 (628) 294 719
    K_OXIDE12 (629) 295 720
    K_OXIDE13 (630) 296 721
    K_OXIDE14 (631) 297 722
    K_OXIDE15 (632) 298 723
    K_OXIDE16 (633) 299 724
    K_OXIDE17 (634) 300 725
    K_OXIDE18 (635) 301 726
    K_OXIDE19 (636) 302 727
    K_OXIDE20 (637) 303 728
    K_OXIDE21 (638) 304 729
    K_OXIDE22 (639) 305 730
    K_OXIDE23 (640) 306 731
    K_OXIDE24 (641) 307 732
    K_OXIDE25 (642) 308 733
    K_OXIDE26 (643) 309 734
    K_OXIDE27 (644) 310 735
    K_OXIDE28 (645) 311 736
    K_OXIDE29 (646) 312 737
    K_OXIDE30 (647) 313 738
    K_OXIDE31 (648) 314 739
    K_OXIDE32 (649) 315 740
    K_PARALLELRUNLENGTH (650) 197
    K_MINWIDTH (651) 168
    K_PROTRUSIONWIDTH (652) 175
    K_SPACINGTABLE (653) 102 177
    K_WITHIN (654) 102 202 205 218 223 328 1021 1043 1050
    K_ABOVE (655) 207
    K_BELOW (656) 208
    K_CENTERTOCENTER (657) 1034
    K_CUTSIZE (658) 341
    K_CUTSPACING (659) 86 341
    K_DENSITY (660) 835
    K_DIAG45 (661) 280
    K_DIAG135 (662) 281
    K_MASK (663) 88 445
    K_DIAGMINEDGELENGTH (664) 183
    K_DIAGSPACING (665) 96
    K_DIAGPITCH (666) 91 92
    K_DIAGWIDTH (667) 95 500
    K_GENERATED (668) 337
    K_GROUNDSENSITIVITY (669) 708
    K_HARDSPACING (670) 465
    K_INSIDECORNER (671) 229
    K_LAYERS (672) 341
    K_LENGTHSUM (673) 227
    K_MICRONS (674) 74
    K_MINCUTS (675) 480
    K_MINSIZE (676) 185
    K_NETEXPR (677) 704
    K_OUTSIDECORNER (678) 230
    K_PREFERENCLOSURE (679) 181
    K_ROWCOL (680) 344
    K_ROWPATTERN (681) 524
    K_SOFT (682) 579
    K_SUPPLYSENSITIVITY (683) 706
    K_USEVIA (684) 476
    K_USEVIARULE (685) 478
    K_WELLTAP (686) 600
    K_ARRAYCUTS (687) 192
    K_ARRAYSPACING (688) 86
    K_ANTENNAAREADIFFREDUCEPWL (689) 153
    K_ANTENNAAREAMINUSDIFF (690) 150
    K_NOROUTE (691) 788
    K_ABSTRACT (692) 787
    K_ANTENNACUMROUTINGPLUSCUT (693) 148
    K_ANTENNAGATEPLUSDIFF (694) 149
    K_ENDOFLINE (695) 1050
    K_ENDOFNOTCHWIDTH (696) 1052
    K_EXCEPTEXTRACUT (697) 214
    K_EXCEPTSAMEPGNET (698) 1056
    K_EXCEPTPGNET (699) 783
    K_OBSSPACING (700) 607
    K_FULLDRC (701) 608
    K_MIN (702) 609
    K_LONGARRAY (703) 187
    K_MAXEDGES (704) 228
    K_NOTCHLENGTH (705) 1051 1052
    K_NOTCHSPACING (706) 1052
    K_ORTHOGONAL (707) 102
    K_PARALLELEDGE (708) 1021
    K_PARALLELOVERLAP (709) 1037
    K_PGONLY (710) 1025
    K_PRL (711) 325
    K_TWOEDGES (712) 1023
    K_TWOWIDTHS (713) 200
    IF (714)
    LNOT (715)
    UMINUS (716)


Nonterminals, with rules where they appear

    $accept (473)
        on left: 0
    lef_file (474)
        on left: 1
        on right: 0
    version (475)
        on left: 3
        on right: 12
    $@1 (476)
        on left: 2
        on right: 3
    int_number <dval> (477)
        on left: 4
        on right: 55 68 69 70 71 72 73 74 83 86 88 89 90 91 92 93 94 95 96 97 100 102 104 106 108 109 110 111 112 113 114 115 117 122 123 129 130 133 137 138 141 145 149 150 154 155 156 157 158 159 160 161 162 163 164 165 166 167 168 172 174 175 179 181 182 183 189 192 197 200 202 205 211 212 214 216 218 223 227 228 232 251 253 255 265 268 271 283 319 323 325 328 329 331 341 344 345 346 356 427 428 430 431 432 433 441 442 445 454 456 457 480 492 495 496 497 498 499 500 508 529 530 620 635 651 655 656 657 658 659 660 661 662 667 669 671 672 673 674 675 676 679 680 688 690 691 692 772 806 807 816 817 818 821 824 825 826 830 831 843 856 857 860 861 862 863 864 865 866 867 869 870 871 893 894 895 897 898 927 937 956 1016 1017 1018 1021 1027 1031 1043 1046 1047 1048 1050 1051 1052 1062 1063 1064 1065 1067 1071 1075 1076 1080 1081 1082 1084 1088 1092 1093 1097 1098 1099 1100 1101 1102
    dividerchar (478)
        on left: 5
        on right: 20
    busbitchars (479)
        on left: 6
        on right: 13
    rules (480)
        on left: 7 8 9
        on right: 1 8
    end_library (481)
        on left: 10 11
        on right: 1
    rule (482)
        on left: 12 13 14 15 16 17 18 19 20 21 22 23 24 25 26 27 28 29 30 31 32 33 34 35 36 37 38 39 40 41 42 43 44 45 46 47 48 49
        on right: 8
    case_sensitivity (483)
        on left: 50 51
        on right: 14
    wireextension (484)
        on left: 52 53
        on right: 21
    fixedmask (485)
        on left: 54
        on right: 45
    manufacturing (486)
        on left: 55
        on right: 44
    useminspacing (487)
        on left: 56
        on right: 46
    clearancemeasure (488)
        on left: 57
        on right: 47
    clearance_type <string> (489)
        on left: 58 59
        on right: 57
    spacing_type <string> (490)
        on left: 60 61
        on right: 56
    spacing_value <integer> (491)
        on left: 62 63
        on right: 56
    units_section (492)
        on left: 64
        on right: 15
    start_units (493)
        on left: 65
        on right: 64
    units_rules (494)
        on left: 66 67
        on right: 64 67
    units_rule (495)
        on left: 68 69 70 71 72 73 74 75
        on right: 67
    layer_rule (496)
        on left: 76
        on right: 16
    start_layer <string> (497)
        on left: 78
        on right: 76
    $@2 (498)
        on left: 77
        on right: 78
    end_layer (499)
        on left: 80
        on right: 76
    $@3 (500)
        on left: 79
        on right: 80
    layer_options <string> (501)
        on left: 81 82
        on right: 76 82
    layer_option <string> (502)
        on left: 83 86 87 88 89 90 91 92 93 94 95 96 97 98 100 102 103 104 105 106 107 108 109 110 111 112 113 114 115 116 117 119 121 122 123 126 129 130 132 133 135 137 138 140 141 143 145 147 148 149 150 153 154 155 156 157 158 159 160 161 162 163 164 165 166 167 168 170 172 174 175 177 179 181 182 183 185
        on right: 82
    $@4 (503)
        on left: 84
        on right: 86
    $@5 (504)
        on left: 85
        on right: 86
    $@6 (505)
        on left: 99
        on right: 100
    $@7 (506)
        on left: 101
        on right: 102
    $@8 (507)
        on left: 118
        on right: 119
    $@9 (508)
        on left: 120
        on right: 121
    $@10 (509)
        on left: 124
        on right: 126
    $@11 (510)
        on left: 125
        on right: 126
    $@12 (511)
        on left: 127
        on right: 129
    $@13 (512)
        on left: 128
        on right: 129
    $@14 (513)
        on left: 131
        on right: 132
    $@15 (514)
        on left: 134
        on right: 135
    $@16 (515)
        on left: 136
        on right: 137
    $@17 (516)
        on left: 139
        on right: 140
    $@18 (517)
        on left: 142
        on right: 143
    $@19 (518)
        on left: 144
        on right: 145
    $@20 (519)
        on left: 146
        on right: 147
    $@21 (520)
        on left: 151
        on right: 153
    $@22 (521)
        on left: 152
        on right: 153
    $@23 (522)
        on left: 169
        on right: 170
    $@24 (523)
        on left: 171
        on right: 172
    $@25 (524)
        on left: 173
        on right: 174
    $@26 (525)
        on left: 176
        on right: 177
    $@27 (526)
        on left: 178
        on right: 179
    $@28 (527)
        on left: 180
        on right: 181
    $@29 (528)
        on left: 184
        on right: 185
    layer_arraySpacing_long (529)
        on left: 186 187
        on right: 86
    layer_arraySpacing_width (530)
        on left: 188 189
        on right: 86
    layer_arraySpacing_arraycuts (531)
        on left: 190 191
        on right: 86 191
    layer_arraySpacing_arraycut (532)
        on left: 192
        on right: 191
    sp_options (533)
        on left: 197 200 202
        on right: 177
    $@30 (534)
        on left: 193
        on right: 197
    $@31 (535)
        on left: 194
        on right: 197
    $@32 (536)
        on left: 195
        on right: 197
    $@33 (537)
        on left: 196
        on right: 197
    $@34 (538)
        on left: 198
        on right: 200
    $@35 (539)
        on left: 199
        on right: 200
    $@36 (540)
        on left: 201
        on right: 202
    layer_spacingtable_opts (541)
        on left: 203 204
        on right: 102 204
    layer_spacingtable_opt (542)
        on left: 205
        on right: 204
    layer_enclosure_type_opt <string> (543)
        on left: 206 207 208
        on right: 179 181
    layer_enclosure_width_opt (544)
        on left: 209 211 212
        on right: 179
    $@37 (545)
        on left: 210
        on right: 211
    layer_enclosure_width_except_opt (546)
        on left: 213 214
        on right: 211
    layer_preferenclosure_width_opt (547)
        on left: 215 216
        on right: 181
    layer_minimumcut_within (548)
        on left: 217 218
        on right: 172
    layer_minimumcut_from (549)
        on left: 219 220 221
        on right: 172
    layer_minimumcut_length (550)
        on left: 222 223
        on right: 172
    layer_minstep_options (551)
        on left: 224 225
        on right: 174 225
    layer_minstep_option (552)
        on left: 226 227 228
        on right: 225
    layer_minstep_type <string> (553)
        on left: 229 230 231
        on right: 226
    layer_antenna_pwl (554)
        on left: 232 234
        on right: 132 135 140 143
    $@38 (555)
        on left: 233
        on right: 234
    layer_diffusion_ratios (556)
        on left: 235 236
        on right: 153 234 236
    layer_diffusion_ratio (557)
        on left: 237
        on right: 236
    layer_antenna_duo (558)
        on left: 238 239
        on right: 137 145
    layer_table_type <string> (559)
        on left: 240 241 242
        on right: 121 122
    layer_frequency (560)
        on left: 246
        on right: 121
    $@39 (561)
        on left: 243
        on right: 246
    $@40 (562)
        on left: 244
        on right: 246
    $@41 (563)
        on left: 245
        on right: 246
    ac_layer_table_opt (564)
        on left: 247 249 251
        on right: 246
    $@42 (565)
        on left: 248
        on right: 249
    $@43 (566)
        on left: 250
        on right: 251
    dc_layer_table (567)
        on left: 253
        on right: 126 129
    $@44 (568)
        on left: 252
        on right: 253
    int_number_list (569)
        on left: 254 255
        on right: 129 197 200 251 253 255 319 323
    number_list (570)
        on left: 256 257
        on right: 126 246 249 257
    layer_prop_list (571)
        on left: 258 259
        on right: 119 259
    layer_prop (572)
        on left: 260 261 262
        on right: 258 259
    current_density_pwl_list (573)
        on left: 263 264
        on right: 116 264
    current_density_pwl (574)
        on left: 265
        on right: 263 264
    cap_points (575)
        on left: 266 267
        on right: 107 267
    cap_point (576)
        on left: 268
        on right: 266 267
    res_points (577)
        on left: 269 270
        on right: 105 270
    res_point (578)
        on left: 271
        on right: 269 270
    layer_type <string> (579)
        on left: 272 273 274 275 276 277
        on right: 87
    layer_direction <string> (580)
        on left: 278 279 280 281
        on right: 103
    layer_minen_width (581)
        on left: 282 283
        on right: 170
    layer_oxide (582)
        on left: 284 285 286 287 288 289 290 291 292 293 294 295 296 297 298 299 300 301 302 303 304 305 306 307 308 309 310 311 312 313 314 315
        on right: 147
    layer_sp_parallel_widths (583)
        on left: 316 317
        on right: 197 317
    layer_sp_parallel_width (584)
        on left: 319
        on right: 317
    $@45 (585)
        on left: 318
        on right: 319
    layer_sp_TwoWidths (586)
        on left: 320 321
        on right: 200 321
    layer_sp_TwoWidth (587)
        on left: 323
        on right: 321
    $@46 (588)
        on left: 322
        on right: 323
    layer_sp_TwoWidthsPRL <dval> (589)
        on left: 324 325
        on right: 200 323
    layer_sp_influence_widths (590)
        on left: 326 327
        on right: 202 327
    layer_sp_influence_width (591)
        on left: 328
        on right: 327
    maxstack_via (592)
        on left: 329 331
        on right: 48
    $@47 (593)
        on left: 330
        on right: 331
    via (594)
        on left: 333
        on right: 17 469
    $@48 (595)
        on left: 332
        on right: 333
    via_keyword (596)
        on left: 334
        on right: 335 336 337 420
    start_via (597)
        on left: 335 336 337
        on right: 333
    via_viarule (598)
        on left: 341
        on right: 349
    $@49 (599)
        on left: 338
        on right: 341
    $@50 (600)
        on left: 339
        on right: 341
    $@51 (601)
        on left: 340
        on right: 341
    via_viarule_options (602)
        on left: 342 343
        on right: 341 343
    via_viarule_option (603)
        on left: 344 345 346 348
        on right: 343
    $@52 (604)
        on left: 347
        on right: 348
    via_option (605)
        on left: 349 350
        on right: 333
    via_other_options (606)
        on left: 351
        on right: 350
    via_more_options (607)
        on left: 352 353
        on right: 351 353
    via_other_option (608)
        on left: 354 355 356 358 359
        on right: 351 353
    $@53 (609)
        on left: 357
        on right: 358
    via_prop_list (610)
        on left: 360 361
        on right: 358 361
    via_name_value_pair (611)
        on left: 362 363 364
        on right: 360 361
    via_foreign (612)
        on left: 365 366 367 368
        on right: 354
    start_foreign <string> (613)
        on left: 370
        on right: 365 366 367 368 622 623 624 625 643 644 645 646 647 648
    $@54 (614)
        on left: 369
        on right: 370
    orientation <integer> (615)
        on left: 371 372 373 374 375 376 377 378 379 380 381 382 383 384 385 386
        on right: 367 368 528 624 625 645 648 817 818
    via_layer_rule (616)
        on left: 387
        on right: 355
    via_layer (617)
        on left: 389
        on right: 387
    $@55 (618)
        on left: 388
        on right: 389
    via_geometries (619)
        on left: 390 391
        on right: 387 391
    via_geometry (620)
        on left: 392 394
        on right: 391
    $@56 (621)
        on left: 393
        on right: 394
    end_via (622)
        on left: 396
        on right: 333
    $@57 (623)
        on left: 395
        on right: 396
    viarule_keyword (624)
        on left: 398
        on right: 399 401
    $@58 (625)
        on left: 397
        on right: 398
    viarule (626)
        on left: 399
        on right: 18
    viarule_generate (627)
        on left: 401
        on right: 19
    $@59 (628)
        on left: 400
        on right: 401
    viarule_generate_default (629)
        on left: 402 403
        on right: 401
    viarule_layer_list (630)
        on left: 404 405
        on right: 399 401 405
    opt_viarule_props (631)
        on left: 406 407
        on right: 399 401
    viarule_props (632)
        on left: 408 409
        on right: 407 409
    viarule_prop (633)
        on left: 411 414 415 416
        on right: 408 409 412 413
    $@60 (634)
        on left: 410
        on right: 411
    viarule_prop_list (635)
        on left: 412 413
        on right: 411 413
    viarule_layer (636)
        on left: 417
        on right: 404 405
    via_names (637)
        on left: 418 419
        on right: 399 419
    via_name (638)
        on left: 420
        on right: 419
    viarule_layer_name (639)
        on left: 422
        on right: 417
    $@61 (640)
        on left: 421
        on right: 422
    viarule_layer_options (641)
        on left: 423 424
        on right: 417 424
    viarule_layer_option (642)
        on left: 425 426 427 428 429 430 431 432 433
        on right: 424
    end_viarule (643)
        on left: 435
        on right: 399 401
    $@62 (644)
        on left: 434
        on right: 435
    spacing_rule (645)
        on left: 436
        on right: 23 470
    start_spacing (646)
        on left: 437
        on right: 436
    end_spacing (647)
        on left: 438
        on right: 436
    spacings (648)
        on left: 439 440
        on right: 436 440
    spacing (649)
        on left: 441 442
        on right: 440
    samenet_keyword (650)
        on left: 443
        on right: 441 442
    maskColor <integer> (651)
        on left: 444 445
        on right: 392 394 773 774 775 776 777 778 813 815
    irdrop (652)
        on left: 446
        on right: 26
    start_irdrop (653)
        on left: 447
        on right: 446
    end_irdrop (654)
        on left: 448
        on right: 446
    ir_tables (655)
        on left: 449 450
        on right: 446 450
    ir_table (656)
        on left: 451
        on right: 450
    ir_table_values (657)
        on left: 452 453
        on right: 451 453
    ir_table_value (658)
        on left: 454
        on right: 453
    ir_tablename (659)
        on left: 455
        on right: 451
    minfeature (660)
        on left: 456
        on right: 25
    dielectric (661)
        on left: 457
        on right: 24
    nondefault_rule (662)
        on left: 461
        on right: 30
    $@63 (663)
        on left: 458
        on right: 461
    $@64 (664)
        on left: 459
        on right: 461
    $@65 (665)
        on left: 460
        on right: 461
    end_nd_rule (666)
        on left: 462 463
        on right: 461
    nd_hardspacing (667)
        on left: 464 465
        on right: 461
    nd_rules (668)
        on left: 466 467
        on right: 461 467
    nd_rule (669)
        on left: 468 469 470 471 472 473 474
        on right: 467
    usevia (670)
        on left: 476
        on right: 472
    $@66 (671)
        on left: 475
        on right: 476
    useviarule (672)
        on left: 478
        on right: 473
    $@67 (673)
        on left: 477
        on right: 478
    mincuts (674)
        on left: 480
        on right: 474
    $@68 (675)
        on left: 479
        on right: 480
    nd_prop (676)
        on left: 482 485 486 487
        on right: 471 483 484
    $@69 (677)
        on left: 481
        on right: 482
    nd_prop_list (678)
        on left: 483 484
        on right: 482 484
    nd_layer (679)
        on left: 492
        on right: 468
    $@70 (680)
        on left: 488
        on right: 492
    $@71 (681)
        on left: 489
        on right: 492
    $@72 (682)
        on left: 490
        on right: 492
    $@73 (683)
        on left: 491
        on right: 492
    nd_layer_stmts (684)
        on left: 493 494
        on right: 492 494
    nd_layer_stmt (685)
        on left: 495 496 497 498 499 500
        on right: 494
    site (686)
        on left: 501
        on right: 27
    start_site (687)
        on left: 503
        on right: 501
    $@74 (688)
        on left: 502
        on right: 503
    end_site (689)
        on left: 505
        on right: 501
    $@75 (690)
        on left: 504
        on right: 505
    site_options (691)
        on left: 506 507
        on right: 501 507
    site_option (692)
        on left: 508 509 510 511 512
        on right: 507
    site_prop (693)
        on left: 513
        on right: 512
    site_class <string> (694)
        on left: 514 515 516
        on right: 510
    site_symmetry_statement (695)
        on left: 517
        on right: 509
    site_symmetries (696)
        on left: 518 519
        on right: 517 519
    site_symmetry (697)
        on left: 520 521 522
        on right: 519
    site_rowpattern_statement (698)
        on left: 524
        on right: 511
    $@76 (699)
        on left: 523
        on right: 524
    site_rowpatterns (700)
        on left: 525 526
        on right: 524 526
    site_rowpattern (701)
        on left: 528
        on right: 526
    $@77 (702)
        on left: 527
        on right: 528
    pt <pt> (703)
        on left: 529 530
        on right: 153 234 237 366 367 392 429 621 623 624 644 645 647 648 775 776 808 809 813 815 843
    macro (704)
        on left: 532
        on right: 28
    $@78 (705)
        on left: 531
        on right: 532
    start_macro <string> (706)
        on left: 534
        on right: 532
    $@79 (707)
        on left: 533
        on right: 534
    end_macro <string> (708)
        on left: 536
        on right: 532
    $@80 (709)
        on left: 535
        on right: 536
    macro_options (710)
        on left: 537 538
        on right: 532 538
    macro_option (711)
        on left: 539 540 541 542 543 544 545 546 547 548 549 550 551 552 553 554 555 556 557 558 559 561
        on right: 538
    $@81 (712)
        on left: 560
        on right: 561
    macro_prop_list (713)
        on left: 562 563
        on right: 561 563
    macro_symmetry_statement (714)
        on left: 564
        on right: 544
    macro_symmetries (715)
        on left: 565 566
        on right: 564 566
    macro_symmetry (716)
        on left: 567 568 569
        on right: 566
    macro_name_value_pair (717)
        on left: 570 571 572
        on right: 562 563
    macro_class (718)
        on left: 573
        on right: 539
    class_type <string> (719)
        on left: 574 575 576 577 578 579 580 581 582 583 584 585 586 587 588
        on right: 573 753
    pad_type <string> (720)
        on left: 589 590 591 592 593 594
        on right: 584
    core_type <string> (721)
        on left: 595 596 597 598 599 600
        on right: 587
    endcap_type <string> (722)
        on left: 601 602 603 604 605 606
        on right: 588
    macro_obsspacing (723)
        on left: 607
        on right: 540
    obsspacing_opt (724)
        on left: 608 609 610
        on right: 607
    obsspaicing_layers (725)
        on left: 611 612
        on right: 607 612
    obsspaicing_layer (726)
        on left: 614
        on right: 612
    $@82 (727)
        on left: 613
        on right: 614
    macro_generator (728)
        on left: 615
        on right: 541
    macro_generate (729)
        on left: 616
        on right: 542
    macro_source (730)
        on left: 617 618 619
        on right: 543
    macro_power (731)
        on left: 620
        on right: 547
    macro_origin <pt> (732)
        on left: 621
        on right: 546
    macro_foreign (733)
        on left: 622 623 624 625
        on right: 548
    macro_fixedMask (734)
        on left: 626
        on right: 545
    macro_eeq (735)
        on left: 628
        on right: 549
    $@83 (736)
        on left: 627
        on right: 628
    macro_leq (737)
        on left: 630
        on right: 550
    $@84 (738)
        on left: 629
        on right: 630
    macro_site (739)
        on left: 631 632
        on right: 552
    macro_site_word (740)
        on left: 633
        on right: 631 632
    site_word (741)
        on left: 634
        on right: 917
    macro_size (742)
        on left: 635
        on right: 551
    macro_pin (743)
        on left: 636
        on right: 553
    start_macro_pin (744)
        on left: 638
        on right: 636
    $@85 (745)
        on left: 637
        on right: 638
    end_macro_pin (746)
        on left: 640
        on right: 636
    $@86 (747)
        on left: 639
        on right: 640
    macro_pin_options (748)
        on left: 641 642
        on right: 636 642
    macro_pin_option (749)
        on left: 643 644 645 646 647 648 650 651 652 653 654 655 656 657 658 659 660 661 662 663 665 667 669 671 672 673 674 675 676 677 678 679 680 681 683 685 686 687 688 689 690 691 692 693 694 695 696 697 698 699 700 702 704 706 708
        on right: 642
    $@87 (750)
        on left: 649
        on right: 650
    $@88 (751)
        on left: 664
        on right: 665
    $@89 (752)
        on left: 666
        on right: 667
    $@90 (753)
        on left: 668
        on right: 669
    $@91 (754)
        on left: 670
        on right: 671
    $@92 (755)
        on left: 682
        on right: 683
    $@93 (756)
        on left: 684
        on right: 685
    $@94 (757)
        on left: 701
        on right: 702
    $@95 (758)
        on left: 703
        on right: 704
    $@96 (759)
        on left: 705
        on right: 706
    $@97 (760)
        on left: 707
        on right: 708
    pin_layer_oxide (761)
        on left: 709 710 711 712 713 714 715 716 717 718 719 720 721 722 723 724 725 726 727 728 729 730 731 732 733 734 735 736 737 738 739 740
        on right: 702
    pin_prop_list (762)
        on left: 741 742
        on right: 685 742
    pin_name_value_pair (763)
        on left: 743 744 745
        on right: 741 742
    electrical_direction <string> (764)
        on left: 746 747 748 749 750
        on right: 652
    start_macro_port (765)
        on left: 751
        on right: 686 687
    macro_port_class_option (766)
        on left: 752 753
        on right: 686
    macro_pin_use <string> (767)
        on left: 754 755 756 757 758 759
        on right: 653
    macro_scan_use <string> (768)
        on left: 760 761 762 763
        on right: 654
    pin_shape <string> (769)
        on left: 764 765 766 767
        on right: 663
    geometries (770)
        on left: 768
        on right: 686 832
    geometry (771)
        on left: 771 772 773 774 775 776 777 778 779
        on right: 768 781
    $@98 (772)
        on left: 769
        on right: 771
    $@99 (773)
        on left: 770
        on right: 771
    geometry_options (774)
        on left: 780 781
        on right: 768 781
    layer_exceptpgnet (775)
        on left: 782 783
        on right: 771
    layer_real_abstract_noroute_opt (776)
        on left: 784 785
        on right: 771
    real_abstract_noroute <string> (777)
        on left: 786 787 788
        on right: 785
    opt_geometry_props (778)
        on left: 789 790
        on right: 771
    geometry_props (779)
        on left: 791 792
        on right: 790 792
    geometry_prop (780)
        on left: 793
        on right: 791 792
    opt_geometry_via_props (781)
        on left: 794 795
        on right: 813
    geometry_via_props (782)
        on left: 796 797
        on right: 795 797
    geometry_via_prop (783)
        on left: 798
        on right: 796 797
    prop_name_value <prop> (784)
        on left: 800
        on right: 513 793 798
    $@100 (785)
        on left: 799
        on right: 800
    prop_name_value_pair <prop> (786)
        on left: 801 802
        on right: 800
    prop_string_value <string> (787)
        on left: 803 804
        on right: 801
    layer_spacing (788)
        on left: 805 806 807
        on right: 771
    firstPt (789)
        on left: 808
        on right: 185 394 773 774 777 778
    nextPt (790)
        on left: 809
        on right: 394 777 778 811
    otherPts (791)
        on left: 810 811
        on right: 185 394 773 774 777 778 811
    via_placement (792)
        on left: 813 815
        on right: 779
    $@101 (793)
        on left: 812
        on right: 813
    $@102 (794)
        on left: 814
        on right: 815
    stepPattern (795)
        on left: 816
        on right: 774 776 778 815
    sitePattern (796)
        on left: 817 818
        on right: 632 917 919 921 932 934
    trackPattern (797)
        on left: 821 824 825 826
        on right: 923
    $@103 (798)
        on left: 819
        on right: 821
    $@104 (799)
        on left: 820
        on right: 821
    $@105 (800)
        on left: 822
        on right: 824
    $@106 (801)
        on left: 823
        on right: 824
    trackLayers (802)
        on left: 827 828
        on right: 821 824 828
    layer_name (803)
        on left: 829
        on right: 828
    gcellPattern (804)
        on left: 830 831
        on right: 926
    macro_obs (805)
        on left: 832 833
        on right: 556
    start_macro_obs (806)
        on left: 834
        on right: 832 833
    macro_density (807)
        on left: 835
        on right: 557
    density_layers (808)
        on left: 836 837
        on right: 835 837
    density_layer (809)
        on left: 840
        on right: 835 837
    $@107 (810)
        on left: 838
        on right: 840
    $@108 (811)
        on left: 839
        on right: 840
    density_layer_rects (812)
        on left: 841 842
        on right: 840 842
    density_layer_rect (813)
        on left: 843
        on right: 840 842
    macro_clocktype (814)
        on left: 845
        on right: 558
    $@109 (815)
        on left: 844
        on right: 845
    timing (816)
        on left: 846
        on right: 559
    start_timing (817)
        on left: 847
        on right: 846
    end_timing (818)
        on left: 848
        on right: 846
    timing_options (819)
        on left: 849 850
        on right: 846 850
    timing_option (820)
        on left: 852 854 856 857 858 859 860 861 862 863 864 865 866 867 868 869 870 871 872 873 874 875
        on right: 850
    $@110 (821)
        on left: 851
        on right: 852
    $@111 (822)
        on left: 853
        on right: 854
    $@112 (823)
        on left: 855
        on right: 856
    one_pin_trigger <string> (824)
        on left: 876 877 878
        on right: 871
    two_pin_trigger <string> (825)
        on left: 879 880 881 882
        on right: 870
    from_pin_trigger <string> (826)
        on left: 883 884 885
        on right: 870
    to_pin_trigger <string> (827)
        on left: 886 887 888
        on right: 870
    delay_or_transition <string> (828)
        on left: 889 890
        on right: 857
    list_of_table_entries (829)
        on left: 891 892
        on right: 859 892
    table_entry (830)
        on left: 893
        on right: 891 892
    list_of_table_axis_dnumbers (831)
        on left: 894 895
        on right: 858 895
    slew_spec (832)
        on left: 896 897 898
        on right: 856
    risefall <string> (833)
        on left: 899 900
        on right: 856 857 869
    unateness <string> (834)
        on left: 901 902 903
        on right: 857 868
    list_of_from_strings (835)
        on left: 904 905
        on right: 852 905
    list_of_to_strings (836)
        on left: 906 907
        on right: 854 907
    array (837)
        on left: 909
        on right: 29
    $@113 (838)
        on left: 908
        on right: 909
    start_array (839)
        on left: 911
        on right: 909
    $@114 (840)
        on left: 910
        on right: 911
    end_array (841)
        on left: 913
        on right: 909
    $@115 (842)
        on left: 912
        on right: 913
    array_rules (843)
        on left: 914 915
        on right: 909 915
    array_rule (844)
        on left: 917 919 921 923 924 926 927
        on right: 915
    $@116 (845)
        on left: 916
        on right: 917
    $@117 (846)
        on left: 918
        on right: 919
    $@118 (847)
        on left: 920
        on right: 921
    $@119 (848)
        on left: 922
        on right: 923
    $@120 (849)
        on left: 925
        on right: 926
    floorplan_start (850)
        on left: 928
        on right: 924
    floorplan_list (851)
        on left: 929 930
        on right: 924 930
    floorplan_element (852)
        on left: 932 934
        on right: 930
    $@121 (853)
        on left: 931
        on right: 932
    $@122 (854)
        on left: 933
        on right: 934
    cap_list (855)
        on left: 935 936
        on right: 927 936
    one_cap (856)
        on left: 937
        on right: 936
    msg_statement (857)
        on left: 939
        on right: 22
    $@123 (858)
        on left: 938
        on right: 939
    create_file_statement (859)
        on left: 941
        on right: 49
    $@124 (860)
        on left: 940
        on right: 941
    dtrm (861)
        on left: 942 943 944
        on right: 939 941 1067 1084
    then (862)
        on left: 945 946
        on right: 955 969 974
    else (863)
        on left: 947 948
        on right: 955 969 974
    expression <dval> (864)
        on left: 949 950 951 952 953 954 955 956
        on right: 949 950 951 952 953 954 955 957 958 959
    b_expr <integer> (865)
        on left: 957 958 959 960 961 962 963 964 965 966 967 968 969 970 971
        on right: 955 963 964 965 966 967 968 969 974
    s_expr <string> (866)
        on left: 972 973 974 975
        on right: 939 941 960 961 962 972 973 974
    relop <integer> (867)
        on left: 976 977 978 979 980 981 982 983 984
        on right: 957 960
    prop_def_section (868)
        on left: 986
        on right: 31
    $@125 (869)
        on left: 985
        on right: 986
    prop_stmts (870)
        on left: 987 988
        on right: 986 988
    prop_stmt (871)
        on left: 990 992 994 996 998 1000 1002 1004 1006 1008
        on right: 988
    $@126 (872)
        on left: 989
        on right: 990
    $@127 (873)
        on left: 991
        on right: 992
    $@128 (874)
        on left: 993
        on right: 994
    $@129 (875)
        on left: 995
        on right: 996
    $@130 (876)
        on left: 997
        on right: 998
    $@131 (877)
        on left: 999
        on right: 1000
    $@132 (878)
        on left: 1001
        on right: 1002
    $@133 (879)
        on left: 1003
        on right: 1004
    $@134 (880)
        on left: 1005
        on right: 1006
    $@135 (881)
        on left: 1007
        on right: 1008
    prop_define (882)
        on left: 1009 1010 1011 1012 1013
        on right: 990 992 994 996 998 1000 1002 1004 1006 1008
    opt_range_second (883)
        on left: 1014 1015 1016 1017 1018
        on right: 1046
    opt_endofline (884)
        on left: 1019 1021
        on right: 1050
    $@136 (885)
        on left: 1020
        on right: 1021
    opt_endofline_twoedges (886)
        on left: 1022 1023
        on right: 1021
    opt_samenetPGonly (887)
        on left: 1024 1025
        on right: 1036
    opt_def_range (888)
        on left: 1026 1027
        on right: 1009 1010
    opt_def_value (889)
        on left: 1028 1029
        on right: 1010
    opt_def_dvalue (890)
        on left: 1030 1031
        on right: 1009
    layer_spacing_opts (891)
        on left: 1032 1033
        on right: 100 1033
    layer_spacing_opt (892)
        on left: 1034 1036 1037
        on right: 1033
    $@137 (893)
        on left: 1035
        on right: 1036
    layer_spacing_cut_routing (894)
        on left: 1038 1041 1043 1044 1046 1047 1048 1050 1051 1052
        on right: 100
    $@138 (895)
        on left: 1039
        on right: 1041
    $@139 (896)
        on left: 1040
        on right: 1041
    $@140 (897)
        on left: 1042
        on right: 1043
    $@141 (898)
        on left: 1045
        on right: 1046
    $@142 (899)
        on left: 1049
        on right: 1050
    spacing_cut_layer_opt (900)
        on left: 1053 1054
        on right: 1041
    opt_adjacentcuts_exceptsame (901)
        on left: 1055 1056
        on right: 1043
    opt_layer_name <string> (902)
        on left: 1057 1059
        on right: 688 689 690 693 694 695 696 697
    $@143 (903)
        on left: 1058
        on right: 1059
    req_layer_name <string> (904)
        on left: 1061
        on right: 698 699 700
    $@144 (905)
        on left: 1060
        on right: 1061
    universalnoisemargin (906)
        on left: 1062
        on right: 32
    edgeratethreshold1 (907)
        on left: 1063
        on right: 33
    edgeratethreshold2 (908)
        on left: 1064
        on right: 35
    edgeratescalefactor (909)
        on left: 1065
        on right: 34
    noisetable (910)
        on left: 1067
        on right: 36
    $@145 (911)
        on left: 1066
        on right: 1067
    end_noisetable (912)
        on left: 1068
        on right: 1067
    noise_table_list (913)
        on left: 1069 1070
        on right: 1067 1070
    noise_table_entry (914)
        on left: 1071 1072
        on right: 1069 1070
    output_resistance_entry (915)
        on left: 1074
        on right: 1072
    $@146 (916)
        on left: 1073
        on right: 1074
    num_list (917)
        on left: 1075 1076
        on right: 1074 1076
    victim_list (918)
        on left: 1077 1078
        on right: 1074 1078
    victim (919)
        on left: 1080
        on right: 1077 1078
    $@147 (920)
        on left: 1079
        on right: 1080
    vnoiselist (921)
        on left: 1081 1082
        on right: 1080 1082
    correctiontable (922)
        on left: 1084
        on right: 37
    $@148 (923)
        on left: 1083
        on right: 1084
    end_correctiontable (924)
        on left: 1085
        on right: 1084
    correction_table_list (925)
        on left: 1086 1087
        on right: 1084 1087
    correction_table_item (926)
        on left: 1088 1089
        on right: 1086 1087
    output_list (927)
        on left: 1091
        on right: 1089
    $@149 (928)
        on left: 1090
        on right: 1091
    numo_list (929)
        on left: 1092 1093
        on right: 1091 1093
    corr_victim_list (930)
        on left: 1094 1095
        on right: 1091 1095
    corr_victim (931)
        on left: 1097
        on right: 1094 1095
    $@150 (932)
        on left: 1096
        on right: 1097
    corr_list (933)
        on left: 1098 1099
        on right: 1097 1099
    input_antenna (934)
        on left: 1100
        on right: 38
    output_antenna (935)
        on left: 1101
        on right: 39
    inout_antenna (936)
        on left: 1102
        on right: 40
    antenna_input (937)
        on left: 1103
        on right: 41
    antenna_inout (938)
        on left: 1104
        on right: 42
    antenna_output (939)
        on left: 1105
        on right: 43
    extension_opt (940)
        on left: 1106 1107
        on right: 1 1107
    extension (941)
        on left: 1108
        on right: 1107


State 0

    0 $accept: • lef_file $end

    error  shift, and go to state 1

    $end                     reduce using rule 7 (rules)
    K_ARRAY                  reduce using rule 7 (rules)
    K_DIELECTRIC             reduce using rule 7 (rules)
    K_END                    reduce using rule 7 (rules)
    K_IRDROP                 reduce using rule 7 (rules)
    K_LAYER                  reduce using rule 7 (rules)
    K_MACRO                  reduce using rule 7 (rules)
    K_MINFEATURE             reduce using rule 7 (rules)
    K_NAMESCASESENSITIVE     reduce using rule 7 (rules)
    K_NONDEFAULTRULE         reduce using rule 7 (rules)
    K_SITE                   reduce using rule 7 (rules)
    K_SPACING                reduce using rule 7 (rules)
    K_UNITS                  reduce using rule 7 (rules)
    K_VIA                    reduce using rule 7 (rules)
    K_VIARULE                reduce using rule 7 (rules)
    K_PROPDEF                reduce using rule 7 (rules)
    K_BUSBITCHARS            reduce using rule 7 (rules)
    K_VERSION                reduce using rule 7 (rules)
    K_BEGINEXT               reduce using rule 7 (rules)
    K_UNIVERSALNOISEMARGIN   reduce using rule 7 (rules)
    K_EDGERATETHRESHOLD1     reduce using rule 7 (rules)
    K_CORRECTIONTABLE        reduce using rule 7 (rules)
    K_EDGERATESCALEFACTOR    reduce using rule 7 (rules)
    K_EDGERATETHRESHOLD2     reduce using rule 7 (rules)
    K_NOISETABLE             reduce using rule 7 (rules)
    K_OUTPUTPINANTENNASIZE   reduce using rule 7 (rules)
    K_INPUTPINANTENNASIZE    reduce using rule 7 (rules)
    K_INOUTPINANTENNASIZE    reduce using rule 7 (rules)
    K_DIVIDERCHAR            reduce using rule 7 (rules)
    K_NOWIREEXTENSIONATPIN   reduce using rule 7 (rules)
    K_MESSAGE                reduce using rule 7 (rules)
    K_CREATEFILE             reduce using rule 7 (rules)
    K_ANTENNAINPUTGATEAREA   reduce using rule 7 (rules)
    K_ANTENNAINOUTDIFFAREA   reduce using rule 7 (rules)
    K_ANTENNAOUTPUTDIFFAREA  reduce using rule 7 (rules)
    K_MANUFACTURINGGRID      reduce using rule 7 (rules)
    K_FIXEDMASK              reduce using rule 7 (rules)
    K_CLEARANCEMEASURE       reduce using rule 7 (rules)
    K_USEMINSPACING          reduce using rule 7 (rules)
    K_MAXVIASTACK            reduce using rule 7 (rules)

    lef_file  go to state 2
    rules     go to state 3


State 1

    9 rules: error •

    $default  reduce using rule 9 (rules)


State 2

    0 $accept: lef_file • $end

    $end  shift, and go to state 4


State 3

    1 lef_file: rules • extension_opt end_library
    8 rules: rules • rule

    K_ARRAY                  shift, and go to state 5
    K_DIELECTRIC             shift, and go to state 6
    K_IRDROP                 shift, and go to state 7
    K_LAYER                  shift, and go to state 8
    K_MACRO                  shift, and go to state 9
    K_MINFEATURE             shift, and go to state 10
    K_NAMESCASESENSITIVE     shift, and go to state 11
    K_NONDEFAULTRULE         shift, and go to state 12
    K_SITE                   shift, and go to state 13
    K_SPACING                shift, and go to state 14
    K_UNITS                  shift, and go to state 15
    K_VIA                    shift, and go to state 16
    K_VIARULE                shift, and go to state 17
    K_PROPDEF                shift, and go to state 18
    K_BUSBITCHARS            shift, and go to state 19
    K_VERSION                shift, and go to state 20
    K_UNIVERSALNOISEMARGIN   shift, and go to state 21
    K_EDGERATETHRESHOLD1     shift, and go to state 22
    K_CORRECTIONTABLE        shift, and go to state 23
    K_EDGERATESCALEFACTOR    shift, and go to state 24
    K_EDGERATETHRESHOLD2     shift, and go to state 25
    K_NOISETABLE             shift, and go to state 26
    K_OUTPUTPINANTENNASIZE   shift, and go to state 27
    K_INPUTPINANTENNASIZE    shift, and go to state 28
    K_INOUTPINANTENNASIZE    shift, and go to state 29
    K_DIVIDERCHAR            shift, and go to state 30
    K_NOWIREEXTENSIONATPIN   shift, and go to state 31
    K_MESSAGE                shift, and go to state 32
    K_CREATEFILE             shift, and go to state 33
    K_ANTENNAINPUTGATEAREA   shift, and go to state 34
    K_ANTENNAINOUTDIFFAREA   shift, and go to state 35
    K_ANTENNAOUTPUTDIFFAREA  shift, and go to state 36
    K_MANUFACTURINGGRID      shift, and go to state 37
    K_FIXEDMASK              shift, and go to state 38
    K_CLEARANCEMEASURE       shift, and go to state 39
    K_USEMINSPACING          shift, and go to state 40
    K_MAXVIASTACK            shift, and go to state 41

    $default  reduce using rule 1106 (extension_opt)

    version                go to state 42
    dividerchar            go to state 43
    busbitchars            go to state 44
    rule                   go to state 45
    case_sensitivity       go to state 46
    wireextension          go to state 47
    fixedmask              go to state 48
    manufacturing          go to state 49
    useminspacing          go to state 50
    clearancemeasure       go to state 51
    units_section          go to state 52
    start_units            go to state 53
    layer_rule             go to state 54
    start_layer            go to state 55
    maxstack_via           go to state 56
    via                    go to state 57
    via_keyword            go to state 58
    start_via              go to state 59
    viarule_keyword        go to state 60
    viarule                go to state 61
    viarule_generate       go to state 62
    spacing_rule           go to state 63
    start_spacing          go to state 64
    irdrop                 go to state 65
    start_irdrop           go to state 66
    minfeature             go to state 67
    dielectric             go to state 68
    nondefault_rule        go to state 69
    site                   go to state 70
    start_site             go to state 71
    macro                  go to state 72
    start_macro            go to state 73
    array                  go to state 74
    start_array            go to state 75
    msg_statement          go to state 76
    create_file_statement  go to state 77
    prop_def_section       go to state 78
    universalnoisemargin   go to state 79
    edgeratethreshold1     go to state 80
    edgeratethreshold2     go to state 81
    edgeratescalefactor    go to state 82
    noisetable             go to state 83
    correctiontable        go to state 84
    input_antenna          go to state 85
    output_antenna         go to state 86
    inout_antenna          go to state 87
    antenna_input          go to state 88
    antenna_inout          go to state 89
    antenna_output         go to state 90
    extension_opt          go to state 91


State 4

    0 $accept: lef_file $end •

    $default  accept


State 5

  911 start_array: K_ARRAY • $@114 T_STRING

    $default  reduce using rule 910 ($@114)

    $@114  go to state 92


State 6

  457 dielectric: K_DIELECTRIC • int_number ';'

    NUMBER  shift, and go to state 93

    int_number  go to state 94


State 7

  447 start_irdrop: K_IRDROP •

    $default  reduce using rule 447 (start_irdrop)


State 8

   78 start_layer: K_LAYER • $@2 T_STRING

    $default  reduce using rule 77 ($@2)

    $@2  go to state 95


State 9

  534 start_macro: K_MACRO • $@79 T_STRING

    $default  reduce using rule 533 ($@79)

    $@79  go to state 96


State 10

  456 minfeature: K_MINFEATURE • int_number int_number ';'

    NUMBER  shift, and go to state 93

    int_number  go to state 97


State 11

   50 case_sensitivity: K_NAMESCASESENSITIVE • K_ON ';'
   51                 | K_NAMESCASESENSITIVE • K_OFF ';'

    K_OFF  shift, and go to state 98
    K_ON   shift, and go to state 99


State 12

  461 nondefault_rule: K_NONDEFAULTRULE • $@63 T_STRING $@64 nd_hardspacing nd_rules $@65 end_nd_rule

    $default  reduce using rule 458 ($@63)

    $@63  go to state 100


State 13

  503 start_site: K_SITE • $@74 T_STRING

    $default  reduce using rule 502 ($@74)

    $@74  go to state 101


State 14

  437 start_spacing: K_SPACING •

    $default  reduce using rule 437 (start_spacing)


State 15

   65 start_units: K_UNITS •

    $default  reduce using rule 65 (start_units)


State 16

  334 via_keyword: K_VIA •

    $default  reduce using rule 334 (via_keyword)


State 17

  398 viarule_keyword: K_VIARULE • $@58 T_STRING

    $default  reduce using rule 397 ($@58)

    $@58  go to state 102


State 18

  986 prop_def_section: K_PROPDEF • $@125 prop_stmts K_END K_PROPDEF

    $default  reduce using rule 985 ($@125)

    $@125  go to state 103


State 19

    6 busbitchars: K_BUSBITCHARS • QSTRING ';'

    QSTRING  shift, and go to state 104


State 20

    3 version: K_VERSION • $@1 T_STRING ';'

    $default  reduce using rule 2 ($@1)

    $@1  go to state 105


State 21

  1062 universalnoisemargin: K_UNIVERSALNOISEMARGIN • int_number int_number ';'

    NUMBER  shift, and go to state 93

    int_number  go to state 106


State 22

  1063 edgeratethreshold1: K_EDGERATETHRESHOLD1 • int_number ';'

    NUMBER  shift, and go to state 93

    int_number  go to state 107


State 23

  1084 correctiontable: K_CORRECTIONTABLE • int_number ';' $@148 correction_table_list end_correctiontable dtrm

    NUMBER  shift, and go to state 93

    int_number  go to state 108


State 24

  1065 edgeratescalefactor: K_EDGERATESCALEFACTOR • int_number ';'

    NUMBER  shift, and go to state 93

    int_number  go to state 109


State 25

  1064 edgeratethreshold2: K_EDGERATETHRESHOLD2 • int_number ';'

    NUMBER  shift, and go to state 93

    int_number  go to state 110


State 26

  1067 noisetable: K_NOISETABLE • int_number $@145 ';' noise_table_list end_noisetable dtrm

    NUMBER  shift, and go to state 93

    int_number  go to state 111


State 27

  1101 output_antenna: K_OUTPUTPINANTENNASIZE • int_number ';'

    NUMBER  shift, and go to state 93

    int_number  go to state 112


State 28

  1100 input_antenna: K_INPUTPINANTENNASIZE • int_number ';'

    NUMBER  shift, and go to state 93

    int_number  go to state 113


State 29

  1102 inout_antenna: K_INOUTPINANTENNASIZE • int_number ';'

    NUMBER  shift, and go to state 93

    int_number  go to state 114


State 30

    5 dividerchar: K_DIVIDERCHAR • QSTRING ';'

    QSTRING  shift, and go to state 115


State 31

   52 wireextension: K_NOWIREEXTENSIONATPIN • K_ON ';'
   53              | K_NOWIREEXTENSIONATPIN • K_OFF ';'

    K_OFF  shift, and go to state 116
    K_ON   shift, and go to state 117


State 32

  939 msg_statement: K_MESSAGE • $@123 T_STRING '=' s_expr dtrm

    $default  reduce using rule 938 ($@123)

    $@123  go to state 118


State 33

  941 create_file_statement: K_CREATEFILE • $@124 T_STRING '=' s_expr dtrm

    $default  reduce using rule 940 ($@124)

    $@124  go to state 119


State 34

  1103 antenna_input: K_ANTENNAINPUTGATEAREA • NUMBER ';'

    NUMBER  shift, and go to state 120


State 35

  1104 antenna_inout: K_ANTENNAINOUTDIFFAREA • NUMBER ';'

    NUMBER  shift, and go to state 121


State 36

  1105 antenna_output: K_ANTENNAOUTPUTDIFFAREA • NUMBER ';'

    NUMBER  shift, and go to state 122


State 37

   55 manufacturing: K_MANUFACTURINGGRID • int_number ';'

    NUMBER  shift, and go to state 93

    int_number  go to state 123


State 38

   54 fixedmask: K_FIXEDMASK • ';'

    ';'  shift, and go to state 124


State 39

   57 clearancemeasure: K_CLEARANCEMEASURE • clearance_type ';'

    K_EUCLIDEAN  shift, and go to state 125
    K_MAXXY      shift, and go to state 126

    clearance_type  go to state 127


State 40

   56 useminspacing: K_USEMINSPACING • spacing_type spacing_value ';'

    K_OBS  shift, and go to state 128
    K_PIN  shift, and go to state 129

    spacing_type  go to state 130


State 41

  329 maxstack_via: K_MAXVIASTACK • int_number ';'
  331             | K_MAXVIASTACK • int_number K_RANGE $@47 T_STRING T_STRING ';'

    NUMBER  shift, and go to state 93

    int_number  go to state 131


State 42

   12 rule: version •

    $default  reduce using rule 12 (rule)


State 43

   20 rule: dividerchar •

    $default  reduce using rule 20 (rule)


State 44

   13 rule: busbitchars •

    $default  reduce using rule 13 (rule)


State 45

    8 rules: rules rule •

    $default  reduce using rule 8 (rules)


State 46

   14 rule: case_sensitivity •

    $default  reduce using rule 14 (rule)


State 47

   21 rule: wireextension •

    $default  reduce using rule 21 (rule)


State 48

   45 rule: fixedmask •

    $default  reduce using rule 45 (rule)


State 49

   44 rule: manufacturing •

    $default  reduce using rule 44 (rule)


State 50

   46 rule: useminspacing •

    $default  reduce using rule 46 (rule)


State 51

   47 rule: clearancemeasure •

    $default  reduce using rule 47 (rule)


State 52

   15 rule: units_section •

    $default  reduce using rule 15 (rule)


State 53

   64 units_section: start_units • units_rules K_END K_UNITS

    $default  reduce using rule 66 (units_rules)

    units_rules  go to state 132


State 54

   16 rule: layer_rule •

    $default  reduce using rule 16 (rule)


State 55

   76 layer_rule: start_layer • layer_options end_layer

    $default  reduce using rule 81 (layer_options)

    layer_options  go to state 133


State 56

   48 rule: maxstack_via •

    $default  reduce using rule 48 (rule)


State 57

   17 rule: via •

    $default  reduce using rule 17 (rule)


State 58

  335 start_via: via_keyword • T_STRING
  336          | via_keyword • T_STRING K_DEFAULT
  337          | via_keyword • T_STRING K_GENERATED

    T_STRING  shift, and go to state 134


State 59

  333 via: start_via • $@48 via_option end_via

    $default  reduce using rule 332 ($@48)

    $@48  go to state 135


State 60

  399 viarule: viarule_keyword • viarule_layer_list via_names opt_viarule_props end_viarule
  401 viarule_generate: viarule_keyword • K_GENERATE viarule_generate_default $@59 viarule_layer_list opt_viarule_props end_viarule

    K_GENERATE  shift, and go to state 136
    K_LAYER     shift, and go to state 137

    viarule_layer_list  go to state 138
    viarule_layer       go to state 139
    viarule_layer_name  go to state 140


State 61

   18 rule: viarule •

    $default  reduce using rule 18 (rule)


State 62

   19 rule: viarule_generate •

    $default  reduce using rule 19 (rule)


State 63

   23 rule: spacing_rule •

    $default  reduce using rule 23 (rule)


State 64

  436 spacing_rule: start_spacing • spacings end_spacing

    $default  reduce using rule 439 (spacings)

    spacings  go to state 141


State 65

   26 rule: irdrop •

    $default  reduce using rule 26 (rule)


State 66

  446 irdrop: start_irdrop • ir_tables end_irdrop

    $default  reduce using rule 449 (ir_tables)

    ir_tables  go to state 142


State 67

   25 rule: minfeature •

    $default  reduce using rule 25 (rule)


State 68

   24 rule: dielectric •

    $default  reduce using rule 24 (rule)


State 69

   30 rule: nondefault_rule •

    $default  reduce using rule 30 (rule)


State 70

   27 rule: site •

    $default  reduce using rule 27 (rule)


State 71

  501 site: start_site • site_options end_site

    $default  reduce using rule 506 (site_options)

    site_options  go to state 143


State 72

   28 rule: macro •

    $default  reduce using rule 28 (rule)


State 73

  532 macro: start_macro • macro_options $@78 end_macro

    $default  reduce using rule 537 (macro_options)

    macro_options  go to state 144


State 74

   29 rule: array •

    $default  reduce using rule 29 (rule)


State 75

  909 array: start_array • array_rules $@113 end_array

    $default  reduce using rule 914 (array_rules)

    array_rules  go to state 145


State 76

   22 rule: msg_statement •

    $default  reduce using rule 22 (rule)


State 77

   49 rule: create_file_statement •

    $default  reduce using rule 49 (rule)


State 78

   31 rule: prop_def_section •

    $default  reduce using rule 31 (rule)


State 79

   32 rule: universalnoisemargin •

    $default  reduce using rule 32 (rule)


State 80

   33 rule: edgeratethreshold1 •

    $default  reduce using rule 33 (rule)


State 81

   35 rule: edgeratethreshold2 •

    $default  reduce using rule 35 (rule)


State 82

   34 rule: edgeratescalefactor •

    $default  reduce using rule 34 (rule)


State 83

   36 rule: noisetable •

    $default  reduce using rule 36 (rule)


State 84

   37 rule: correctiontable •

    $default  reduce using rule 37 (rule)


State 85

   38 rule: input_antenna •

    $default  reduce using rule 38 (rule)


State 86

   39 rule: output_antenna •

    $default  reduce using rule 39 (rule)


State 87

   40 rule: inout_antenna •

    $default  reduce using rule 40 (rule)


State 88

   41 rule: antenna_input •

    $default  reduce using rule 41 (rule)


State 89

   42 rule: antenna_inout •

    $default  reduce using rule 42 (rule)


State 90

   43 rule: antenna_output •

    $default  reduce using rule 43 (rule)


State 91

    1 lef_file: rules extension_opt • end_library
  1107 extension_opt: extension_opt • extension

    K_END       shift, and go to state 146
    K_BEGINEXT  shift, and go to state 147

    $default  reduce using rule 10 (end_library)

    end_library  go to state 148
    extension    go to state 149


State 92

  911 start_array: K_ARRAY $@114 • T_STRING

    T_STRING  shift, and go to state 150


State 93

    4 int_number: NUMBER •

    $default  reduce using rule 4 (int_number)


State 94

  457 dielectric: K_DIELECTRIC int_number • ';'

    ';'  shift, and go to state 151


State 95

   78 start_layer: K_LAYER $@2 • T_STRING

    T_STRING  shift, and go to state 152


State 96

  534 start_macro: K_MACRO $@79 • T_STRING

    T_STRING  shift, and go to state 153


State 97

  456 minfeature: K_MINFEATURE int_number • int_number ';'

    NUMBER  shift, and go to state 93

    int_number  go to state 154


State 98

   51 case_sensitivity: K_NAMESCASESENSITIVE K_OFF • ';'

    ';'  shift, and go to state 155


State 99

   50 case_sensitivity: K_NAMESCASESENSITIVE K_ON • ';'

    ';'  shift, and go to state 156


State 100

  461 nondefault_rule: K_NONDEFAULTRULE $@63 • T_STRING $@64 nd_hardspacing nd_rules $@65 end_nd_rule

    T_STRING  shift, and go to state 157


State 101

  503 start_site: K_SITE $@74 • T_STRING

    T_STRING  shift, and go to state 158


State 102

  398 viarule_keyword: K_VIARULE $@58 • T_STRING

    T_STRING  shift, and go to state 159


State 103

  986 prop_def_section: K_PROPDEF $@125 • prop_stmts K_END K_PROPDEF

    $default  reduce using rule 987 (prop_stmts)

    prop_stmts  go to state 160


State 104

    6 busbitchars: K_BUSBITCHARS QSTRING • ';'

    ';'  shift, and go to state 161


State 105

    3 version: K_VERSION $@1 • T_STRING ';'

    T_STRING  shift, and go to state 162


State 106

  1062 universalnoisemargin: K_UNIVERSALNOISEMARGIN int_number • int_number ';'

    NUMBER  shift, and go to state 93

    int_number  go to state 163


State 107

  1063 edgeratethreshold1: K_EDGERATETHRESHOLD1 int_number • ';'

    ';'  shift, and go to state 164


State 108

  1084 correctiontable: K_CORRECTIONTABLE int_number • ';' $@148 correction_table_list end_correctiontable dtrm

    ';'  shift, and go to state 165


State 109

  1065 edgeratescalefactor: K_EDGERATESCALEFACTOR int_number • ';'

    ';'  shift, and go to state 166


State 110

  1064 edgeratethreshold2: K_EDGERATETHRESHOLD2 int_number • ';'

    ';'  shift, and go to state 167


State 111

  1067 noisetable: K_NOISETABLE int_number • $@145 ';' noise_table_list end_noisetable dtrm

    $default  reduce using rule 1066 ($@145)

    $@145  go to state 168


State 112

  1101 output_antenna: K_OUTPUTPINANTENNASIZE int_number • ';'

    ';'  shift, and go to state 169


State 113

  1100 input_antenna: K_INPUTPINANTENNASIZE int_number • ';'

    ';'  shift, and go to state 170


State 114

  1102 inout_antenna: K_INOUTPINANTENNASIZE int_number • ';'

    ';'  shift, and go to state 171


State 115

    5 dividerchar: K_DIVIDERCHAR QSTRING • ';'

    ';'  shift, and go to state 172


State 116

   53 wireextension: K_NOWIREEXTENSIONATPIN K_OFF • ';'

    ';'  shift, and go to state 173


State 117

   52 wireextension: K_NOWIREEXTENSIONATPIN K_ON • ';'

    ';'  shift, and go to state 174


State 118

  939 msg_statement: K_MESSAGE $@123 • T_STRING '=' s_expr dtrm

    T_STRING  shift, and go to state 175


State 119

  941 create_file_statement: K_CREATEFILE $@124 • T_STRING '=' s_expr dtrm

    T_STRING  shift, and go to state 176


State 120

  1103 antenna_input: K_ANTENNAINPUTGATEAREA NUMBER • ';'

    ';'  shift, and go to state 177


State 121

  1104 antenna_inout: K_ANTENNAINOUTDIFFAREA NUMBER • ';'

    ';'  shift, and go to state 178


State 122

  1105 antenna_output: K_ANTENNAOUTPUTDIFFAREA NUMBER • ';'

    ';'  shift, and go to state 179


State 123

   55 manufacturing: K_MANUFACTURINGGRID int_number • ';'

    ';'  shift, and go to state 180


State 124

   54 fixedmask: K_FIXEDMASK ';' •

    $default  reduce using rule 54 (fixedmask)


State 125

   59 clearance_type: K_EUCLIDEAN •

    $default  reduce using rule 59 (clearance_type)


State 126

   58 clearance_type: K_MAXXY •

    $default  reduce using rule 58 (clearance_type)


State 127

   57 clearancemeasure: K_CLEARANCEMEASURE clearance_type • ';'

    ';'  shift, and go to state 181


State 128

   60 spacing_type: K_OBS •

    $default  reduce using rule 60 (spacing_type)


State 129

   61 spacing_type: K_PIN •

    $default  reduce using rule 61 (spacing_type)


State 130

   56 useminspacing: K_USEMINSPACING spacing_type • spacing_value ';'

    K_OFF  shift, and go to state 182
    K_ON   shift, and go to state 183

    spacing_value  go to state 184


State 131

  329 maxstack_via: K_MAXVIASTACK int_number • ';'
  331             | K_MAXVIASTACK int_number • K_RANGE $@47 T_STRING T_STRING ';'

    K_RANGE  shift, and go to state 185
    ';'      shift, and go to state 186


State 132

   64 units_section: start_units units_rules • K_END K_UNITS
   67 units_rules: units_rules • units_rule

    K_CAPACITANCE  shift, and go to state 187
    K_CURRENT      shift, and go to state 188
    K_DATABASE     shift, and go to state 189
    K_END          shift, and go to state 190
    K_POWER        shift, and go to state 191
    K_RESISTANCE   shift, and go to state 192
    K_TIME         shift, and go to state 193
    K_VOLTAGE      shift, and go to state 194
    K_FREQUENCY    shift, and go to state 195

    units_rule  go to state 196


State 133

   76 layer_rule: start_layer layer_options • end_layer
   82 layer_options: layer_options • layer_option

    K_AREA                         shift, and go to state 197
    K_CAPACITANCE                  shift, and go to state 198
    K_CAPMULTIPLIER                shift, and go to state 199
    K_DIRECTION                    shift, and go to state 200
    K_EDGECAPACITANCE              shift, and go to state 201
    K_END                          shift, and go to state 202
    K_HEIGHT                       shift, and go to state 203
    K_OFFSET                       shift, and go to state 204
    K_PITCH                        shift, and go to state 205
    K_RESISTANCE                   shift, and go to state 206
    K_SHRINKAGE                    shift, and go to state 207
    K_SPACING                      shift, and go to state 208
    K_THICKNESS                    shift, and go to state 209
    K_TYPE                         shift, and go to state 210
    K_WIDTH                        shift, and go to state 211
    K_PROPERTY                     shift, and go to state 212
    K_CURRENTDEN                   shift, and go to state 213
    K_ANTENNALENGTHFACTOR          shift, and go to state 214
    K_WIREEXTENSION                shift, and go to state 215
    K_ACCURRENTDENSITY             shift, and go to state 216
    K_DCCURRENTDENSITY             shift, and go to state 217
    K_ANTENNAAREARATIO             shift, and go to state 218
    K_ANTENNADIFFAREARATIO         shift, and go to state 219
    K_ANTENNACUMAREARATIO          shift, and go to state 220
    K_ANTENNACUMDIFFAREARATIO      shift, and go to state 221
    K_ANTENNAAREAFACTOR            shift, and go to state 222
    K_ANTENNASIDEAREARATIO         shift, and go to state 223
    K_ANTENNADIFFSIDEAREARATIO     shift, and go to state 224
    K_ANTENNACUMSIDEAREARATIO      shift, and go to state 225
    K_ANTENNACUMDIFFSIDEAREARATIO  shift, and go to state 226
    K_ANTENNASIDEAREAFACTOR        shift, and go to state 227
    K_MANUFACTURINGGRID            shift, and go to state 228
    K_SLOTWIREWIDTH                shift, and go to state 229
    K_SLOTWIRELENGTH               shift, and go to state 230
    K_SLOTWIDTH                    shift, and go to state 231
    K_SLOTLENGTH                   shift, and go to state 232
    K_MAXADJACENTSLOTSPACING       shift, and go to state 233
    K_MAXCOAXIALSLOTSPACING        shift, and go to state 234
    K_MAXEDGESLOTSPACING           shift, and go to state 235
    K_SPLITWIREWIDTH               shift, and go to state 236
    K_MINIMUMDENSITY               shift, and go to state 237
    K_MAXIMUMDENSITY               shift, and go to state 238
    K_DENSITYCHECKWINDOW           shift, and go to state 239
    K_DENSITYCHECKSTEP             shift, and go to state 240
    K_FILLACTIVESPACING            shift, and go to state 241
    K_MINIMUMCUT                   shift, and go to state 242
    K_ANTENNAMODEL                 shift, and go to state 243
    K_ENCLOSURE                    shift, and go to state 244
    K_MAXWIDTH                     shift, and go to state 245
    K_MINENCLOSEDAREA              shift, and go to state 246
    K_MINSTEP                      shift, and go to state 247
    K_MINWIDTH                     shift, and go to state 248
    K_PROTRUSIONWIDTH              shift, and go to state 249
    K_SPACINGTABLE                 shift, and go to state 250
    K_MASK                         shift, and go to state 251
    K_DIAGMINEDGELENGTH            shift, and go to state 252
    K_DIAGSPACING                  shift, and go to state 253
    K_DIAGPITCH                    shift, and go to state 254
    K_DIAGWIDTH                    shift, and go to state 255
    K_MINSIZE                      shift, and go to state 256
    K_PREFERENCLOSURE              shift, and go to state 257
    K_ARRAYSPACING                 shift, and go to state 258
    K_ANTENNAAREADIFFREDUCEPWL     shift, and go to state 259
    K_ANTENNAAREAMINUSDIFF         shift, and go to state 260
    K_ANTENNACUMROUTINGPLUSCUT     shift, and go to state 261
    K_ANTENNAGATEPLUSDIFF          shift, and go to state 262

    end_layer     go to state 263
    layer_option  go to state 264


State 134

  335 start_via: via_keyword T_STRING •
  336          | via_keyword T_STRING • K_DEFAULT
  337          | via_keyword T_STRING • K_GENERATED

    K_DEFAULT    shift, and go to state 265
    K_GENERATED  shift, and go to state 266

    $default  reduce using rule 335 (start_via)


State 135

  333 via: start_via $@48 • via_option end_via

    K_FOREIGN         shift, and go to state 267
    K_LAYER           shift, and go to state 268
    K_RESISTANCE      shift, and go to state 269
    K_TOPOFSTACKONLY  shift, and go to state 270
    K_VIARULE         shift, and go to state 271
    K_PROPERTY        shift, and go to state 272

    via_viarule        go to state 273
    via_option         go to state 274
    via_other_options  go to state 275
    via_other_option   go to state 276
    via_foreign        go to state 277
    start_foreign      go to state 278
    via_layer_rule     go to state 279
    via_layer          go to state 280


State 136

  401 viarule_generate: viarule_keyword K_GENERATE • viarule_generate_default $@59 viarule_layer_list opt_viarule_props end_viarule

    K_DEFAULT  shift, and go to state 281

    $default  reduce using rule 402 (viarule_generate_default)

    viarule_generate_default  go to state 282


State 137

  422 viarule_layer_name: K_LAYER • $@61 T_STRING ';'

    $default  reduce using rule 421 ($@61)

    $@61  go to state 283


State 138

  399 viarule: viarule_keyword viarule_layer_list • via_names opt_viarule_props end_viarule
  405 viarule_layer_list: viarule_layer_list • viarule_layer

    K_LAYER  shift, and go to state 137

    $default  reduce using rule 418 (via_names)

    viarule_layer       go to state 284
    via_names           go to state 285
    viarule_layer_name  go to state 140


State 139

  404 viarule_layer_list: viarule_layer •

    $default  reduce using rule 404 (viarule_layer_list)


State 140

  417 viarule_layer: viarule_layer_name • viarule_layer_options

    $default  reduce using rule 423 (viarule_layer_options)

    viarule_layer_options  go to state 286


State 141

  436 spacing_rule: start_spacing spacings • end_spacing
  440 spacings: spacings • spacing

    K_END      shift, and go to state 287
    K_SAMENET  shift, and go to state 288

    end_spacing      go to state 289
    spacing          go to state 290
    samenet_keyword  go to state 291


State 142

  446 irdrop: start_irdrop ir_tables • end_irdrop
  450 ir_tables: ir_tables • ir_table

    K_END    shift, and go to state 292
    K_TABLE  shift, and go to state 293

    end_irdrop    go to state 294
    ir_table      go to state 295
    ir_tablename  go to state 296


State 143

  501 site: start_site site_options • end_site
  507 site_options: site_options • site_option

    K_CLASS       shift, and go to state 297
    K_END         shift, and go to state 298
    K_SIZE        shift, and go to state 299
    K_SYMMETRY    shift, and go to state 300
    K_PROPERTY    shift, and go to state 301
    K_ROWPATTERN  shift, and go to state 302

    end_site                   go to state 303
    site_option                go to state 304
    site_prop                  go to state 305
    site_class                 go to state 306
    site_symmetry_statement    go to state 307
    site_rowpattern_statement  go to state 308


State 144

  532 macro: start_macro macro_options • $@78 end_macro
  538 macro_options: macro_options • macro_option

    K_CLASS       shift, and go to state 309
    K_CLOCKTYPE   shift, and go to state 310
    K_EEQ         shift, and go to state 311
    K_FOREIGN     shift, and go to state 267
    K_GENERATE    shift, and go to state 312
    K_GENERATOR   shift, and go to state 313
    K_LEQ         shift, and go to state 314
    K_OBS         shift, and go to state 315
    K_ORIGIN      shift, and go to state 316
    K_PIN         shift, and go to state 317
    K_POWER       shift, and go to state 318
    K_SITE        shift, and go to state 319
    K_SIZE        shift, and go to state 320
    K_SOURCE      shift, and go to state 321
    K_SYMMETRY    shift, and go to state 322
    K_TIMING      shift, and go to state 323
    K_PROPERTY    shift, and go to state 324
    K_FUNCTION    shift, and go to state 325
    K_FIXEDMASK   shift, and go to state 326
    K_DENSITY     shift, and go to state 327
    K_OBSSPACING  shift, and go to state 328

    $default  reduce using rule 531 ($@78)

    start_foreign             go to state 329
    $@78                      go to state 330
    macro_option              go to state 331
    macro_symmetry_statement  go to state 332
    macro_class               go to state 333
    macro_obsspacing          go to state 334
    macro_generator           go to state 335
    macro_generate            go to state 336
    macro_source              go to state 337
    macro_power               go to state 338
    macro_origin              go to state 339
    macro_foreign             go to state 340
    macro_fixedMask           go to state 341
    macro_eeq                 go to state 342
    macro_leq                 go to state 343
    macro_site                go to state 344
    macro_site_word           go to state 345
    macro_size                go to state 346
    macro_pin                 go to state 347
    start_macro_pin           go to state 348
    macro_obs                 go to state 349
    start_macro_obs           go to state 350
    macro_density             go to state 351
    macro_clocktype           go to state 352
    timing                    go to state 353
    start_timing              go to state 354


State 145

  909 array: start_array array_rules • $@113 end_array
  915 array_rules: array_rules • array_rule

    K_SITE          shift, and go to state 355
    K_CANPLACE      shift, and go to state 356
    K_CANNOTOCCUPY  shift, and go to state 357
    K_TRACKS        shift, and go to state 358
    K_FLOORPLAN     shift, and go to state 359
    K_GCELLGRID     shift, and go to state 360
    K_DEFAULTCAP    shift, and go to state 361

    $default  reduce using rule 908 ($@113)

    site_word        go to state 362
    $@113            go to state 363
    array_rule       go to state 364
    floorplan_start  go to state 365


State 146

   11 end_library: K_END • K_LIBRARY

    K_LIBRARY  shift, and go to state 366


State 147

  1108 extension: K_BEGINEXT •

    $default  reduce using rule 1108 (extension)


State 148

    1 lef_file: rules extension_opt end_library •

    $default  reduce using rule 1 (lef_file)


State 149

  1107 extension_opt: extension_opt extension •

    $default  reduce using rule 1107 (extension_opt)


State 150

  911 start_array: K_ARRAY $@114 T_STRING •

    $default  reduce using rule 911 (start_array)


State 151

  457 dielectric: K_DIELECTRIC int_number ';' •

    $default  reduce using rule 457 (dielectric)


State 152

   78 start_layer: K_LAYER $@2 T_STRING •

    $default  reduce using rule 78 (start_layer)


State 153

  534 start_macro: K_MACRO $@79 T_STRING •

    $default  reduce using rule 534 (start_macro)


State 154

  456 minfeature: K_MINFEATURE int_number int_number • ';'

    ';'  shift, and go to state 367


State 155

   51 case_sensitivity: K_NAMESCASESENSITIVE K_OFF ';' •

    $default  reduce using rule 51 (case_sensitivity)


State 156

   50 case_sensitivity: K_NAMESCASESENSITIVE K_ON ';' •

    $default  reduce using rule 50 (case_sensitivity)


State 157

  461 nondefault_rule: K_NONDEFAULTRULE $@63 T_STRING • $@64 nd_hardspacing nd_rules $@65 end_nd_rule

    $default  reduce using rule 459 ($@64)

    $@64  go to state 368


State 158

  503 start_site: K_SITE $@74 T_STRING •

    $default  reduce using rule 503 (start_site)


State 159

  398 viarule_keyword: K_VIARULE $@58 T_STRING •

    $default  reduce using rule 398 (viarule_keyword)


State 160

  986 prop_def_section: K_PROPDEF $@125 prop_stmts • K_END K_PROPDEF
  988 prop_stmts: prop_stmts • prop_stmt

    K_END             shift, and go to state 369
    K_COMPONENTPIN    shift, and go to state 370
    K_LAYER           shift, and go to state 371
    K_LIBRARY         shift, and go to state 372
    K_MACRO           shift, and go to state 373
    K_NONDEFAULTRULE  shift, and go to state 374
    K_PIN             shift, and go to state 375
    K_SITE            shift, and go to state 376
    K_PORTOBS         shift, and go to state 377
    K_VIA             shift, and go to state 378
    K_VIARULE         shift, and go to state 379

    prop_stmt  go to state 380


State 161

    6 busbitchars: K_BUSBITCHARS QSTRING ';' •

    $default  reduce using rule 6 (busbitchars)


State 162

    3 version: K_VERSION $@1 T_STRING • ';'

    ';'  shift, and go to state 381


State 163

  1062 universalnoisemargin: K_UNIVERSALNOISEMARGIN int_number int_number • ';'

    ';'  shift, and go to state 382


State 164

  1063 edgeratethreshold1: K_EDGERATETHRESHOLD1 int_number ';' •

    $default  reduce using rule 1063 (edgeratethreshold1)


State 165

  1084 correctiontable: K_CORRECTIONTABLE int_number ';' • $@148 correction_table_list end_correctiontable dtrm

    $default  reduce using rule 1083 ($@148)

    $@148  go to state 383


State 166

  1065 edgeratescalefactor: K_EDGERATESCALEFACTOR int_number ';' •

    $default  reduce using rule 1065 (edgeratescalefactor)


State 167

  1064 edgeratethreshold2: K_EDGERATETHRESHOLD2 int_number ';' •

    $default  reduce using rule 1064 (edgeratethreshold2)


State 168

  1067 noisetable: K_NOISETABLE int_number $@145 • ';' noise_table_list end_noisetable dtrm

    ';'  shift, and go to state 384


State 169

  1101 output_antenna: K_OUTPUTPINANTENNASIZE int_number ';' •

    $default  reduce using rule 1101 (output_antenna)


State 170

  1100 input_antenna: K_INPUTPINANTENNASIZE int_number ';' •

    $default  reduce using rule 1100 (input_antenna)


State 171

  1102 inout_antenna: K_INOUTPINANTENNASIZE int_number ';' •

    $default  reduce using rule 1102 (inout_antenna)


State 172

    5 dividerchar: K_DIVIDERCHAR QSTRING ';' •

    $default  reduce using rule 5 (dividerchar)


State 173

   53 wireextension: K_NOWIREEXTENSIONATPIN K_OFF ';' •

    $default  reduce using rule 53 (wireextension)


State 174

   52 wireextension: K_NOWIREEXTENSIONATPIN K_ON ';' •

    $default  reduce using rule 52 (wireextension)


State 175

  939 msg_statement: K_MESSAGE $@123 T_STRING • '=' s_expr dtrm

    '='  shift, and go to state 385


State 176

  941 create_file_statement: K_CREATEFILE $@124 T_STRING • '=' s_expr dtrm

    '='  shift, and go to state 386


State 177

  1103 antenna_input: K_ANTENNAINPUTGATEAREA NUMBER ';' •

    $default  reduce using rule 1103 (antenna_input)


State 178

  1104 antenna_inout: K_ANTENNAINOUTDIFFAREA NUMBER ';' •

    $default  reduce using rule 1104 (antenna_inout)


State 179

  1105 antenna_output: K_ANTENNAOUTPUTDIFFAREA NUMBER ';' •

    $default  reduce using rule 1105 (antenna_output)


State 180

   55 manufacturing: K_MANUFACTURINGGRID int_number ';' •

    $default  reduce using rule 55 (manufacturing)


State 181

   57 clearancemeasure: K_CLEARANCEMEASURE clearance_type ';' •

    $default  reduce using rule 57 (clearancemeasure)


State 182

   63 spacing_value: K_OFF •

    $default  reduce using rule 63 (spacing_value)


State 183

   62 spacing_value: K_ON •

    $default  reduce using rule 62 (spacing_value)


State 184

   56 useminspacing: K_USEMINSPACING spacing_type spacing_value • ';'

    ';'  shift, and go to state 387


State 185

  331 maxstack_via: K_MAXVIASTACK int_number K_RANGE • $@47 T_STRING T_STRING ';'

    $default  reduce using rule 330 ($@47)

    $@47  go to state 388


State 186

  329 maxstack_via: K_MAXVIASTACK int_number ';' •

    $default  reduce using rule 329 (maxstack_via)


State 187

   69 units_rule: K_CAPACITANCE • K_PICOFARADS int_number ';'

    K_PICOFARADS  shift, and go to state 389


State 188

   72 units_rule: K_CURRENT • K_MILLIAMPS int_number ';'

    K_MILLIAMPS  shift, and go to state 390


State 189

   74 units_rule: K_DATABASE • K_MICRONS int_number ';'

    K_MICRONS  shift, and go to state 391


State 190

   64 units_section: start_units units_rules K_END • K_UNITS

    K_UNITS  shift, and go to state 392


State 191

   71 units_rule: K_POWER • K_MILLIWATTS int_number ';'

    K_MILLIWATTS  shift, and go to state 393


State 192

   70 units_rule: K_RESISTANCE • K_OHMS int_number ';'

    K_OHMS  shift, and go to state 394


State 193

   68 units_rule: K_TIME • K_NANOSECONDS int_number ';'

    K_NANOSECONDS  shift, and go to state 395


State 194

   73 units_rule: K_VOLTAGE • K_VOLTS int_number ';'

    K_VOLTS  shift, and go to state 396


State 195

   75 units_rule: K_FREQUENCY • K_MEGAHERTZ NUMBER ';'

    K_MEGAHERTZ  shift, and go to state 397


State 196

   67 units_rules: units_rules units_rule •

    $default  reduce using rule 67 (units_rules)


State 197

   98 layer_option: K_AREA • NUMBER ';'

    NUMBER  shift, and go to state 398


State 198

  106 layer_option: K_CAPACITANCE • K_CPERSQDIST int_number ';'
  107             | K_CAPACITANCE • K_CPERSQDIST K_PWL '(' cap_points ')' ';'

    K_CPERSQDIST  shift, and go to state 399


State 199

  112 layer_option: K_CAPMULTIPLIER • int_number ';'

    NUMBER  shift, and go to state 93

    int_number  go to state 400


State 200

  103 layer_option: K_DIRECTION • layer_direction ';'

    K_HORIZONTAL  shift, and go to state 401
    K_VERTICAL    shift, and go to state 402
    K_DIAG45      shift, and go to state 403
    K_DIAG135     shift, and go to state 404

    layer_direction  go to state 405


State 201

  113 layer_option: K_EDGECAPACITANCE • int_number ';'

    NUMBER  shift, and go to state 93

    int_number  go to state 406


State 202

   80 end_layer: K_END • $@3 T_STRING

    $default  reduce using rule 79 ($@3)

    $@3  go to state 407


State 203

  108 layer_option: K_HEIGHT • int_number ';'

    NUMBER  shift, and go to state 93

    int_number  go to state 408


State 204

   93 layer_option: K_OFFSET • int_number ';'
   94             | K_OFFSET • int_number int_number ';'

    NUMBER  shift, and go to state 93

    int_number  go to state 409


State 205

   89 layer_option: K_PITCH • int_number ';'
   90             | K_PITCH • int_number int_number ';'

    NUMBER  shift, and go to state 93

    int_number  go to state 410


State 206

  104 layer_option: K_RESISTANCE • K_RPERSQ int_number ';'
  105             | K_RESISTANCE • K_RPERSQ K_PWL '(' res_points ')' ';'
  182             | K_RESISTANCE • int_number ';'

    K_RPERSQ  shift, and go to state 411
    NUMBER    shift, and go to state 93

    int_number  go to state 412


State 207

  111 layer_option: K_SHRINKAGE • int_number ';'

    NUMBER  shift, and go to state 93

    int_number  go to state 413


State 208

  100 layer_option: K_SPACING • int_number $@6 layer_spacing_opts layer_spacing_cut_routing ';'

    NUMBER  shift, and go to state 93

    int_number  go to state 414


State 209

  110 layer_option: K_THICKNESS • int_number ';'

    NUMBER  shift, and go to state 93

    int_number  go to state 415


State 210

   87 layer_option: K_TYPE • layer_type ';'

    K_CUT          shift, and go to state 416
    K_OVERLAP      shift, and go to state 417
    K_ROUTING      shift, and go to state 418
    K_MASTERSLICE  shift, and go to state 419
    K_VIRTUAL      shift, and go to state 420
    K_IMPLANT      shift, and go to state 421

    layer_type  go to state 422


State 211

   97 layer_option: K_WIDTH • int_number ';'

    NUMBER  shift, and go to state 93

    int_number  go to state 423


State 212

  119 layer_option: K_PROPERTY • $@8 layer_prop_list ';'

    $default  reduce using rule 118 ($@8)

    $@8  go to state 424


State 213

  115 layer_option: K_CURRENTDEN • int_number ';'
  116             | K_CURRENTDEN • K_PWL '(' current_density_pwl_list ')' ';'
  117             | K_CURRENTDEN • '(' int_number int_number ')' ';'

    NUMBER  shift, and go to state 93
    K_PWL   shift, and go to state 425
    '('     shift, and go to state 426

    int_number  go to state 427


State 214

  114 layer_option: K_ANTENNALENGTHFACTOR • int_number ';'

    NUMBER  shift, and go to state 93

    int_number  go to state 428


State 215

  109 layer_option: K_WIREEXTENSION • int_number ';'

    NUMBER  shift, and go to state 93

    int_number  go to state 429


State 216

  121 layer_option: K_ACCURRENTDENSITY • layer_table_type $@9 layer_frequency
  122             | K_ACCURRENTDENSITY • layer_table_type int_number ';'

    K_AVERAGE  shift, and go to state 430
    K_PEAK     shift, and go to state 431
    K_RMS      shift, and go to state 432

    layer_table_type  go to state 433


State 217

  123 layer_option: K_DCCURRENTDENSITY • K_AVERAGE int_number ';'
  126             | K_DCCURRENTDENSITY • K_AVERAGE K_CUTAREA NUMBER $@10 number_list ';' $@11 dc_layer_table
  129             | K_DCCURRENTDENSITY • K_AVERAGE K_WIDTH int_number $@12 int_number_list ';' $@13 dc_layer_table

    K_AVERAGE  shift, and go to state 434


State 218

  130 layer_option: K_ANTENNAAREARATIO • int_number ';'

    NUMBER  shift, and go to state 93

    int_number  go to state 435


State 219

  132 layer_option: K_ANTENNADIFFAREARATIO • $@14 layer_antenna_pwl ';'

    $default  reduce using rule 131 ($@14)

    $@14  go to state 436


State 220

  133 layer_option: K_ANTENNACUMAREARATIO • int_number ';'

    NUMBER  shift, and go to state 93

    int_number  go to state 437


State 221

  135 layer_option: K_ANTENNACUMDIFFAREARATIO • $@15 layer_antenna_pwl ';'

    $default  reduce using rule 134 ($@15)

    $@15  go to state 438


State 222

  137 layer_option: K_ANTENNAAREAFACTOR • int_number $@16 layer_antenna_duo ';'

    NUMBER  shift, and go to state 93

    int_number  go to state 439


State 223

  138 layer_option: K_ANTENNASIDEAREARATIO • int_number ';'

    NUMBER  shift, and go to state 93

    int_number  go to state 440


State 224

  140 layer_option: K_ANTENNADIFFSIDEAREARATIO • $@17 layer_antenna_pwl ';'

    $default  reduce using rule 139 ($@17)

    $@17  go to state 441


State 225

  141 layer_option: K_ANTENNACUMSIDEAREARATIO • int_number ';'

    NUMBER  shift, and go to state 93

    int_number  go to state 442


State 226

  143 layer_option: K_ANTENNACUMDIFFSIDEAREARATIO • $@18 layer_antenna_pwl ';'

    $default  reduce using rule 142 ($@18)

    $@18  go to state 443


State 227

  145 layer_option: K_ANTENNASIDEAREAFACTOR • int_number $@19 layer_antenna_duo ';'

    NUMBER  shift, and go to state 93

    int_number  go to state 444


State 228

   83 layer_option: K_MANUFACTURINGGRID • int_number ';'

    NUMBER  shift, and go to state 93

    int_number  go to state 445


State 229

  154 layer_option: K_SLOTWIREWIDTH • int_number ';'

    NUMBER  shift, and go to state 93

    int_number  go to state 446


State 230

  155 layer_option: K_SLOTWIRELENGTH • int_number ';'

    NUMBER  shift, and go to state 93

    int_number  go to state 447


State 231

  156 layer_option: K_SLOTWIDTH • int_number ';'

    NUMBER  shift, and go to state 93

    int_number  go to state 448


State 232

  157 layer_option: K_SLOTLENGTH • int_number ';'

    NUMBER  shift, and go to state 93

    int_number  go to state 449


State 233

  158 layer_option: K_MAXADJACENTSLOTSPACING • int_number ';'

    NUMBER  shift, and go to state 93

    int_number  go to state 450


State 234

  159 layer_option: K_MAXCOAXIALSLOTSPACING • int_number ';'

    NUMBER  shift, and go to state 93

    int_number  go to state 451


State 235

  160 layer_option: K_MAXEDGESLOTSPACING • int_number ';'

    NUMBER  shift, and go to state 93

    int_number  go to state 452


State 236

  161 layer_option: K_SPLITWIREWIDTH • int_number ';'

    NUMBER  shift, and go to state 93

    int_number  go to state 453


State 237

  162 layer_option: K_MINIMUMDENSITY • int_number ';'

    NUMBER  shift, and go to state 93

    int_number  go to state 454


State 238

  163 layer_option: K_MAXIMUMDENSITY • int_number ';'

    NUMBER  shift, and go to state 93

    int_number  go to state 455


State 239

  164 layer_option: K_DENSITYCHECKWINDOW • int_number int_number ';'

    NUMBER  shift, and go to state 93

    int_number  go to state 456


State 240

  165 layer_option: K_DENSITYCHECKSTEP • int_number ';'

    NUMBER  shift, and go to state 93

    int_number  go to state 457


State 241

  166 layer_option: K_FILLACTIVESPACING • int_number ';'

    NUMBER  shift, and go to state 93

    int_number  go to state 458


State 242

  172 layer_option: K_MINIMUMCUT • int_number K_WIDTH int_number $@24 layer_minimumcut_within layer_minimumcut_from layer_minimumcut_length ';'

    NUMBER  shift, and go to state 93

    int_number  go to state 459


State 243

  147 layer_option: K_ANTENNAMODEL • $@20 layer_oxide ';'

    $default  reduce using rule 146 ($@20)

    $@20  go to state 460


State 244

  179 layer_option: K_ENCLOSURE • layer_enclosure_type_opt int_number int_number $@27 layer_enclosure_width_opt ';'

    K_ABOVE  shift, and go to state 461
    K_BELOW  shift, and go to state 462

    $default  reduce using rule 206 (layer_enclosure_type_opt)

    layer_enclosure_type_opt  go to state 463


State 245

  167 layer_option: K_MAXWIDTH • int_number ';'

    NUMBER  shift, and go to state 93

    int_number  go to state 464


State 246

  170 layer_option: K_MINENCLOSEDAREA • NUMBER $@23 layer_minen_width ';'

    NUMBER  shift, and go to state 465


State 247

  174 layer_option: K_MINSTEP • int_number $@25 layer_minstep_options ';'

    NUMBER  shift, and go to state 93

    int_number  go to state 466


State 248

  168 layer_option: K_MINWIDTH • int_number ';'

    NUMBER  shift, and go to state 93

    int_number  go to state 467


State 249

  175 layer_option: K_PROTRUSIONWIDTH • int_number K_LENGTH int_number K_WIDTH int_number ';'

    NUMBER  shift, and go to state 93

    int_number  go to state 468


State 250

  102 layer_option: K_SPACINGTABLE • K_ORTHOGONAL K_WITHIN int_number K_SPACING int_number $@7 layer_spacingtable_opts ';'
  177             | K_SPACINGTABLE • $@26 sp_options ';'

    K_ORTHOGONAL  shift, and go to state 469

    $default  reduce using rule 176 ($@26)

    $@26  go to state 470


State 251

   88 layer_option: K_MASK • int_number ';'

    NUMBER  shift, and go to state 93

    int_number  go to state 471


State 252

  183 layer_option: K_DIAGMINEDGELENGTH • int_number ';'

    NUMBER  shift, and go to state 93

    int_number  go to state 472


State 253

   96 layer_option: K_DIAGSPACING • int_number ';'

    NUMBER  shift, and go to state 93

    int_number  go to state 473


State 254

   91 layer_option: K_DIAGPITCH • int_number ';'
   92             | K_DIAGPITCH • int_number int_number ';'

    NUMBER  shift, and go to state 93

    int_number  go to state 474


State 255

   95 layer_option: K_DIAGWIDTH • int_number ';'

    NUMBER  shift, and go to state 93

    int_number  go to state 475


State 256

  185 layer_option: K_MINSIZE • $@29 firstPt otherPts ';'

    $default  reduce using rule 184 ($@29)

    $@29  go to state 476


State 257

  181 layer_option: K_PREFERENCLOSURE • layer_enclosure_type_opt int_number int_number $@28 layer_preferenclosure_width_opt ';'

    K_ABOVE  shift, and go to state 461
    K_BELOW  shift, and go to state 462

    $default  reduce using rule 206 (layer_enclosure_type_opt)

    layer_enclosure_type_opt  go to state 477


State 258

   86 layer_option: K_ARRAYSPACING • $@4 layer_arraySpacing_long layer_arraySpacing_width K_CUTSPACING int_number $@5 layer_arraySpacing_arraycuts ';'

    $default  reduce using rule 84 ($@4)

    $@4  go to state 478


State 259

  153 layer_option: K_ANTENNAAREADIFFREDUCEPWL • '(' pt pt $@21 layer_diffusion_ratios ')' ';' $@22

    '('  shift, and go to state 479


State 260

  150 layer_option: K_ANTENNAAREAMINUSDIFF • int_number ';'

    NUMBER  shift, and go to state 93

    int_number  go to state 480


State 261

  148 layer_option: K_ANTENNACUMROUTINGPLUSCUT • ';'

    ';'  shift, and go to state 481


State 262

  149 layer_option: K_ANTENNAGATEPLUSDIFF • int_number ';'

    NUMBER  shift, and go to state 93

    int_number  go to state 482


State 263

   76 layer_rule: start_layer layer_options end_layer •

    $default  reduce using rule 76 (layer_rule)


State 264

   82 layer_options: layer_options layer_option •

    $default  reduce using rule 82 (layer_options)


State 265

  336 start_via: via_keyword T_STRING K_DEFAULT •

    $default  reduce using rule 336 (start_via)


State 266

  337 start_via: via_keyword T_STRING K_GENERATED •

    $default  reduce using rule 337 (start_via)


State 267

  370 start_foreign: K_FOREIGN • $@54 T_STRING

    $default  reduce using rule 369 ($@54)

    $@54  go to state 483


State 268

  389 via_layer: K_LAYER • $@55 T_STRING ';'

    $default  reduce using rule 388 ($@55)

    $@55  go to state 484


State 269

  356 via_other_option: K_RESISTANCE • int_number ';'

    NUMBER  shift, and go to state 93

    int_number  go to state 485


State 270

  359 via_other_option: K_TOPOFSTACKONLY •

    $default  reduce using rule 359 (via_other_option)


State 271

  341 via_viarule: K_VIARULE • $@49 T_STRING ';' K_CUTSIZE int_number int_number ';' K_LAYERS $@50 T_STRING T_STRING T_STRING ';' K_CUTSPACING int_number int_number ';' K_ENCLOSURE int_number int_number int_number int_number ';' $@51 via_viarule_options

    $default  reduce using rule 338 ($@49)

    $@49  go to state 486


State 272

  358 via_other_option: K_PROPERTY • $@53 via_prop_list ';'

    $default  reduce using rule 357 ($@53)

    $@53  go to state 487


State 273

  349 via_option: via_viarule •

    $default  reduce using rule 349 (via_option)


State 274

  333 via: start_via $@48 via_option • end_via

    K_END  shift, and go to state 488

    end_via  go to state 489


State 275

  350 via_option: via_other_options •

    $default  reduce using rule 350 (via_option)


State 276

  351 via_other_options: via_other_option • via_more_options

    $default  reduce using rule 352 (via_more_options)

    via_more_options  go to state 490


State 277

  354 via_other_option: via_foreign •

    $default  reduce using rule 354 (via_other_option)


State 278

  365 via_foreign: start_foreign • ';'
  366            | start_foreign • pt ';'
  367            | start_foreign • pt orientation ';'
  368            | start_foreign • orientation ';'

    NUMBER   shift, and go to state 93
    K_N      shift, and go to state 491
    K_S      shift, and go to state 492
    K_E      shift, and go to state 493
    K_W      shift, and go to state 494
    K_FN     shift, and go to state 495
    K_FS     shift, and go to state 496
    K_FE     shift, and go to state 497
    K_FW     shift, and go to state 498
    K_R0     shift, and go to state 499
    K_R90    shift, and go to state 500
    K_R180   shift, and go to state 501
    K_R270   shift, and go to state 502
    K_MX     shift, and go to state 503
    K_MY     shift, and go to state 504
    K_MXR90  shift, and go to state 505
    K_MYR90  shift, and go to state 506
    ';'      shift, and go to state 507
    '('      shift, and go to state 508

    int_number   go to state 509
    orientation  go to state 510
    pt           go to state 511


State 279

  355 via_other_option: via_layer_rule •

    $default  reduce using rule 355 (via_other_option)


State 280

  387 via_layer_rule: via_layer • via_geometries

    $default  reduce using rule 390 (via_geometries)

    via_geometries  go to state 512


State 281

  403 viarule_generate_default: K_DEFAULT •

    $default  reduce using rule 403 (viarule_generate_default)


State 282

  401 viarule_generate: viarule_keyword K_GENERATE viarule_generate_default • $@59 viarule_layer_list opt_viarule_props end_viarule

    $default  reduce using rule 400 ($@59)

    $@59  go to state 513


State 283

  422 viarule_layer_name: K_LAYER $@61 • T_STRING ';'

    T_STRING  shift, and go to state 514


State 284

  405 viarule_layer_list: viarule_layer_list viarule_layer •

    $default  reduce using rule 405 (viarule_layer_list)


State 285

  399 viarule: viarule_keyword viarule_layer_list via_names • opt_viarule_props end_viarule
  419 via_names: via_names • via_name

    K_VIA       shift, and go to state 16
    T_STRING    shift, and go to state 515
    K_PROPERTY  shift, and go to state 516

    $default  reduce using rule 406 (opt_viarule_props)

    via_keyword        go to state 517
    opt_viarule_props  go to state 518
    viarule_props      go to state 519
    viarule_prop       go to state 520
    via_name           go to state 521


State 286

  417 viarule_layer: viarule_layer_name viarule_layer_options •
  424 viarule_layer_options: viarule_layer_options • viarule_layer_option

    K_DIRECTION      shift, and go to state 522
    K_METALOVERHANG  shift, and go to state 523
    K_OVERHANG       shift, and go to state 524
    K_RECT           shift, and go to state 525
    K_RESISTANCE     shift, and go to state 526
    K_SPACING        shift, and go to state 527
    K_WIDTH          shift, and go to state 528
    K_ENCLOSURE      shift, and go to state 529

    $default  reduce using rule 417 (viarule_layer)

    viarule_layer_option  go to state 530


State 287

  438 end_spacing: K_END • K_SPACING

    K_SPACING  shift, and go to state 531


State 288

  443 samenet_keyword: K_SAMENET •

    $default  reduce using rule 443 (samenet_keyword)


State 289

  436 spacing_rule: start_spacing spacings end_spacing •

    $default  reduce using rule 436 (spacing_rule)


State 290

  440 spacings: spacings spacing •

    $default  reduce using rule 440 (spacings)


State 291

  441 spacing: samenet_keyword • T_STRING T_STRING int_number ';'
  442        | samenet_keyword • T_STRING T_STRING int_number K_STACK ';'

    T_STRING  shift, and go to state 532


State 292

  448 end_irdrop: K_END • K_IRDROP

    K_IRDROP  shift, and go to state 533


State 293

  455 ir_tablename: K_TABLE • T_STRING

    T_STRING  shift, and go to state 534


State 294

  446 irdrop: start_irdrop ir_tables end_irdrop •

    $default  reduce using rule 446 (irdrop)


State 295

  450 ir_tables: ir_tables ir_table •

    $default  reduce using rule 450 (ir_tables)


State 296

  451 ir_table: ir_tablename • ir_table_values ';'

    $default  reduce using rule 452 (ir_table_values)

    ir_table_values  go to state 535


State 297

  514 site_class: K_CLASS • K_PAD ';'
  515           | K_CLASS • K_CORE ';'
  516           | K_CLASS • K_VIRTUAL ';'

    K_CORE     shift, and go to state 536
    K_PAD      shift, and go to state 537
    K_VIRTUAL  shift, and go to state 538


State 298

  505 end_site: K_END • $@75 T_STRING

    $default  reduce using rule 504 ($@75)

    $@75  go to state 539


State 299

  508 site_option: K_SIZE • int_number K_BY int_number ';'

    NUMBER  shift, and go to state 93

    int_number  go to state 540


State 300

  517 site_symmetry_statement: K_SYMMETRY • site_symmetries ';'

    $default  reduce using rule 518 (site_symmetries)

    site_symmetries  go to state 541


State 301

  513 site_prop: K_PROPERTY • prop_name_value ';'

    $default  reduce using rule 799 ($@100)

    prop_name_value  go to state 542
    $@100            go to state 543


State 302

  524 site_rowpattern_statement: K_ROWPATTERN • $@76 site_rowpatterns ';'

    $default  reduce using rule 523 ($@76)

    $@76  go to state 544


State 303

  501 site: start_site site_options end_site •

    $default  reduce using rule 501 (site)


State 304

  507 site_options: site_options site_option •

    $default  reduce using rule 507 (site_options)


State 305

  512 site_option: site_prop •

    $default  reduce using rule 512 (site_option)


State 306

  510 site_option: site_class •

    $default  reduce using rule 510 (site_option)


State 307

  509 site_option: site_symmetry_statement •

    $default  reduce using rule 509 (site_option)


State 308

  511 site_option: site_rowpattern_statement •

    $default  reduce using rule 511 (site_option)


State 309

  573 macro_class: K_CLASS • class_type ';'

    K_BLOCK    shift, and go to state 545
    K_CORE     shift, and go to state 546
    K_CORNER   shift, and go to state 547
    K_COVER    shift, and go to state 548
    K_ENDCAP   shift, and go to state 549
    K_PAD      shift, and go to state 550
    K_RING     shift, and go to state 551
    K_VIRTUAL  shift, and go to state 552
    K_NONE     shift, and go to state 553
    K_BUMP     shift, and go to state 554

    class_type  go to state 555


State 310

  845 macro_clocktype: K_CLOCKTYPE • $@109 T_STRING ';'

    $default  reduce using rule 844 ($@109)

    $@109  go to state 556


State 311

  628 macro_eeq: K_EEQ • $@83 T_STRING ';'

    $default  reduce using rule 627 ($@83)

    $@83  go to state 557


State 312

  616 macro_generate: K_GENERATE • T_STRING T_STRING ';'

    T_STRING  shift, and go to state 558


State 313

  615 macro_generator: K_GENERATOR • T_STRING ';'

    T_STRING  shift, and go to state 559


State 314

  630 macro_leq: K_LEQ • $@84 T_STRING ';'

    $default  reduce using rule 629 ($@84)

    $@84  go to state 560


State 315

  834 start_macro_obs: K_OBS •

    $default  reduce using rule 834 (start_macro_obs)


State 316

  621 macro_origin: K_ORIGIN • pt ';'

    NUMBER  shift, and go to state 93
    '('     shift, and go to state 508

    int_number  go to state 509
    pt          go to state 561


State 317

  638 start_macro_pin: K_PIN • $@85 T_STRING

    $default  reduce using rule 637 ($@85)

    $@85  go to state 562


State 318

  620 macro_power: K_POWER • int_number ';'

    NUMBER  shift, and go to state 93

    int_number  go to state 563


State 319

  633 macro_site_word: K_SITE •

    $default  reduce using rule 633 (macro_site_word)


State 320

  635 macro_size: K_SIZE • int_number K_BY int_number ';'

    NUMBER  shift, and go to state 93

    int_number  go to state 564


State 321

  617 macro_source: K_SOURCE • K_USER ';'
  618             | K_SOURCE • K_GENERATE ';'
  619             | K_SOURCE • K_BLOCK ';'

    K_BLOCK     shift, and go to state 565
    K_GENERATE  shift, and go to state 566
    K_USER      shift, and go to state 567


State 322

  564 macro_symmetry_statement: K_SYMMETRY • macro_symmetries ';'

    $default  reduce using rule 565 (macro_symmetries)

    macro_symmetries  go to state 568


State 323

  847 start_timing: K_TIMING •

    $default  reduce using rule 847 (start_timing)


State 324

  561 macro_option: K_PROPERTY • $@81 macro_prop_list ';'

    $default  reduce using rule 560 ($@81)

    $@81  go to state 569


State 325

  554 macro_option: K_FUNCTION • K_BUFFER ';'
  555             | K_FUNCTION • K_INVERTER ';'

    K_BUFFER    shift, and go to state 570
    K_INVERTER  shift, and go to state 571


State 326

  626 macro_fixedMask: K_FIXEDMASK • ';'

    ';'  shift, and go to state 572


State 327

  835 macro_density: K_DENSITY • density_layer density_layers K_END

    K_LAYER  shift, and go to state 573

    density_layer  go to state 574


State 328

  607 macro_obsspacing: K_OBSSPACING • obsspacing_opt obsspaicing_layers ';'

    NUMBER     shift, and go to state 575
    K_FULLDRC  shift, and go to state 576
    K_MIN      shift, and go to state 577

    obsspacing_opt  go to state 578


State 329

  622 macro_foreign: start_foreign • ';'
  623              | start_foreign • pt ';'
  624              | start_foreign • pt orientation ';'
  625              | start_foreign • orientation ';'

    NUMBER   shift, and go to state 93
    K_N      shift, and go to state 491
    K_S      shift, and go to state 492
    K_E      shift, and go to state 493
    K_W      shift, and go to state 494
    K_FN     shift, and go to state 495
    K_FS     shift, and go to state 496
    K_FE     shift, and go to state 497
    K_FW     shift, and go to state 498
    K_R0     shift, and go to state 499
    K_R90    shift, and go to state 500
    K_R180   shift, and go to state 501
    K_R270   shift, and go to state 502
    K_MX     shift, and go to state 503
    K_MY     shift, and go to state 504
    K_MXR90  shift, and go to state 505
    K_MYR90  shift, and go to state 506
    ';'      shift, and go to state 579
    '('      shift, and go to state 508

    int_number   go to state 509
    orientation  go to state 580
    pt           go to state 581


State 330

  532 macro: start_macro macro_options $@78 • end_macro

    K_END  shift, and go to state 582

    end_macro  go to state 583


State 331

  538 macro_options: macro_options macro_option •

    $default  reduce using rule 538 (macro_options)


State 332

  544 macro_option: macro_symmetry_statement •

    $default  reduce using rule 544 (macro_option)


State 333

  539 macro_option: macro_class •

    $default  reduce using rule 539 (macro_option)


State 334

  540 macro_option: macro_obsspacing •

    $default  reduce using rule 540 (macro_option)


State 335

  541 macro_option: macro_generator •

    $default  reduce using rule 541 (macro_option)


State 336

  542 macro_option: macro_generate •

    $default  reduce using rule 542 (macro_option)


State 337

  543 macro_option: macro_source •

    $default  reduce using rule 543 (macro_option)


State 338

  547 macro_option: macro_power •

    $default  reduce using rule 547 (macro_option)


State 339

  546 macro_option: macro_origin •

    $default  reduce using rule 546 (macro_option)


State 340

  548 macro_option: macro_foreign •

    $default  reduce using rule 548 (macro_option)


State 341

  545 macro_option: macro_fixedMask •

    $default  reduce using rule 545 (macro_option)


State 342

  549 macro_option: macro_eeq •

    $default  reduce using rule 549 (macro_option)


State 343

  550 macro_option: macro_leq •

    $default  reduce using rule 550 (macro_option)


State 344

  552 macro_option: macro_site •

    $default  reduce using rule 552 (macro_option)


State 345

  631 macro_site: macro_site_word • T_STRING ';'
  632           | macro_site_word • sitePattern ';'

    T_STRING  shift, and go to state 584

    sitePattern  go to state 585


State 346

  551 macro_option: macro_size •

    $default  reduce using rule 551 (macro_option)


State 347

  553 macro_option: macro_pin •

    $default  reduce using rule 553 (macro_option)


State 348

  636 macro_pin: start_macro_pin • macro_pin_options end_macro_pin

    $default  reduce using rule 641 (macro_pin_options)

    macro_pin_options  go to state 586


State 349

  556 macro_option: macro_obs •

    $default  reduce using rule 556 (macro_option)


State 350

  832 macro_obs: start_macro_obs • geometries K_END
  833          | start_macro_obs • K_END

    K_END      shift, and go to state 587
    K_LAYER    shift, and go to state 588
    K_PATH     shift, and go to state 589
    K_POLYGON  shift, and go to state 590
    K_RECT     shift, and go to state 591
    K_VIA      shift, and go to state 592
    K_WIDTH    shift, and go to state 593

    geometries     go to state 594
    geometry       go to state 595
    via_placement  go to state 596


State 351

  557 macro_option: macro_density •

    $default  reduce using rule 557 (macro_option)


State 352

  558 macro_option: macro_clocktype •

    $default  reduce using rule 558 (macro_option)


State 353

  559 macro_option: timing •

    $default  reduce using rule 559 (macro_option)


State 354

  846 timing: start_timing • timing_options end_timing

    $default  reduce using rule 849 (timing_options)

    timing_options  go to state 597


State 355

  634 site_word: K_SITE •

    $default  reduce using rule 634 (site_word)


State 356

  919 array_rule: K_CANPLACE • $@117 sitePattern ';'

    $default  reduce using rule 918 ($@117)

    $@117  go to state 598


State 357

  921 array_rule: K_CANNOTOCCUPY • $@118 sitePattern ';'

    $default  reduce using rule 920 ($@118)

    $@118  go to state 599


State 358

  923 array_rule: K_TRACKS • $@119 trackPattern ';'

    $default  reduce using rule 922 ($@119)

    $@119  go to state 600


State 359

  928 floorplan_start: K_FLOORPLAN • T_STRING

    T_STRING  shift, and go to state 601


State 360

  926 array_rule: K_GCELLGRID • $@120 gcellPattern ';'

    $default  reduce using rule 925 ($@120)

    $@120  go to state 602


State 361

  927 array_rule: K_DEFAULTCAP • int_number cap_list K_END K_DEFAULTCAP

    NUMBER  shift, and go to state 93

    int_number  go to state 603


State 362

  917 array_rule: site_word • $@116 sitePattern ';'

    $default  reduce using rule 916 ($@116)

    $@116  go to state 604


State 363

  909 array: start_array array_rules $@113 • end_array

    K_END  shift, and go to state 605

    end_array  go to state 606


State 364

  915 array_rules: array_rules array_rule •

    $default  reduce using rule 915 (array_rules)


State 365

  924 array_rule: floorplan_start • floorplan_list K_END T_STRING

    $default  reduce using rule 929 (floorplan_list)

    floorplan_list  go to state 607


State 366

   11 end_library: K_END K_LIBRARY •

    $default  reduce using rule 11 (end_library)


State 367

  456 minfeature: K_MINFEATURE int_number int_number ';' •

    $default  reduce using rule 456 (minfeature)


State 368

  461 nondefault_rule: K_NONDEFAULTRULE $@63 T_STRING $@64 • nd_hardspacing nd_rules $@65 end_nd_rule

    K_HARDSPACING  shift, and go to state 608

    $default  reduce using rule 464 (nd_hardspacing)

    nd_hardspacing  go to state 609


State 369

  986 prop_def_section: K_PROPDEF $@125 prop_stmts K_END • K_PROPDEF

    K_PROPDEF  shift, and go to state 610


State 370

  992 prop_stmt: K_COMPONENTPIN • $@127 T_STRING prop_define ';'

    $default  reduce using rule 991 ($@127)

    $@127  go to state 611


State 371

  1002 prop_stmt: K_LAYER • $@132 T_STRING prop_define ';'

    $default  reduce using rule 1001 ($@132)

    $@132  go to state 612


State 372

  990 prop_stmt: K_LIBRARY • $@126 T_STRING prop_define ';'

    $default  reduce using rule 989 ($@126)

    $@126  go to state 613


State 373

  996 prop_stmt: K_MACRO • $@129 T_STRING prop_define ';'

    $default  reduce using rule 995 ($@129)

    $@129  go to state 614


State 374

  1004 prop_stmt: K_NONDEFAULTRULE • $@133 T_STRING prop_define ';'

    $default  reduce using rule 1003 ($@133)

    $@133  go to state 615


State 375

  994 prop_stmt: K_PIN • $@128 T_STRING prop_define ';'

    $default  reduce using rule 993 ($@128)

    $@128  go to state 616


State 376

  1008 prop_stmt: K_SITE • $@135 T_STRING prop_define ';'

    $default  reduce using rule 1007 ($@135)

    $@135  go to state 617


State 377

  1006 prop_stmt: K_PORTOBS • $@134 T_STRING prop_define ';'

    $default  reduce using rule 1005 ($@134)

    $@134  go to state 618


State 378

  998 prop_stmt: K_VIA • $@130 T_STRING prop_define ';'

    $default  reduce using rule 997 ($@130)

    $@130  go to state 619


State 379

  1000 prop_stmt: K_VIARULE • $@131 T_STRING prop_define ';'

    $default  reduce using rule 999 ($@131)

    $@131  go to state 620


State 380

  988 prop_stmts: prop_stmts prop_stmt •

    $default  reduce using rule 988 (prop_stmts)


State 381

    3 version: K_VERSION $@1 T_STRING ';' •

    $default  reduce using rule 3 (version)


State 382

  1062 universalnoisemargin: K_UNIVERSALNOISEMARGIN int_number int_number ';' •

    $default  reduce using rule 1062 (universalnoisemargin)


State 383

  1084 correctiontable: K_CORRECTIONTABLE int_number ';' $@148 • correction_table_list end_correctiontable dtrm

    K_EDGERATE          shift, and go to state 621
    K_OUTPUTRESISTANCE  shift, and go to state 622

    correction_table_list  go to state 623
    correction_table_item  go to state 624
    output_list            go to state 625


State 384

  1067 noisetable: K_NOISETABLE int_number $@145 ';' • noise_table_list end_noisetable dtrm

    K_EDGERATE          shift, and go to state 626
    K_OUTPUTRESISTANCE  shift, and go to state 627

    noise_table_list         go to state 628
    noise_table_entry        go to state 629
    output_resistance_entry  go to state 630


State 385

  939 msg_statement: K_MESSAGE $@123 T_STRING '=' • s_expr dtrm

    QSTRING  shift, and go to state 631
    K_IF     shift, and go to state 632
    '('      shift, and go to state 633

    s_expr  go to state 634


State 386

  941 create_file_statement: K_CREATEFILE $@124 T_STRING '=' • s_expr dtrm

    QSTRING  shift, and go to state 631
    K_IF     shift, and go to state 632
    '('      shift, and go to state 633

    s_expr  go to state 635


State 387

   56 useminspacing: K_USEMINSPACING spacing_type spacing_value ';' •

    $default  reduce using rule 56 (useminspacing)


State 388

  331 maxstack_via: K_MAXVIASTACK int_number K_RANGE $@47 • T_STRING T_STRING ';'

    T_STRING  shift, and go to state 636


State 389

   69 units_rule: K_CAPACITANCE K_PICOFARADS • int_number ';'

    NUMBER  shift, and go to state 93

    int_number  go to state 637


State 390

   72 units_rule: K_CURRENT K_MILLIAMPS • int_number ';'

    NUMBER  shift, and go to state 93

    int_number  go to state 638


State 391

   74 units_rule: K_DATABASE K_MICRONS • int_number ';'

    NUMBER  shift, and go to state 93

    int_number  go to state 639


State 392

   64 units_section: start_units units_rules K_END K_UNITS •

    $default  reduce using rule 64 (units_section)


State 393

   71 units_rule: K_POWER K_MILLIWATTS • int_number ';'

    NUMBER  shift, and go to state 93

    int_number  go to state 640


State 394

   70 units_rule: K_RESISTANCE K_OHMS • int_number ';'

    NUMBER  shift, and go to state 93

    int_number  go to state 641


State 395

   68 units_rule: K_TIME K_NANOSECONDS • int_number ';'

    NUMBER  shift, and go to state 93

    int_number  go to state 642


State 396

   73 units_rule: K_VOLTAGE K_VOLTS • int_number ';'

    NUMBER  shift, and go to state 93

    int_number  go to state 643


State 397

   75 units_rule: K_FREQUENCY K_MEGAHERTZ • NUMBER ';'

    NUMBER  shift, and go to state 644


State 398

   98 layer_option: K_AREA NUMBER • ';'

    ';'  shift, and go to state 645


State 399

  106 layer_option: K_CAPACITANCE K_CPERSQDIST • int_number ';'
  107             | K_CAPACITANCE K_CPERSQDIST • K_PWL '(' cap_points ')' ';'

    NUMBER  shift, and go to state 93
    K_PWL   shift, and go to state 646

    int_number  go to state 647


State 400

  112 layer_option: K_CAPMULTIPLIER int_number • ';'

    ';'  shift, and go to state 648


State 401

  278 layer_direction: K_HORIZONTAL •

    $default  reduce using rule 278 (layer_direction)


State 402

  279 layer_direction: K_VERTICAL •

    $default  reduce using rule 279 (layer_direction)


State 403

  280 layer_direction: K_DIAG45 •

    $default  reduce using rule 280 (layer_direction)


State 404

  281 layer_direction: K_DIAG135 •

    $default  reduce using rule 281 (layer_direction)


State 405

  103 layer_option: K_DIRECTION layer_direction • ';'

    ';'  shift, and go to state 649


State 406

  113 layer_option: K_EDGECAPACITANCE int_number • ';'

    ';'  shift, and go to state 650


State 407

   80 end_layer: K_END $@3 • T_STRING

    T_STRING  shift, and go to state 651


State 408

  108 layer_option: K_HEIGHT int_number • ';'

    ';'  shift, and go to state 652


State 409

   93 layer_option: K_OFFSET int_number • ';'
   94             | K_OFFSET int_number • int_number ';'

    NUMBER  shift, and go to state 93
    ';'     shift, and go to state 653

    int_number  go to state 654


State 410

   89 layer_option: K_PITCH int_number • ';'
   90             | K_PITCH int_number • int_number ';'

    NUMBER  shift, and go to state 93
    ';'     shift, and go to state 655

    int_number  go to state 656


State 411

  104 layer_option: K_RESISTANCE K_RPERSQ • int_number ';'
  105             | K_RESISTANCE K_RPERSQ • K_PWL '(' res_points ')' ';'

    NUMBER  shift, and go to state 93
    K_PWL   shift, and go to state 657

    int_number  go to state 658


State 412

  182 layer_option: K_RESISTANCE int_number • ';'

    ';'  shift, and go to state 659


State 413

  111 layer_option: K_SHRINKAGE int_number • ';'

    ';'  shift, and go to state 660


State 414

  100 layer_option: K_SPACING int_number • $@6 layer_spacing_opts layer_spacing_cut_routing ';'

    $default  reduce using rule 99 ($@6)

    $@6  go to state 661


State 415

  110 layer_option: K_THICKNESS int_number • ';'

    ';'  shift, and go to state 662


State 416

  273 layer_type: K_CUT •

    $default  reduce using rule 273 (layer_type)


State 417

  274 layer_type: K_OVERLAP •

    $default  reduce using rule 274 (layer_type)


State 418

  272 layer_type: K_ROUTING •

    $default  reduce using rule 272 (layer_type)


State 419

  275 layer_type: K_MASTERSLICE •

    $default  reduce using rule 275 (layer_type)


State 420

  276 layer_type: K_VIRTUAL •

    $default  reduce using rule 276 (layer_type)


State 421

  277 layer_type: K_IMPLANT •

    $default  reduce using rule 277 (layer_type)


State 422

   87 layer_option: K_TYPE layer_type • ';'

    ';'  shift, and go to state 663


State 423

   97 layer_option: K_WIDTH int_number • ';'

    ';'  shift, and go to state 664


State 424

  119 layer_option: K_PROPERTY $@8 • layer_prop_list ';'

    T_STRING  shift, and go to state 665

    layer_prop_list  go to state 666
    layer_prop       go to state 667


State 425

  116 layer_option: K_CURRENTDEN K_PWL • '(' current_density_pwl_list ')' ';'

    '('  shift, and go to state 668


State 426

  117 layer_option: K_CURRENTDEN '(' • int_number int_number ')' ';'

    NUMBER  shift, and go to state 93

    int_number  go to state 669


State 427

  115 layer_option: K_CURRENTDEN int_number • ';'

    ';'  shift, and go to state 670


State 428

  114 layer_option: K_ANTENNALENGTHFACTOR int_number • ';'

    ';'  shift, and go to state 671


State 429

  109 layer_option: K_WIREEXTENSION int_number • ';'

    ';'  shift, and go to state 672


State 430

  241 layer_table_type: K_AVERAGE •

    $default  reduce using rule 241 (layer_table_type)


State 431

  240 layer_table_type: K_PEAK •

    $default  reduce using rule 240 (layer_table_type)


State 432

  242 layer_table_type: K_RMS •

    $default  reduce using rule 242 (layer_table_type)


State 433

  121 layer_option: K_ACCURRENTDENSITY layer_table_type • $@9 layer_frequency
  122             | K_ACCURRENTDENSITY layer_table_type • int_number ';'

    NUMBER  shift, and go to state 93

    $default  reduce using rule 120 ($@9)

    int_number  go to state 673
    $@9         go to state 674


State 434

  123 layer_option: K_DCCURRENTDENSITY K_AVERAGE • int_number ';'
  126             | K_DCCURRENTDENSITY K_AVERAGE • K_CUTAREA NUMBER $@10 number_list ';' $@11 dc_layer_table
  129             | K_DCCURRENTDENSITY K_AVERAGE • K_WIDTH int_number $@12 int_number_list ';' $@13 dc_layer_table

    K_WIDTH    shift, and go to state 675
    NUMBER     shift, and go to state 93
    K_CUTAREA  shift, and go to state 676

    int_number  go to state 677


State 435

  130 layer_option: K_ANTENNAAREARATIO int_number • ';'

    ';'  shift, and go to state 678


State 436

  132 layer_option: K_ANTENNADIFFAREARATIO $@14 • layer_antenna_pwl ';'

    NUMBER  shift, and go to state 93
    K_PWL   shift, and go to state 679

    int_number         go to state 680
    layer_antenna_pwl  go to state 681


State 437

  133 layer_option: K_ANTENNACUMAREARATIO int_number • ';'

    ';'  shift, and go to state 682


State 438

  135 layer_option: K_ANTENNACUMDIFFAREARATIO $@15 • layer_antenna_pwl ';'

    NUMBER  shift, and go to state 93
    K_PWL   shift, and go to state 679

    int_number         go to state 680
    layer_antenna_pwl  go to state 683


State 439

  137 layer_option: K_ANTENNAAREAFACTOR int_number • $@16 layer_antenna_duo ';'

    $default  reduce using rule 136 ($@16)

    $@16  go to state 684


State 440

  138 layer_option: K_ANTENNASIDEAREARATIO int_number • ';'

    ';'  shift, and go to state 685


State 441

  140 layer_option: K_ANTENNADIFFSIDEAREARATIO $@17 • layer_antenna_pwl ';'

    NUMBER  shift, and go to state 93
    K_PWL   shift, and go to state 679

    int_number         go to state 680
    layer_antenna_pwl  go to state 686


State 442

  141 layer_option: K_ANTENNACUMSIDEAREARATIO int_number • ';'

    ';'  shift, and go to state 687


State 443

  143 layer_option: K_ANTENNACUMDIFFSIDEAREARATIO $@18 • layer_antenna_pwl ';'

    NUMBER  shift, and go to state 93
    K_PWL   shift, and go to state 679

    int_number         go to state 680
    layer_antenna_pwl  go to state 688


State 444

  145 layer_option: K_ANTENNASIDEAREAFACTOR int_number • $@19 layer_antenna_duo ';'

    $default  reduce using rule 144 ($@19)

    $@19  go to state 689


State 445

   83 layer_option: K_MANUFACTURINGGRID int_number • ';'

    ';'  shift, and go to state 690


State 446

  154 layer_option: K_SLOTWIREWIDTH int_number • ';'

    ';'  shift, and go to state 691


State 447

  155 layer_option: K_SLOTWIRELENGTH int_number • ';'

    ';'  shift, and go to state 692


State 448

  156 layer_option: K_SLOTWIDTH int_number • ';'

    ';'  shift, and go to state 693


State 449

  157 layer_option: K_SLOTLENGTH int_number • ';'

    ';'  shift, and go to state 694


State 450

  158 layer_option: K_MAXADJACENTSLOTSPACING int_number • ';'

    ';'  shift, and go to state 695


State 451

  159 layer_option: K_MAXCOAXIALSLOTSPACING int_number • ';'

    ';'  shift, and go to state 696


State 452

  160 layer_option: K_MAXEDGESLOTSPACING int_number • ';'

    ';'  shift, and go to state 697


State 453

  161 layer_option: K_SPLITWIREWIDTH int_number • ';'

    ';'  shift, and go to state 698


State 454

  162 layer_option: K_MINIMUMDENSITY int_number • ';'

    ';'  shift, and go to state 699


State 455

  163 layer_option: K_MAXIMUMDENSITY int_number • ';'

    ';'  shift, and go to state 700


State 456

  164 layer_option: K_DENSITYCHECKWINDOW int_number • int_number ';'

    NUMBER  shift, and go to state 93

    int_number  go to state 701


State 457

  165 layer_option: K_DENSITYCHECKSTEP int_number • ';'

    ';'  shift, and go to state 702


State 458

  166 layer_option: K_FILLACTIVESPACING int_number • ';'

    ';'  shift, and go to state 703


State 459

  172 layer_option: K_MINIMUMCUT int_number • K_WIDTH int_number $@24 layer_minimumcut_within layer_minimumcut_from layer_minimumcut_length ';'

    K_WIDTH  shift, and go to state 704


State 460

  147 layer_option: K_ANTENNAMODEL $@20 • layer_oxide ';'

    K_OXIDE1   shift, and go to state 705
    K_OXIDE2   shift, and go to state 706
    K_OXIDE3   shift, and go to state 707
    K_OXIDE4   shift, and go to state 708
    K_OXIDE5   shift, and go to state 709
    K_OXIDE6   shift, and go to state 710
    K_OXIDE7   shift, and go to state 711
    K_OXIDE8   shift, and go to state 712
    K_OXIDE9   shift, and go to state 713
    K_OXIDE10  shift, and go to state 714
    K_OXIDE11  shift, and go to state 715
    K_OXIDE12  shift, and go to state 716
    K_OXIDE13  shift, and go to state 717
    K_OXIDE14  shift, and go to state 718
    K_OXIDE15  shift, and go to state 719
    K_OXIDE16  shift, and go to state 720
    K_OXIDE17  shift, and go to state 721
    K_OXIDE18  shift, and go to state 722
    K_OXIDE19  shift, and go to state 723
    K_OXIDE20  shift, and go to state 724
    K_OXIDE21  shift, and go to state 725
    K_OXIDE22  shift, and go to state 726
    K_OXIDE23  shift, and go to state 727
    K_OXIDE24  shift, and go to state 728
    K_OXIDE25  shift, and go to state 729
    K_OXIDE26  shift, and go to state 730
    K_OXIDE27  shift, and go to state 731
    K_OXIDE28  shift, and go to state 732
    K_OXIDE29  shift, and go to state 733
    K_OXIDE30  shift, and go to state 734
    K_OXIDE31  shift, and go to state 735
    K_OXIDE32  shift, and go to state 736

    layer_oxide  go to state 737


State 461

  207 layer_enclosure_type_opt: K_ABOVE •

    $default  reduce using rule 207 (layer_enclosure_type_opt)


State 462

  208 layer_enclosure_type_opt: K_BELOW •

    $default  reduce using rule 208 (layer_enclosure_type_opt)


State 463

  179 layer_option: K_ENCLOSURE layer_enclosure_type_opt • int_number int_number $@27 layer_enclosure_width_opt ';'

    NUMBER  shift, and go to state 93

    int_number  go to state 738


State 464

  167 layer_option: K_MAXWIDTH int_number • ';'

    ';'  shift, and go to state 739


State 465

  170 layer_option: K_MINENCLOSEDAREA NUMBER • $@23 layer_minen_width ';'

    $default  reduce using rule 169 ($@23)

    $@23  go to state 740


State 466

  174 layer_option: K_MINSTEP int_number • $@25 layer_minstep_options ';'

    $default  reduce using rule 173 ($@25)

    $@25  go to state 741


State 467

  168 layer_option: K_MINWIDTH int_number • ';'

    ';'  shift, and go to state 742


State 468

  175 layer_option: K_PROTRUSIONWIDTH int_number • K_LENGTH int_number K_WIDTH int_number ';'

    K_LENGTH  shift, and go to state 743


State 469

  102 layer_option: K_SPACINGTABLE K_ORTHOGONAL • K_WITHIN int_number K_SPACING int_number $@7 layer_spacingtable_opts ';'

    K_WITHIN  shift, and go to state 744


State 470

  177 layer_option: K_SPACINGTABLE $@26 • sp_options ';'

    K_INFLUENCE          shift, and go to state 745
    K_PARALLELRUNLENGTH  shift, and go to state 746
    K_TWOWIDTHS          shift, and go to state 747

    sp_options  go to state 748


State 471

   88 layer_option: K_MASK int_number • ';'

    ';'  shift, and go to state 749


State 472

  183 layer_option: K_DIAGMINEDGELENGTH int_number • ';'

    ';'  shift, and go to state 750


State 473

   96 layer_option: K_DIAGSPACING int_number • ';'

    ';'  shift, and go to state 751


State 474

   91 layer_option: K_DIAGPITCH int_number • ';'
   92             | K_DIAGPITCH int_number • int_number ';'

    NUMBER  shift, and go to state 93
    ';'     shift, and go to state 752

    int_number  go to state 753


State 475

   95 layer_option: K_DIAGWIDTH int_number • ';'

    ';'  shift, and go to state 754


State 476

  185 layer_option: K_MINSIZE $@29 • firstPt otherPts ';'

    NUMBER  shift, and go to state 93
    '('     shift, and go to state 508

    int_number  go to state 509
    pt          go to state 755
    firstPt     go to state 756


State 477

  181 layer_option: K_PREFERENCLOSURE layer_enclosure_type_opt • int_number int_number $@28 layer_preferenclosure_width_opt ';'

    NUMBER  shift, and go to state 93

    int_number  go to state 757


State 478

   86 layer_option: K_ARRAYSPACING $@4 • layer_arraySpacing_long layer_arraySpacing_width K_CUTSPACING int_number $@5 layer_arraySpacing_arraycuts ';'

    K_LONGARRAY  shift, and go to state 758

    $default  reduce using rule 186 (layer_arraySpacing_long)

    layer_arraySpacing_long  go to state 759


State 479

  153 layer_option: K_ANTENNAAREADIFFREDUCEPWL '(' • pt pt $@21 layer_diffusion_ratios ')' ';' $@22

    NUMBER  shift, and go to state 93
    '('     shift, and go to state 508

    int_number  go to state 509
    pt          go to state 760


State 480

  150 layer_option: K_ANTENNAAREAMINUSDIFF int_number • ';'

    ';'  shift, and go to state 761


State 481

  148 layer_option: K_ANTENNACUMROUTINGPLUSCUT ';' •

    $default  reduce using rule 148 (layer_option)


State 482

  149 layer_option: K_ANTENNAGATEPLUSDIFF int_number • ';'

    ';'  shift, and go to state 762


State 483

  370 start_foreign: K_FOREIGN $@54 • T_STRING

    T_STRING  shift, and go to state 763


State 484

  389 via_layer: K_LAYER $@55 • T_STRING ';'

    T_STRING  shift, and go to state 764


State 485

  356 via_other_option: K_RESISTANCE int_number • ';'

    ';'  shift, and go to state 765


State 486

  341 via_viarule: K_VIARULE $@49 • T_STRING ';' K_CUTSIZE int_number int_number ';' K_LAYERS $@50 T_STRING T_STRING T_STRING ';' K_CUTSPACING int_number int_number ';' K_ENCLOSURE int_number int_number int_number int_number ';' $@51 via_viarule_options

    T_STRING  shift, and go to state 766


State 487

  358 via_other_option: K_PROPERTY $@53 • via_prop_list ';'

    T_STRING  shift, and go to state 767

    via_prop_list        go to state 768
    via_name_value_pair  go to state 769


State 488

  396 end_via: K_END • $@57 T_STRING

    $default  reduce using rule 395 ($@57)

    $@57  go to state 770


State 489

  333 via: start_via $@48 via_option end_via •

    $default  reduce using rule 333 (via)


State 490

  351 via_other_options: via_other_option via_more_options •
  353 via_more_options: via_more_options • via_other_option

    K_FOREIGN         shift, and go to state 267
    K_LAYER           shift, and go to state 268
    K_RESISTANCE      shift, and go to state 269
    K_TOPOFSTACKONLY  shift, and go to state 270
    K_PROPERTY        shift, and go to state 272

    $default  reduce using rule 351 (via_other_options)

    via_other_option  go to state 771
    via_foreign       go to state 277
    start_foreign     go to state 278
    via_layer_rule    go to state 279
    via_layer         go to state 280


State 491

  371 orientation: K_N •

    $default  reduce using rule 371 (orientation)


State 492

  373 orientation: K_S •

    $default  reduce using rule 373 (orientation)


State 493

  374 orientation: K_E •

    $default  reduce using rule 374 (orientation)


State 494

  372 orientation: K_W •

    $default  reduce using rule 372 (orientation)


State 495

  375 orientation: K_FN •

    $default  reduce using rule 375 (orientation)


State 496

  377 orientation: K_FS •

    $default  reduce using rule 377 (orientation)


State 497

  378 orientation: K_FE •

    $default  reduce using rule 378 (orientation)


State 498

  376 orientation: K_FW •

    $default  reduce using rule 376 (orientation)


State 499

  379 orientation: K_R0 •

    $default  reduce using rule 379 (orientation)


State 500

  380 orientation: K_R90 •

    $default  reduce using rule 380 (orientation)


State 501

  381 orientation: K_R180 •

    $default  reduce using rule 381 (orientation)


State 502

  382 orientation: K_R270 •

    $default  reduce using rule 382 (orientation)


State 503

  385 orientation: K_MX •

    $default  reduce using rule 385 (orientation)


State 504

  383 orientation: K_MY •

    $default  reduce using rule 383 (orientation)


State 505

  386 orientation: K_MXR90 •

    $default  reduce using rule 386 (orientation)


State 506

  384 orientation: K_MYR90 •

    $default  reduce using rule 384 (orientation)


State 507

  365 via_foreign: start_foreign ';' •

    $default  reduce using rule 365 (via_foreign)


State 508

  530 pt: '(' • int_number int_number ')'

    NUMBER  shift, and go to state 93

    int_number  go to state 772


State 509

  529 pt: int_number • int_number

    NUMBER  shift, and go to state 93

    int_number  go to state 773


State 510

  368 via_foreign: start_foreign orientation • ';'

    ';'  shift, and go to state 774


State 511

  366 via_foreign: start_foreign pt • ';'
  367            | start_foreign pt • orientation ';'

    K_N      shift, and go to state 491
    K_S      shift, and go to state 492
    K_E      shift, and go to state 493
    K_W      shift, and go to state 494
    K_FN     shift, and go to state 495
    K_FS     shift, and go to state 496
    K_FE     shift, and go to state 497
    K_FW     shift, and go to state 498
    K_R0     shift, and go to state 499
    K_R90    shift, and go to state 500
    K_R180   shift, and go to state 501
    K_R270   shift, and go to state 502
    K_MX     shift, and go to state 503
    K_MY     shift, and go to state 504
    K_MXR90  shift, and go to state 505
    K_MYR90  shift, and go to state 506
    ';'      shift, and go to state 775

    orientation  go to state 776


State 512

  387 via_layer_rule: via_layer via_geometries •
  391 via_geometries: via_geometries • via_geometry

    K_POLYGON  shift, and go to state 777
    K_RECT     shift, and go to state 778

    $default  reduce using rule 387 (via_layer_rule)

    via_geometry  go to state 779


State 513

  401 viarule_generate: viarule_keyword K_GENERATE viarule_generate_default $@59 • viarule_layer_list opt_viarule_props end_viarule

    K_LAYER  shift, and go to state 137

    viarule_layer_list  go to state 780
    viarule_layer       go to state 139
    viarule_layer_name  go to state 140


State 514

  422 viarule_layer_name: K_LAYER $@61 T_STRING • ';'

    ';'  shift, and go to state 781


State 515

  414 viarule_prop: T_STRING • T_STRING
  415             | T_STRING • QSTRING
  416             | T_STRING • NUMBER

    T_STRING  shift, and go to state 782
    QSTRING   shift, and go to state 783
    NUMBER    shift, and go to state 784


State 516

  411 viarule_prop: K_PROPERTY • $@60 viarule_prop_list ';'

    $default  reduce using rule 410 ($@60)

    $@60  go to state 785


State 517

  420 via_name: via_keyword • T_STRING ';'

    T_STRING  shift, and go to state 786


State 518

  399 viarule: viarule_keyword viarule_layer_list via_names opt_viarule_props • end_viarule

    K_END  shift, and go to state 787

    end_viarule  go to state 788


State 519

  407 opt_viarule_props: viarule_props •
  409 viarule_props: viarule_props • viarule_prop

    T_STRING    shift, and go to state 515
    K_PROPERTY  shift, and go to state 516

    $default  reduce using rule 407 (opt_viarule_props)

    viarule_prop  go to state 789


State 520

  408 viarule_props: viarule_prop •

    $default  reduce using rule 408 (viarule_props)


State 521

  419 via_names: via_names via_name •

    $default  reduce using rule 419 (via_names)


State 522

  425 viarule_layer_option: K_DIRECTION • K_HORIZONTAL ';'
  426                     | K_DIRECTION • K_VERTICAL ';'

    K_HORIZONTAL  shift, and go to state 790
    K_VERTICAL    shift, and go to state 791


State 523

  433 viarule_layer_option: K_METALOVERHANG • int_number ';'

    NUMBER  shift, and go to state 93

    int_number  go to state 792


State 524

  432 viarule_layer_option: K_OVERHANG • int_number ';'

    NUMBER  shift, and go to state 93

    int_number  go to state 793


State 525

  429 viarule_layer_option: K_RECT • pt pt ';'

    NUMBER  shift, and go to state 93
    '('     shift, and go to state 508

    int_number  go to state 509
    pt          go to state 794


State 526

  431 viarule_layer_option: K_RESISTANCE • int_number ';'

    NUMBER  shift, and go to state 93

    int_number  go to state 795


State 527

  430 viarule_layer_option: K_SPACING • int_number K_BY int_number ';'

    NUMBER  shift, and go to state 93

    int_number  go to state 796


State 528

  428 viarule_layer_option: K_WIDTH • int_number K_TO int_number ';'

    NUMBER  shift, and go to state 93

    int_number  go to state 797


State 529

  427 viarule_layer_option: K_ENCLOSURE • int_number int_number ';'

    NUMBER  shift, and go to state 93

    int_number  go to state 798


State 530

  424 viarule_layer_options: viarule_layer_options viarule_layer_option •

    $default  reduce using rule 424 (viarule_layer_options)


State 531

  438 end_spacing: K_END K_SPACING •

    $default  reduce using rule 438 (end_spacing)


State 532

  441 spacing: samenet_keyword T_STRING • T_STRING int_number ';'
  442        | samenet_keyword T_STRING • T_STRING int_number K_STACK ';'

    T_STRING  shift, and go to state 799


State 533

  448 end_irdrop: K_END K_IRDROP •

    $default  reduce using rule 448 (end_irdrop)


State 534

  455 ir_tablename: K_TABLE T_STRING •

    $default  reduce using rule 455 (ir_tablename)


State 535

  451 ir_table: ir_tablename ir_table_values • ';'
  453 ir_table_values: ir_table_values • ir_table_value

    NUMBER  shift, and go to state 93
    ';'     shift, and go to state 800

    int_number      go to state 801
    ir_table_value  go to state 802


State 536

  515 site_class: K_CLASS K_CORE • ';'

    ';'  shift, and go to state 803


State 537

  514 site_class: K_CLASS K_PAD • ';'

    ';'  shift, and go to state 804


State 538

  516 site_class: K_CLASS K_VIRTUAL • ';'

    ';'  shift, and go to state 805


State 539

  505 end_site: K_END $@75 • T_STRING

    T_STRING  shift, and go to state 806


State 540

  508 site_option: K_SIZE int_number • K_BY int_number ';'

    K_BY  shift, and go to state 807


State 541

  517 site_symmetry_statement: K_SYMMETRY site_symmetries • ';'
  519 site_symmetries: site_symmetries • site_symmetry

    K_X    shift, and go to state 808
    K_Y    shift, and go to state 809
    K_R90  shift, and go to state 810
    ';'    shift, and go to state 811

    site_symmetry  go to state 812


State 542

  513 site_prop: K_PROPERTY prop_name_value • ';'

    ';'  shift, and go to state 813


State 543

  800 prop_name_value: $@100 • prop_name_value_pair

    T_STRING  shift, and go to state 814

    prop_name_value_pair  go to state 815


State 544

  524 site_rowpattern_statement: K_ROWPATTERN $@76 • site_rowpatterns ';'

    $default  reduce using rule 525 (site_rowpatterns)

    site_rowpatterns  go to state 816


State 545

  577 class_type: K_BLOCK •
  578           | K_BLOCK • K_BLACKBOX
  579           | K_BLOCK • K_SOFT

    K_BLACKBOX  shift, and go to state 817
    K_SOFT      shift, and go to state 818

    $default  reduce using rule 577 (class_type)


State 546

  585 class_type: K_CORE •
  587           | K_CORE • core_type

    K_FEEDTHRU     shift, and go to state 819
    K_SPACER       shift, and go to state 820
    K_TIEHIGH      shift, and go to state 821
    K_TIELOW       shift, and go to state 822
    K_ANTENNACELL  shift, and go to state 823
    K_WELLTAP      shift, and go to state 824

    $default  reduce using rule 585 (class_type)

    core_type  go to state 825


State 547

  586 class_type: K_CORNER •

    $default  reduce using rule 586 (class_type)


State 548

  574 class_type: K_COVER •
  575           | K_COVER • K_BUMP

    K_BUMP  shift, and go to state 826

    $default  reduce using rule 574 (class_type)


State 549

  588 class_type: K_ENDCAP • endcap_type

    K_BOTTOMLEFT   shift, and go to state 827
    K_BOTTOMRIGHT  shift, and go to state 828
    K_POST         shift, and go to state 829
    K_PRE          shift, and go to state 830
    K_TOPLEFT      shift, and go to state 831
    K_TOPRIGHT     shift, and go to state 832

    endcap_type  go to state 833


State 550

  582 class_type: K_PAD •
  584           | K_PAD • pad_type

    K_INOUT   shift, and go to state 834
    K_INPUT   shift, and go to state 835
    K_OUTPUT  shift, and go to state 836
    K_POWER   shift, and go to state 837
    K_SPACER  shift, and go to state 838
    K_AREAIO  shift, and go to state 839

    $default  reduce using rule 582 (class_type)

    pad_type  go to state 840


State 551

  576 class_type: K_RING •

    $default  reduce using rule 576 (class_type)


State 552

  583 class_type: K_VIRTUAL •

    $default  reduce using rule 583 (class_type)


State 553

  580 class_type: K_NONE •

    $default  reduce using rule 580 (class_type)


State 554

  581 class_type: K_BUMP •

    $default  reduce using rule 581 (class_type)


State 555

  573 macro_class: K_CLASS class_type • ';'

    ';'  shift, and go to state 841


State 556

  845 macro_clocktype: K_CLOCKTYPE $@109 • T_STRING ';'

    T_STRING  shift, and go to state 842


State 557

  628 macro_eeq: K_EEQ $@83 • T_STRING ';'

    T_STRING  shift, and go to state 843


State 558

  616 macro_generate: K_GENERATE T_STRING • T_STRING ';'

    T_STRING  shift, and go to state 844


State 559

  615 macro_generator: K_GENERATOR T_STRING • ';'

    ';'  shift, and go to state 845


State 560

  630 macro_leq: K_LEQ $@84 • T_STRING ';'

    T_STRING  shift, and go to state 846


State 561

  621 macro_origin: K_ORIGIN pt • ';'

    ';'  shift, and go to state 847


State 562

  638 start_macro_pin: K_PIN $@85 • T_STRING

    T_STRING  shift, and go to state 848


State 563

  620 macro_power: K_POWER int_number • ';'

    ';'  shift, and go to state 849


State 564

  635 macro_size: K_SIZE int_number • K_BY int_number ';'

    K_BY  shift, and go to state 850


State 565

  619 macro_source: K_SOURCE K_BLOCK • ';'

    ';'  shift, and go to state 851


State 566

  618 macro_source: K_SOURCE K_GENERATE • ';'

    ';'  shift, and go to state 852


State 567

  617 macro_source: K_SOURCE K_USER • ';'

    ';'  shift, and go to state 853


State 568

  564 macro_symmetry_statement: K_SYMMETRY macro_symmetries • ';'
  566 macro_symmetries: macro_symmetries • macro_symmetry

    K_X    shift, and go to state 854
    K_Y    shift, and go to state 855
    K_R90  shift, and go to state 856
    ';'    shift, and go to state 857

    macro_symmetry  go to state 858


State 569

  561 macro_option: K_PROPERTY $@81 • macro_prop_list ';'

    T_STRING  shift, and go to state 859

    macro_prop_list        go to state 860
    macro_name_value_pair  go to state 861


State 570

  554 macro_option: K_FUNCTION K_BUFFER • ';'

    ';'  shift, and go to state 862


State 571

  555 macro_option: K_FUNCTION K_INVERTER • ';'

    ';'  shift, and go to state 863


State 572

  626 macro_fixedMask: K_FIXEDMASK ';' •

    $default  reduce using rule 626 (macro_fixedMask)


State 573

  840 density_layer: K_LAYER • $@107 T_STRING ';' $@108 density_layer_rect density_layer_rects

    $default  reduce using rule 838 ($@107)

    $@107  go to state 864


State 574

  835 macro_density: K_DENSITY density_layer • density_layers K_END

    $default  reduce using rule 836 (density_layers)

    density_layers  go to state 865


State 575

  610 obsspacing_opt: NUMBER •

    $default  reduce using rule 610 (obsspacing_opt)


State 576

  608 obsspacing_opt: K_FULLDRC •

    $default  reduce using rule 608 (obsspacing_opt)


State 577

  609 obsspacing_opt: K_MIN •

    $default  reduce using rule 609 (obsspacing_opt)


State 578

  607 macro_obsspacing: K_OBSSPACING obsspacing_opt • obsspaicing_layers ';'

    K_LAYER  shift, and go to state 866

    $default  reduce using rule 611 (obsspaicing_layers)

    obsspaicing_layers  go to state 867
    obsspaicing_layer   go to state 868


State 579

  622 macro_foreign: start_foreign ';' •

    $default  reduce using rule 622 (macro_foreign)


State 580

  625 macro_foreign: start_foreign orientation • ';'

    ';'  shift, and go to state 869


State 581

  623 macro_foreign: start_foreign pt • ';'
  624              | start_foreign pt • orientation ';'

    K_N      shift, and go to state 491
    K_S      shift, and go to state 492
    K_E      shift, and go to state 493
    K_W      shift, and go to state 494
    K_FN     shift, and go to state 495
    K_FS     shift, and go to state 496
    K_FE     shift, and go to state 497
    K_FW     shift, and go to state 498
    K_R0     shift, and go to state 499
    K_R90    shift, and go to state 500
    K_R180   shift, and go to state 501
    K_R270   shift, and go to state 502
    K_MX     shift, and go to state 503
    K_MY     shift, and go to state 504
    K_MXR90  shift, and go to state 505
    K_MYR90  shift, and go to state 506
    ';'      shift, and go to state 870

    orientation  go to state 871


State 582

  536 end_macro: K_END • $@80 T_STRING

    $default  reduce using rule 535 ($@80)

    $@80  go to state 872


State 583

  532 macro: start_macro macro_options $@78 end_macro •

    $default  reduce using rule 532 (macro)


State 584

  631 macro_site: macro_site_word T_STRING • ';'
  817 sitePattern: T_STRING • int_number int_number orientation K_DO int_number K_BY int_number K_STEP int_number int_number
  818            | T_STRING • int_number int_number orientation

    NUMBER  shift, and go to state 93
    ';'     shift, and go to state 873

    int_number  go to state 874


State 585

  632 macro_site: macro_site_word sitePattern • ';'

    ';'  shift, and go to state 875


State 586

  636 macro_pin: start_macro_pin macro_pin_options • end_macro_pin
  642 macro_pin_options: macro_pin_options • macro_pin_option

    K_CAPACITANCE                  shift, and go to state 876
    K_CURRENTSOURCE                shift, and go to state 877
    K_DIRECTION                    shift, and go to state 878
    K_END                          shift, and go to state 879
    K_FALLSATCUR                   shift, and go to state 880
    K_FALLTHRESH                   shift, and go to state 881
    K_FOREIGN                      shift, and go to state 267
    K_INPUTNOISEMARGIN             shift, and go to state 882
    K_IV_TABLES                    shift, and go to state 883
    K_LEAKAGE                      shift, and go to state 884
    K_LEQ                          shift, and go to state 885
    K_MAXDELAY                     shift, and go to state 886
    K_MAXLOAD                      shift, and go to state 887
    K_MUSTJOIN                     shift, and go to state 888
    K_OUTPUTNOISEMARGIN            shift, and go to state 889
    K_PORT                         shift, and go to state 890
    K_POWER                        shift, and go to state 891
    K_PULLDOWNRES                  shift, and go to state 892
    K_RESISTANCE                   shift, and go to state 893
    K_RISESATCUR                   shift, and go to state 894
    K_RISETHRESH                   shift, and go to state 895
    K_RISEVOLTAGETHRESHOLD         shift, and go to state 896
    K_FALLVOLTAGETHRESHOLD         shift, and go to state 897
    K_SCANUSE                      shift, and go to state 898
    K_SHAPE                        shift, and go to state 899
    K_TIEOFFR                      shift, and go to state 900
    K_USE                          shift, and go to state 901
    K_VHI                          shift, and go to state 902
    K_VLO                          shift, and go to state 903
    K_PROPERTY                     shift, and go to state 904
    K_OUTPUTRESISTANCE             shift, and go to state 905
    K_TAPERRULE                    shift, and go to state 906
    K_ANTENNASIZE                  shift, and go to state 907
    K_ANTENNAMETALLENGTH           shift, and go to state 908
    K_ANTENNAMETALAREA             shift, and go to state 909
    K_RISESLEWLIMIT                shift, and go to state 910
    K_FALLSLEWLIMIT                shift, and go to state 911
    K_ANTENNAPARTIALMETALAREA      shift, and go to state 912
    K_ANTENNAPARTIALMETALSIDEAREA  shift, and go to state 913
    K_ANTENNAGATEAREA              shift, and go to state 914
    K_ANTENNADIFFAREA              shift, and go to state 915
    K_ANTENNAMAXAREACAR            shift, and go to state 916
    K_ANTENNAMAXSIDEAREACAR        shift, and go to state 917
    K_ANTENNAPARTIALCUTAREA        shift, and go to state 918
    K_ANTENNAMAXCUTCAR             shift, and go to state 919
    K_ANTENNAMODEL                 shift, and go to state 920
    K_GROUNDSENSITIVITY            shift, and go to state 921
    K_NETEXPR                      shift, and go to state 922
    K_SUPPLYSENSITIVITY            shift, and go to state 923

    start_foreign         go to state 924
    end_macro_pin         go to state 925
    macro_pin_option      go to state 926
    electrical_direction  go to state 927
    start_macro_port      go to state 928


State 587

  833 macro_obs: start_macro_obs K_END •

    $default  reduce using rule 833 (macro_obs)


State 588

  771 geometry: K_LAYER • $@98 T_STRING $@99 opt_geometry_props layer_exceptpgnet layer_real_abstract_noroute_opt layer_spacing ';'

    $default  reduce using rule 769 ($@98)

    $@98  go to state 929


State 589

  773 geometry: K_PATH • maskColor firstPt otherPts ';'
  774         | K_PATH • maskColor K_ITERATE firstPt otherPts stepPattern ';'

    K_MASK  shift, and go to state 930

    $default  reduce using rule 444 (maskColor)

    maskColor  go to state 931


State 590

  777 geometry: K_POLYGON • maskColor firstPt nextPt nextPt otherPts ';'
  778         | K_POLYGON • maskColor K_ITERATE firstPt nextPt nextPt otherPts stepPattern ';'

    K_MASK  shift, and go to state 930

    $default  reduce using rule 444 (maskColor)

    maskColor  go to state 932


State 591

  775 geometry: K_RECT • maskColor pt pt ';'
  776         | K_RECT • maskColor K_ITERATE pt pt stepPattern ';'

    K_MASK  shift, and go to state 930

    $default  reduce using rule 444 (maskColor)

    maskColor  go to state 933


State 592

  813 via_placement: K_VIA • opt_geometry_via_props maskColor pt $@101 T_STRING ';'
  815              | K_VIA • K_ITERATE maskColor pt $@102 T_STRING stepPattern ';'

    K_ITERATE   shift, and go to state 934
    K_PROPERTY  shift, and go to state 935

    $default  reduce using rule 794 (opt_geometry_via_props)

    opt_geometry_via_props  go to state 936
    geometry_via_props      go to state 937
    geometry_via_prop       go to state 938


State 593

  772 geometry: K_WIDTH • int_number ';'

    NUMBER  shift, and go to state 93

    int_number  go to state 939


State 594

  832 macro_obs: start_macro_obs geometries • K_END

    K_END  shift, and go to state 940


State 595

  768 geometries: geometry • geometry_options

    $default  reduce using rule 780 (geometry_options)

    geometry_options  go to state 941


State 596

  779 geometry: via_placement •

    $default  reduce using rule 779 (geometry)


State 597

  846 timing: start_timing timing_options • end_timing
  850 timing_options: timing_options • timing_option

    K_END           shift, and go to state 942
    K_FALL          shift, and go to state 943
    K_FALLCS        shift, and go to state 944
    K_FALLT0        shift, and go to state 945
    K_FALLSATT1     shift, and go to state 946
    K_FALLRS        shift, and go to state 947
    K_FROMPIN       shift, and go to state 948
    K_RISE          shift, and go to state 949
    K_RISECS        shift, and go to state 950
    K_RISERS        shift, and go to state 951
    K_RISESATT1     shift, and go to state 952
    K_RISET0        shift, and go to state 953
    K_TOPIN         shift, and go to state 954
    K_UNATENESS     shift, and go to state 955
    K_STABLE        shift, and go to state 956
    K_SETUP         shift, and go to state 957
    K_HOLD          shift, and go to state 958
    K_TABLEAXIS     shift, and go to state 959
    K_TABLEENTRIES  shift, and go to state 960
    K_EXTENSION     shift, and go to state 961
    K_RECOVERY      shift, and go to state 962
    K_SKEW          shift, and go to state 963
    K_SDFCONDSTART  shift, and go to state 964
    K_SDFCONDEND    shift, and go to state 965
    K_SDFCOND       shift, and go to state 966
    K_MPWH          shift, and go to state 967
    K_MPWL          shift, and go to state 968
    K_PERIOD        shift, and go to state 969

    end_timing       go to state 970
    timing_option    go to state 971
    one_pin_trigger  go to state 972
    two_pin_trigger  go to state 973
    risefall         go to state 974


State 598

  919 array_rule: K_CANPLACE $@117 • sitePattern ';'

    T_STRING  shift, and go to state 975

    sitePattern  go to state 976


State 599

  921 array_rule: K_CANNOTOCCUPY $@118 • sitePattern ';'

    T_STRING  shift, and go to state 975

    sitePattern  go to state 977


State 600

  923 array_rule: K_TRACKS $@119 • trackPattern ';'

    K_X  shift, and go to state 978
    K_Y  shift, and go to state 979

    trackPattern  go to state 980


State 601

  928 floorplan_start: K_FLOORPLAN T_STRING •

    $default  reduce using rule 928 (floorplan_start)


State 602

  926 array_rule: K_GCELLGRID $@120 • gcellPattern ';'

    K_X  shift, and go to state 981
    K_Y  shift, and go to state 982

    gcellPattern  go to state 983


State 603

  927 array_rule: K_DEFAULTCAP int_number • cap_list K_END K_DEFAULTCAP

    $default  reduce using rule 935 (cap_list)

    cap_list  go to state 984


State 604

  917 array_rule: site_word $@116 • sitePattern ';'

    T_STRING  shift, and go to state 975

    sitePattern  go to state 985


State 605

  913 end_array: K_END • $@115 T_STRING

    $default  reduce using rule 912 ($@115)

    $@115  go to state 986


State 606

  909 array: start_array array_rules $@113 end_array •

    $default  reduce using rule 909 (array)


State 607

  924 array_rule: floorplan_start floorplan_list • K_END T_STRING
  930 floorplan_list: floorplan_list • floorplan_element

    K_END           shift, and go to state 987
    K_CANPLACE      shift, and go to state 988
    K_CANNOTOCCUPY  shift, and go to state 989

    floorplan_element  go to state 990


State 608

  465 nd_hardspacing: K_HARDSPACING • ';'

    ';'  shift, and go to state 991


State 609

  461 nondefault_rule: K_NONDEFAULTRULE $@63 T_STRING $@64 nd_hardspacing • nd_rules $@65 end_nd_rule

    $default  reduce using rule 466 (nd_rules)

    nd_rules  go to state 992


State 610

  986 prop_def_section: K_PROPDEF $@125 prop_stmts K_END K_PROPDEF •

    $default  reduce using rule 986 (prop_def_section)


State 611

  992 prop_stmt: K_COMPONENTPIN $@127 • T_STRING prop_define ';'

    T_STRING  shift, and go to state 993


State 612

  1002 prop_stmt: K_LAYER $@132 • T_STRING prop_define ';'

    T_STRING  shift, and go to state 994


State 613

  990 prop_stmt: K_LIBRARY $@126 • T_STRING prop_define ';'

    T_STRING  shift, and go to state 995


State 614

  996 prop_stmt: K_MACRO $@129 • T_STRING prop_define ';'

    T_STRING  shift, and go to state 996


State 615

  1004 prop_stmt: K_NONDEFAULTRULE $@133 • T_STRING prop_define ';'

    T_STRING  shift, and go to state 997


State 616

  994 prop_stmt: K_PIN $@128 • T_STRING prop_define ';'

    T_STRING  shift, and go to state 998


State 617

  1008 prop_stmt: K_SITE $@135 • T_STRING prop_define ';'

    T_STRING  shift, and go to state 999


State 618

  1006 prop_stmt: K_PORTOBS $@134 • T_STRING prop_define ';'

    T_STRING  shift, and go to state 1000


State 619

  998 prop_stmt: K_VIA $@130 • T_STRING prop_define ';'

    T_STRING  shift, and go to state 1001


State 620

  1000 prop_stmt: K_VIARULE $@131 • T_STRING prop_define ';'

    T_STRING  shift, and go to state 1002


State 621

  1088 correction_table_item: K_EDGERATE • int_number ';'

    NUMBER  shift, and go to state 93

    int_number  go to state 1003


State 622

  1091 output_list: K_OUTPUTRESISTANCE • $@149 numo_list ';' corr_victim_list

    $default  reduce using rule 1090 ($@149)

    $@149  go to state 1004


State 623

  1084 correctiontable: K_CORRECTIONTABLE int_number ';' $@148 correction_table_list • end_correctiontable dtrm
  1087 correction_table_list: correction_table_list • correction_table_item

    K_END               shift, and go to state 1005
    K_EDGERATE          shift, and go to state 621
    K_OUTPUTRESISTANCE  shift, and go to state 622

    end_correctiontable    go to state 1006
    correction_table_item  go to state 1007
    output_list            go to state 625


State 624

  1086 correction_table_list: correction_table_item •

    $default  reduce using rule 1086 (correction_table_list)


State 625

  1089 correction_table_item: output_list •

    $default  reduce using rule 1089 (correction_table_item)


State 626

  1071 noise_table_entry: K_EDGERATE • int_number ';'

    NUMBER  shift, and go to state 93

    int_number  go to state 1008


State 627

  1074 output_resistance_entry: K_OUTPUTRESISTANCE • $@146 num_list ';' victim_list

    $default  reduce using rule 1073 ($@146)

    $@146  go to state 1009


State 628

  1067 noisetable: K_NOISETABLE int_number $@145 ';' noise_table_list • end_noisetable dtrm
  1070 noise_table_list: noise_table_list • noise_table_entry

    K_END               shift, and go to state 1010
    K_EDGERATE          shift, and go to state 626
    K_OUTPUTRESISTANCE  shift, and go to state 627

    end_noisetable           go to state 1011
    noise_table_entry        go to state 1012
    output_resistance_entry  go to state 630


State 629

  1069 noise_table_list: noise_table_entry •

    $default  reduce using rule 1069 (noise_table_list)


State 630

  1072 noise_table_entry: output_resistance_entry •

    $default  reduce using rule 1072 (noise_table_entry)


State 631

  975 s_expr: QSTRING •

    $default  reduce using rule 975 (s_expr)


State 632

  974 s_expr: K_IF • b_expr then s_expr else s_expr

    QSTRING  shift, and go to state 631
    NUMBER   shift, and go to state 93
    K_IF     shift, and go to state 1013
    K_FALSE  shift, and go to state 1014
    K_TRUE   shift, and go to state 1015
    K_NOT    shift, and go to state 1016
    '-'      shift, and go to state 1017
    '('      shift, and go to state 1018

    int_number  go to state 1019
    expression  go to state 1020
    b_expr      go to state 1021
    s_expr      go to state 1022


State 633

  973 s_expr: '(' • s_expr ')'

    QSTRING  shift, and go to state 631
    K_IF     shift, and go to state 632
    '('      shift, and go to state 633

    s_expr  go to state 1023


State 634

  939 msg_statement: K_MESSAGE $@123 T_STRING '=' s_expr • dtrm
  972 s_expr: s_expr • '+' s_expr

    '+'   shift, and go to state 1024
    ';'   shift, and go to state 1025
    '\n'  shift, and go to state 1026

    $default  reduce using rule 942 (dtrm)

    dtrm  go to state 1027


State 635

  941 create_file_statement: K_CREATEFILE $@124 T_STRING '=' s_expr • dtrm
  972 s_expr: s_expr • '+' s_expr

    '+'   shift, and go to state 1024
    ';'   shift, and go to state 1025
    '\n'  shift, and go to state 1026

    $default  reduce using rule 942 (dtrm)

    dtrm  go to state 1028


State 636

  331 maxstack_via: K_MAXVIASTACK int_number K_RANGE $@47 T_STRING • T_STRING ';'

    T_STRING  shift, and go to state 1029


State 637

   69 units_rule: K_CAPACITANCE K_PICOFARADS int_number • ';'

    ';'  shift, and go to state 1030


State 638

   72 units_rule: K_CURRENT K_MILLIAMPS int_number • ';'

    ';'  shift, and go to state 1031


State 639

   74 units_rule: K_DATABASE K_MICRONS int_number • ';'

    ';'  shift, and go to state 1032


State 640

   71 units_rule: K_POWER K_MILLIWATTS int_number • ';'

    ';'  shift, and go to state 1033


State 641

   70 units_rule: K_RESISTANCE K_OHMS int_number • ';'

    ';'  shift, and go to state 1034


State 642

   68 units_rule: K_TIME K_NANOSECONDS int_number • ';'

    ';'  shift, and go to state 1035


State 643

   73 units_rule: K_VOLTAGE K_VOLTS int_number • ';'

    ';'  shift, and go to state 1036


State 644

   75 units_rule: K_FREQUENCY K_MEGAHERTZ NUMBER • ';'

    ';'  shift, and go to state 1037


State 645

   98 layer_option: K_AREA NUMBER ';' •

    $default  reduce using rule 98 (layer_option)


State 646

  107 layer_option: K_CAPACITANCE K_CPERSQDIST K_PWL • '(' cap_points ')' ';'

    '('  shift, and go to state 1038


State 647

  106 layer_option: K_CAPACITANCE K_CPERSQDIST int_number • ';'

    ';'  shift, and go to state 1039


State 648

  112 layer_option: K_CAPMULTIPLIER int_number ';' •

    $default  reduce using rule 112 (layer_option)


State 649

  103 layer_option: K_DIRECTION layer_direction ';' •

    $default  reduce using rule 103 (layer_option)


State 650

  113 layer_option: K_EDGECAPACITANCE int_number ';' •

    $default  reduce using rule 113 (layer_option)


State 651

   80 end_layer: K_END $@3 T_STRING •

    $default  reduce using rule 80 (end_layer)


State 652

  108 layer_option: K_HEIGHT int_number ';' •

    $default  reduce using rule 108 (layer_option)


State 653

   93 layer_option: K_OFFSET int_number ';' •

    $default  reduce using rule 93 (layer_option)


State 654

   94 layer_option: K_OFFSET int_number int_number • ';'

    ';'  shift, and go to state 1040


State 655

   89 layer_option: K_PITCH int_number ';' •

    $default  reduce using rule 89 (layer_option)


State 656

   90 layer_option: K_PITCH int_number int_number • ';'

    ';'  shift, and go to state 1041


State 657

  105 layer_option: K_RESISTANCE K_RPERSQ K_PWL • '(' res_points ')' ';'

    '('  shift, and go to state 1042


State 658

  104 layer_option: K_RESISTANCE K_RPERSQ int_number • ';'

    ';'  shift, and go to state 1043


State 659

  182 layer_option: K_RESISTANCE int_number ';' •

    $default  reduce using rule 182 (layer_option)


State 660

  111 layer_option: K_SHRINKAGE int_number ';' •

    $default  reduce using rule 111 (layer_option)


State 661

  100 layer_option: K_SPACING int_number $@6 • layer_spacing_opts layer_spacing_cut_routing ';'

    K_SAMENET          shift, and go to state 1044
    K_CENTERTOCENTER   shift, and go to state 1045
    K_PARALLELOVERLAP  shift, and go to state 1046

    $default  reduce using rule 1032 (layer_spacing_opts)

    layer_spacing_opts  go to state 1047
    layer_spacing_opt   go to state 1048


State 662

  110 layer_option: K_THICKNESS int_number ';' •

    $default  reduce using rule 110 (layer_option)


State 663

   87 layer_option: K_TYPE layer_type ';' •

    $default  reduce using rule 87 (layer_option)


State 664

   97 layer_option: K_WIDTH int_number ';' •

    $default  reduce using rule 97 (layer_option)


State 665

  260 layer_prop: T_STRING • T_STRING
  261           | T_STRING • QSTRING
  262           | T_STRING • NUMBER

    T_STRING  shift, and go to state 1049
    QSTRING   shift, and go to state 1050
    NUMBER    shift, and go to state 1051


State 666

  119 layer_option: K_PROPERTY $@8 layer_prop_list • ';'
  259 layer_prop_list: layer_prop_list • layer_prop

    T_STRING  shift, and go to state 665
    ';'       shift, and go to state 1052

    layer_prop  go to state 1053


State 667

  258 layer_prop_list: layer_prop •

    $default  reduce using rule 258 (layer_prop_list)


State 668

  116 layer_option: K_CURRENTDEN K_PWL '(' • current_density_pwl_list ')' ';'

    '('  shift, and go to state 1054

    current_density_pwl_list  go to state 1055
    current_density_pwl       go to state 1056


State 669

  117 layer_option: K_CURRENTDEN '(' int_number • int_number ')' ';'

    NUMBER  shift, and go to state 93

    int_number  go to state 1057


State 670

  115 layer_option: K_CURRENTDEN int_number ';' •

    $default  reduce using rule 115 (layer_option)


State 671

  114 layer_option: K_ANTENNALENGTHFACTOR int_number ';' •

    $default  reduce using rule 114 (layer_option)


State 672

  109 layer_option: K_WIREEXTENSION int_number ';' •

    $default  reduce using rule 109 (layer_option)


State 673

  122 layer_option: K_ACCURRENTDENSITY layer_table_type int_number • ';'

    ';'  shift, and go to state 1058


State 674

  121 layer_option: K_ACCURRENTDENSITY layer_table_type $@9 • layer_frequency

    K_FREQUENCY  shift, and go to state 1059

    layer_frequency  go to state 1060


State 675

  129 layer_option: K_DCCURRENTDENSITY K_AVERAGE K_WIDTH • int_number $@12 int_number_list ';' $@13 dc_layer_table

    NUMBER  shift, and go to state 93

    int_number  go to state 1061


State 676

  126 layer_option: K_DCCURRENTDENSITY K_AVERAGE K_CUTAREA • NUMBER $@10 number_list ';' $@11 dc_layer_table

    NUMBER  shift, and go to state 1062


State 677

  123 layer_option: K_DCCURRENTDENSITY K_AVERAGE int_number • ';'

    ';'  shift, and go to state 1063


State 678

  130 layer_option: K_ANTENNAAREARATIO int_number ';' •

    $default  reduce using rule 130 (layer_option)


State 679

  234 layer_antenna_pwl: K_PWL • '(' pt pt $@38 layer_diffusion_ratios ')'

    '('  shift, and go to state 1064


State 680

  232 layer_antenna_pwl: int_number •

    $default  reduce using rule 232 (layer_antenna_pwl)


State 681

  132 layer_option: K_ANTENNADIFFAREARATIO $@14 layer_antenna_pwl • ';'

    ';'  shift, and go to state 1065


State 682

  133 layer_option: K_ANTENNACUMAREARATIO int_number ';' •

    $default  reduce using rule 133 (layer_option)


State 683

  135 layer_option: K_ANTENNACUMDIFFAREARATIO $@15 layer_antenna_pwl • ';'

    ';'  shift, and go to state 1066


State 684

  137 layer_option: K_ANTENNAAREAFACTOR int_number $@16 • layer_antenna_duo ';'

    K_DIFFUSEONLY  shift, and go to state 1067

    $default  reduce using rule 238 (layer_antenna_duo)

    layer_antenna_duo  go to state 1068


State 685

  138 layer_option: K_ANTENNASIDEAREARATIO int_number ';' •

    $default  reduce using rule 138 (layer_option)


State 686

  140 layer_option: K_ANTENNADIFFSIDEAREARATIO $@17 layer_antenna_pwl • ';'

    ';'  shift, and go to state 1069


State 687

  141 layer_option: K_ANTENNACUMSIDEAREARATIO int_number ';' •

    $default  reduce using rule 141 (layer_option)


State 688

  143 layer_option: K_ANTENNACUMDIFFSIDEAREARATIO $@18 layer_antenna_pwl • ';'

    ';'  shift, and go to state 1070


State 689

  145 layer_option: K_ANTENNASIDEAREAFACTOR int_number $@19 • layer_antenna_duo ';'

    K_DIFFUSEONLY  shift, and go to state 1067

    $default  reduce using rule 238 (layer_antenna_duo)

    layer_antenna_duo  go to state 1071


State 690

   83 layer_option: K_MANUFACTURINGGRID int_number ';' •

    $default  reduce using rule 83 (layer_option)


State 691

  154 layer_option: K_SLOTWIREWIDTH int_number ';' •

    $default  reduce using rule 154 (layer_option)


State 692

  155 layer_option: K_SLOTWIRELENGTH int_number ';' •

    $default  reduce using rule 155 (layer_option)


State 693

  156 layer_option: K_SLOTWIDTH int_number ';' •

    $default  reduce using rule 156 (layer_option)


State 694

  157 layer_option: K_SLOTLENGTH int_number ';' •

    $default  reduce using rule 157 (layer_option)


State 695

  158 layer_option: K_MAXADJACENTSLOTSPACING int_number ';' •

    $default  reduce using rule 158 (layer_option)


State 696

  159 layer_option: K_MAXCOAXIALSLOTSPACING int_number ';' •

    $default  reduce using rule 159 (layer_option)


State 697

  160 layer_option: K_MAXEDGESLOTSPACING int_number ';' •

    $default  reduce using rule 160 (layer_option)


State 698

  161 layer_option: K_SPLITWIREWIDTH int_number ';' •

    $default  reduce using rule 161 (layer_option)


State 699

  162 layer_option: K_MINIMUMDENSITY int_number ';' •

    $default  reduce using rule 162 (layer_option)


State 700

  163 layer_option: K_MAXIMUMDENSITY int_number ';' •

    $default  reduce using rule 163 (layer_option)


State 701

  164 layer_option: K_DENSITYCHECKWINDOW int_number int_number • ';'

    ';'  shift, and go to state 1072


State 702

  165 layer_option: K_DENSITYCHECKSTEP int_number ';' •

    $default  reduce using rule 165 (layer_option)


State 703

  166 layer_option: K_FILLACTIVESPACING int_number ';' •

    $default  reduce using rule 166 (layer_option)


State 704

  172 layer_option: K_MINIMUMCUT int_number K_WIDTH • int_number $@24 layer_minimumcut_within layer_minimumcut_from layer_minimumcut_length ';'

    NUMBER  shift, and go to state 93

    int_number  go to state 1073


State 705

  284 layer_oxide: K_OXIDE1 •

    $default  reduce using rule 284 (layer_oxide)


State 706

  285 layer_oxide: K_OXIDE2 •

    $default  reduce using rule 285 (layer_oxide)


State 707

  286 layer_oxide: K_OXIDE3 •

    $default  reduce using rule 286 (layer_oxide)


State 708

  287 layer_oxide: K_OXIDE4 •

    $default  reduce using rule 287 (layer_oxide)


State 709

  288 layer_oxide: K_OXIDE5 •

    $default  reduce using rule 288 (layer_oxide)


State 710

  289 layer_oxide: K_OXIDE6 •

    $default  reduce using rule 289 (layer_oxide)


State 711

  290 layer_oxide: K_OXIDE7 •

    $default  reduce using rule 290 (layer_oxide)


State 712

  291 layer_oxide: K_OXIDE8 •

    $default  reduce using rule 291 (layer_oxide)


State 713

  292 layer_oxide: K_OXIDE9 •

    $default  reduce using rule 292 (layer_oxide)


State 714

  293 layer_oxide: K_OXIDE10 •

    $default  reduce using rule 293 (layer_oxide)


State 715

  294 layer_oxide: K_OXIDE11 •

    $default  reduce using rule 294 (layer_oxide)


State 716

  295 layer_oxide: K_OXIDE12 •

    $default  reduce using rule 295 (layer_oxide)


State 717

  296 layer_oxide: K_OXIDE13 •

    $default  reduce using rule 296 (layer_oxide)


State 718

  297 layer_oxide: K_OXIDE14 •

    $default  reduce using rule 297 (layer_oxide)


State 719

  298 layer_oxide: K_OXIDE15 •

    $default  reduce using rule 298 (layer_oxide)


State 720

  299 layer_oxide: K_OXIDE16 •

    $default  reduce using rule 299 (layer_oxide)


State 721

  300 layer_oxide: K_OXIDE17 •

    $default  reduce using rule 300 (layer_oxide)


State 722

  301 layer_oxide: K_OXIDE18 •

    $default  reduce using rule 301 (layer_oxide)


State 723

  302 layer_oxide: K_OXIDE19 •

    $default  reduce using rule 302 (layer_oxide)


State 724

  303 layer_oxide: K_OXIDE20 •

    $default  reduce using rule 303 (layer_oxide)


State 725

  304 layer_oxide: K_OXIDE21 •

    $default  reduce using rule 304 (layer_oxide)


State 726

  305 layer_oxide: K_OXIDE22 •

    $default  reduce using rule 305 (layer_oxide)


State 727

  306 layer_oxide: K_OXIDE23 •

    $default  reduce using rule 306 (layer_oxide)


State 728

  307 layer_oxide: K_OXIDE24 •

    $default  reduce using rule 307 (layer_oxide)


State 729

  308 layer_oxide: K_OXIDE25 •

    $default  reduce using rule 308 (layer_oxide)


State 730

  309 layer_oxide: K_OXIDE26 •

    $default  reduce using rule 309 (layer_oxide)


State 731

  310 layer_oxide: K_OXIDE27 •

    $default  reduce using rule 310 (layer_oxide)


State 732

  311 layer_oxide: K_OXIDE28 •

    $default  reduce using rule 311 (layer_oxide)


State 733

  312 layer_oxide: K_OXIDE29 •

    $default  reduce using rule 312 (layer_oxide)


State 734

  313 layer_oxide: K_OXIDE30 •

    $default  reduce using rule 313 (layer_oxide)


State 735

  314 layer_oxide: K_OXIDE31 •

    $default  reduce using rule 314 (layer_oxide)


State 736

  315 layer_oxide: K_OXIDE32 •

    $default  reduce using rule 315 (layer_oxide)


State 737

  147 layer_option: K_ANTENNAMODEL $@20 layer_oxide • ';'

    ';'  shift, and go to state 1074


State 738

  179 layer_option: K_ENCLOSURE layer_enclosure_type_opt int_number • int_number $@27 layer_enclosure_width_opt ';'

    NUMBER  shift, and go to state 93

    int_number  go to state 1075


State 739

  167 layer_option: K_MAXWIDTH int_number ';' •

    $default  reduce using rule 167 (layer_option)


State 740

  170 layer_option: K_MINENCLOSEDAREA NUMBER $@23 • layer_minen_width ';'

    K_WIDTH  shift, and go to state 1076

    $default  reduce using rule 282 (layer_minen_width)

    layer_minen_width  go to state 1077


State 741

  174 layer_option: K_MINSTEP int_number $@25 • layer_minstep_options ';'

    $default  reduce using rule 224 (layer_minstep_options)

    layer_minstep_options  go to state 1078


State 742

  168 layer_option: K_MINWIDTH int_number ';' •

    $default  reduce using rule 168 (layer_option)


State 743

  175 layer_option: K_PROTRUSIONWIDTH int_number K_LENGTH • int_number K_WIDTH int_number ';'

    NUMBER  shift, and go to state 93

    int_number  go to state 1079


State 744

  102 layer_option: K_SPACINGTABLE K_ORTHOGONAL K_WITHIN • int_number K_SPACING int_number $@7 layer_spacingtable_opts ';'

    NUMBER  shift, and go to state 93

    int_number  go to state 1080


State 745

  202 sp_options: K_INFLUENCE • K_WIDTH int_number K_WITHIN int_number K_SPACING int_number $@36 layer_sp_influence_widths

    K_WIDTH  shift, and go to state 1081


State 746

  197 sp_options: K_PARALLELRUNLENGTH • int_number $@30 int_number_list $@31 K_WIDTH int_number $@32 int_number_list $@33 layer_sp_parallel_widths

    NUMBER  shift, and go to state 93

    int_number  go to state 1082


State 747

  200 sp_options: K_TWOWIDTHS • K_WIDTH int_number layer_sp_TwoWidthsPRL int_number $@34 int_number_list $@35 layer_sp_TwoWidths

    K_WIDTH  shift, and go to state 1083


State 748

  177 layer_option: K_SPACINGTABLE $@26 sp_options • ';'

    ';'  shift, and go to state 1084


State 749

   88 layer_option: K_MASK int_number ';' •

    $default  reduce using rule 88 (layer_option)


State 750

  183 layer_option: K_DIAGMINEDGELENGTH int_number ';' •

    $default  reduce using rule 183 (layer_option)


State 751

   96 layer_option: K_DIAGSPACING int_number ';' •

    $default  reduce using rule 96 (layer_option)


State 752

   91 layer_option: K_DIAGPITCH int_number ';' •

    $default  reduce using rule 91 (layer_option)


State 753

   92 layer_option: K_DIAGPITCH int_number int_number • ';'

    ';'  shift, and go to state 1085


State 754

   95 layer_option: K_DIAGWIDTH int_number ';' •

    $default  reduce using rule 95 (layer_option)


State 755

  808 firstPt: pt •

    $default  reduce using rule 808 (firstPt)


State 756

  185 layer_option: K_MINSIZE $@29 firstPt • otherPts ';'

    $default  reduce using rule 810 (otherPts)

    otherPts  go to state 1086


State 757

  181 layer_option: K_PREFERENCLOSURE layer_enclosure_type_opt int_number • int_number $@28 layer_preferenclosure_width_opt ';'

    NUMBER  shift, and go to state 93

    int_number  go to state 1087


State 758

  187 layer_arraySpacing_long: K_LONGARRAY •

    $default  reduce using rule 187 (layer_arraySpacing_long)


State 759

   86 layer_option: K_ARRAYSPACING $@4 layer_arraySpacing_long • layer_arraySpacing_width K_CUTSPACING int_number $@5 layer_arraySpacing_arraycuts ';'

    K_WIDTH  shift, and go to state 1088

    $default  reduce using rule 188 (layer_arraySpacing_width)

    layer_arraySpacing_width  go to state 1089


State 760

  153 layer_option: K_ANTENNAAREADIFFREDUCEPWL '(' pt • pt $@21 layer_diffusion_ratios ')' ';' $@22

    NUMBER  shift, and go to state 93
    '('     shift, and go to state 508

    int_number  go to state 509
    pt          go to state 1090


State 761

  150 layer_option: K_ANTENNAAREAMINUSDIFF int_number ';' •

    $default  reduce using rule 150 (layer_option)


State 762

  149 layer_option: K_ANTENNAGATEPLUSDIFF int_number ';' •

    $default  reduce using rule 149 (layer_option)


State 763

  370 start_foreign: K_FOREIGN $@54 T_STRING •

    $default  reduce using rule 370 (start_foreign)


State 764

  389 via_layer: K_LAYER $@55 T_STRING • ';'

    ';'  shift, and go to state 1091


State 765

  356 via_other_option: K_RESISTANCE int_number ';' •

    $default  reduce using rule 356 (via_other_option)


State 766

  341 via_viarule: K_VIARULE $@49 T_STRING • ';' K_CUTSIZE int_number int_number ';' K_LAYERS $@50 T_STRING T_STRING T_STRING ';' K_CUTSPACING int_number int_number ';' K_ENCLOSURE int_number int_number int_number int_number ';' $@51 via_viarule_options

    ';'  shift, and go to state 1092


State 767

  362 via_name_value_pair: T_STRING • NUMBER
  363                    | T_STRING • QSTRING
  364                    | T_STRING • T_STRING

    T_STRING  shift, and go to state 1093
    QSTRING   shift, and go to state 1094
    NUMBER    shift, and go to state 1095


State 768

  358 via_other_option: K_PROPERTY $@53 via_prop_list • ';'
  361 via_prop_list: via_prop_list • via_name_value_pair

    T_STRING  shift, and go to state 767
    ';'       shift, and go to state 1096

    via_name_value_pair  go to state 1097


State 769

  360 via_prop_list: via_name_value_pair •

    $default  reduce using rule 360 (via_prop_list)


State 770

  396 end_via: K_END $@57 • T_STRING

    T_STRING  shift, and go to state 1098


State 771

  353 via_more_options: via_more_options via_other_option •

    $default  reduce using rule 353 (via_more_options)


State 772

  530 pt: '(' int_number • int_number ')'

    NUMBER  shift, and go to state 93

    int_number  go to state 1099


State 773

  529 pt: int_number int_number •

    $default  reduce using rule 529 (pt)


State 774

  368 via_foreign: start_foreign orientation ';' •

    $default  reduce using rule 368 (via_foreign)


State 775

  366 via_foreign: start_foreign pt ';' •

    $default  reduce using rule 366 (via_foreign)


State 776

  367 via_foreign: start_foreign pt orientation • ';'

    ';'  shift, and go to state 1100


State 777

  394 via_geometry: K_POLYGON • maskColor $@56 firstPt nextPt nextPt otherPts ';'

    K_MASK  shift, and go to state 930

    $default  reduce using rule 444 (maskColor)

    maskColor  go to state 1101


State 778

  392 via_geometry: K_RECT • maskColor pt pt ';'

    K_MASK  shift, and go to state 930

    $default  reduce using rule 444 (maskColor)

    maskColor  go to state 1102


State 779

  391 via_geometries: via_geometries via_geometry •

    $default  reduce using rule 391 (via_geometries)


State 780

  401 viarule_generate: viarule_keyword K_GENERATE viarule_generate_default $@59 viarule_layer_list • opt_viarule_props end_viarule
  405 viarule_layer_list: viarule_layer_list • viarule_layer

    K_LAYER     shift, and go to state 137
    T_STRING    shift, and go to state 515
    K_PROPERTY  shift, and go to state 516

    $default  reduce using rule 406 (opt_viarule_props)

    opt_viarule_props   go to state 1103
    viarule_props       go to state 519
    viarule_prop        go to state 520
    viarule_layer       go to state 284
    viarule_layer_name  go to state 140


State 781

  422 viarule_layer_name: K_LAYER $@61 T_STRING ';' •

    $default  reduce using rule 422 (viarule_layer_name)


State 782

  414 viarule_prop: T_STRING T_STRING •

    $default  reduce using rule 414 (viarule_prop)


State 783

  415 viarule_prop: T_STRING QSTRING •

    $default  reduce using rule 415 (viarule_prop)


State 784

  416 viarule_prop: T_STRING NUMBER •

    $default  reduce using rule 416 (viarule_prop)


State 785

  411 viarule_prop: K_PROPERTY $@60 • viarule_prop_list ';'

    T_STRING    shift, and go to state 515
    K_PROPERTY  shift, and go to state 516

    viarule_prop       go to state 1104
    viarule_prop_list  go to state 1105


State 786

  420 via_name: via_keyword T_STRING • ';'

    ';'  shift, and go to state 1106


State 787

  435 end_viarule: K_END • $@62 T_STRING

    $default  reduce using rule 434 ($@62)

    $@62  go to state 1107


State 788

  399 viarule: viarule_keyword viarule_layer_list via_names opt_viarule_props end_viarule •

    $default  reduce using rule 399 (viarule)


State 789

  409 viarule_props: viarule_props viarule_prop •

    $default  reduce using rule 409 (viarule_props)


State 790

  425 viarule_layer_option: K_DIRECTION K_HORIZONTAL • ';'

    ';'  shift, and go to state 1108


State 791

  426 viarule_layer_option: K_DIRECTION K_VERTICAL • ';'

    ';'  shift, and go to state 1109


State 792

  433 viarule_layer_option: K_METALOVERHANG int_number • ';'

    ';'  shift, and go to state 1110


State 793

  432 viarule_layer_option: K_OVERHANG int_number • ';'

    ';'  shift, and go to state 1111


State 794

  429 viarule_layer_option: K_RECT pt • pt ';'

    NUMBER  shift, and go to state 93
    '('     shift, and go to state 508

    int_number  go to state 509
    pt          go to state 1112


State 795

  431 viarule_layer_option: K_RESISTANCE int_number • ';'

    ';'  shift, and go to state 1113


State 796

  430 viarule_layer_option: K_SPACING int_number • K_BY int_number ';'

    K_BY  shift, and go to state 1114


State 797

  428 viarule_layer_option: K_WIDTH int_number • K_TO int_number ';'

    K_TO  shift, and go to state 1115


State 798

  427 viarule_layer_option: K_ENCLOSURE int_number • int_number ';'

    NUMBER  shift, and go to state 93

    int_number  go to state 1116


State 799

  441 spacing: samenet_keyword T_STRING T_STRING • int_number ';'
  442        | samenet_keyword T_STRING T_STRING • int_number K_STACK ';'

    NUMBER  shift, and go to state 93

    int_number  go to state 1117


State 800

  451 ir_table: ir_tablename ir_table_values ';' •

    $default  reduce using rule 451 (ir_table)


State 801

  454 ir_table_value: int_number • int_number

    NUMBER  shift, and go to state 93

    int_number  go to state 1118


State 802

  453 ir_table_values: ir_table_values ir_table_value •

    $default  reduce using rule 453 (ir_table_values)


State 803

  515 site_class: K_CLASS K_CORE ';' •

    $default  reduce using rule 515 (site_class)


State 804

  514 site_class: K_CLASS K_PAD ';' •

    $default  reduce using rule 514 (site_class)


State 805

  516 site_class: K_CLASS K_VIRTUAL ';' •

    $default  reduce using rule 516 (site_class)


State 806

  505 end_site: K_END $@75 T_STRING •

    $default  reduce using rule 505 (end_site)


State 807

  508 site_option: K_SIZE int_number K_BY • int_number ';'

    NUMBER  shift, and go to state 93

    int_number  go to state 1119


State 808

  520 site_symmetry: K_X •

    $default  reduce using rule 520 (site_symmetry)


State 809

  521 site_symmetry: K_Y •

    $default  reduce using rule 521 (site_symmetry)


State 810

  522 site_symmetry: K_R90 •

    $default  reduce using rule 522 (site_symmetry)


State 811

  517 site_symmetry_statement: K_SYMMETRY site_symmetries ';' •

    $default  reduce using rule 517 (site_symmetry_statement)


State 812

  519 site_symmetries: site_symmetries site_symmetry •

    $default  reduce using rule 519 (site_symmetries)


State 813

  513 site_prop: K_PROPERTY prop_name_value ';' •

    $default  reduce using rule 513 (site_prop)


State 814

  801 prop_name_value_pair: T_STRING • prop_string_value
  802                     | T_STRING • NUMBER

    T_STRING  shift, and go to state 1120
    QSTRING   shift, and go to state 1121
    NUMBER    shift, and go to state 1122

    prop_string_value  go to state 1123


State 815

  800 prop_name_value: $@100 prop_name_value_pair •

    $default  reduce using rule 800 (prop_name_value)


State 816

  524 site_rowpattern_statement: K_ROWPATTERN $@76 site_rowpatterns • ';'
  526 site_rowpatterns: site_rowpatterns • site_rowpattern

    T_STRING  shift, and go to state 1124
    ';'       shift, and go to state 1125

    site_rowpattern  go to state 1126


State 817

  578 class_type: K_BLOCK K_BLACKBOX •

    $default  reduce using rule 578 (class_type)


State 818

  579 class_type: K_BLOCK K_SOFT •

    $default  reduce using rule 579 (class_type)


State 819

  595 core_type: K_FEEDTHRU •

    $default  reduce using rule 595 (core_type)


State 820

  598 core_type: K_SPACER •

    $default  reduce using rule 598 (core_type)


State 821

  596 core_type: K_TIEHIGH •

    $default  reduce using rule 596 (core_type)


State 822

  597 core_type: K_TIELOW •

    $default  reduce using rule 597 (core_type)


State 823

  599 core_type: K_ANTENNACELL •

    $default  reduce using rule 599 (core_type)


State 824

  600 core_type: K_WELLTAP •

    $default  reduce using rule 600 (core_type)


State 825

  587 class_type: K_CORE core_type •

    $default  reduce using rule 587 (class_type)


State 826

  575 class_type: K_COVER K_BUMP •

    $default  reduce using rule 575 (class_type)


State 827

  605 endcap_type: K_BOTTOMLEFT •

    $default  reduce using rule 605 (endcap_type)


State 828

  606 endcap_type: K_BOTTOMRIGHT •

    $default  reduce using rule 606 (endcap_type)


State 829

  602 endcap_type: K_POST •

    $default  reduce using rule 602 (endcap_type)


State 830

  601 endcap_type: K_PRE •

    $default  reduce using rule 601 (endcap_type)


State 831

  603 endcap_type: K_TOPLEFT •

    $default  reduce using rule 603 (endcap_type)


State 832

  604 endcap_type: K_TOPRIGHT •

    $default  reduce using rule 604 (endcap_type)


State 833

  588 class_type: K_ENDCAP endcap_type •

    $default  reduce using rule 588 (class_type)


State 834

  591 pad_type: K_INOUT •

    $default  reduce using rule 591 (pad_type)


State 835

  589 pad_type: K_INPUT •

    $default  reduce using rule 589 (pad_type)


State 836

  590 pad_type: K_OUTPUT •

    $default  reduce using rule 590 (pad_type)


State 837

  592 pad_type: K_POWER •

    $default  reduce using rule 592 (pad_type)


State 838

  593 pad_type: K_SPACER •

    $default  reduce using rule 593 (pad_type)


State 839

  594 pad_type: K_AREAIO •

    $default  reduce using rule 594 (pad_type)


State 840

  584 class_type: K_PAD pad_type •

    $default  reduce using rule 584 (class_type)


State 841

  573 macro_class: K_CLASS class_type ';' •

    $default  reduce using rule 573 (macro_class)


State 842

  845 macro_clocktype: K_CLOCKTYPE $@109 T_STRING • ';'

    ';'  shift, and go to state 1127


State 843

  628 macro_eeq: K_EEQ $@83 T_STRING • ';'

    ';'  shift, and go to state 1128


State 844

  616 macro_generate: K_GENERATE T_STRING T_STRING • ';'

    ';'  shift, and go to state 1129


State 845

  615 macro_generator: K_GENERATOR T_STRING ';' •

    $default  reduce using rule 615 (macro_generator)


State 846

  630 macro_leq: K_LEQ $@84 T_STRING • ';'

    ';'  shift, and go to state 1130


State 847

  621 macro_origin: K_ORIGIN pt ';' •

    $default  reduce using rule 621 (macro_origin)


State 848

  638 start_macro_pin: K_PIN $@85 T_STRING •

    $default  reduce using rule 638 (start_macro_pin)


State 849

  620 macro_power: K_POWER int_number ';' •

    $default  reduce using rule 620 (macro_power)


State 850

  635 macro_size: K_SIZE int_number K_BY • int_number ';'

    NUMBER  shift, and go to state 93

    int_number  go to state 1131


State 851

  619 macro_source: K_SOURCE K_BLOCK ';' •

    $default  reduce using rule 619 (macro_source)


State 852

  618 macro_source: K_SOURCE K_GENERATE ';' •

    $default  reduce using rule 618 (macro_source)


State 853

  617 macro_source: K_SOURCE K_USER ';' •

    $default  reduce using rule 617 (macro_source)


State 854

  567 macro_symmetry: K_X •

    $default  reduce using rule 567 (macro_symmetry)


State 855

  568 macro_symmetry: K_Y •

    $default  reduce using rule 568 (macro_symmetry)


State 856

  569 macro_symmetry: K_R90 •

    $default  reduce using rule 569 (macro_symmetry)


State 857

  564 macro_symmetry_statement: K_SYMMETRY macro_symmetries ';' •

    $default  reduce using rule 564 (macro_symmetry_statement)


State 858

  566 macro_symmetries: macro_symmetries macro_symmetry •

    $default  reduce using rule 566 (macro_symmetries)


State 859

  570 macro_name_value_pair: T_STRING • NUMBER
  571                      | T_STRING • QSTRING
  572                      | T_STRING • T_STRING

    T_STRING  shift, and go to state 1132
    QSTRING   shift, and go to state 1133
    NUMBER    shift, and go to state 1134


State 860

  561 macro_option: K_PROPERTY $@81 macro_prop_list • ';'
  563 macro_prop_list: macro_prop_list • macro_name_value_pair

    T_STRING  shift, and go to state 859
    ';'       shift, and go to state 1135

    macro_name_value_pair  go to state 1136


State 861

  562 macro_prop_list: macro_name_value_pair •

    $default  reduce using rule 562 (macro_prop_list)


State 862

  554 macro_option: K_FUNCTION K_BUFFER ';' •

    $default  reduce using rule 554 (macro_option)


State 863

  555 macro_option: K_FUNCTION K_INVERTER ';' •

    $default  reduce using rule 555 (macro_option)


State 864

  840 density_layer: K_LAYER $@107 • T_STRING ';' $@108 density_layer_rect density_layer_rects

    T_STRING  shift, and go to state 1137


State 865

  835 macro_density: K_DENSITY density_layer density_layers • K_END
  837 density_layers: density_layers • density_layer

    K_END    shift, and go to state 1138
    K_LAYER  shift, and go to state 573

    density_layer  go to state 1139


State 866

  614 obsspaicing_layer: K_LAYER • $@82 T_STRING

    $default  reduce using rule 613 ($@82)

    $@82  go to state 1140


State 867

  607 macro_obsspacing: K_OBSSPACING obsspacing_opt obsspaicing_layers • ';'

    ';'  shift, and go to state 1141


State 868

  612 obsspaicing_layers: obsspaicing_layer • obsspaicing_layers

    K_LAYER  shift, and go to state 866

    $default  reduce using rule 611 (obsspaicing_layers)

    obsspaicing_layers  go to state 1142
    obsspaicing_layer   go to state 868


State 869

  625 macro_foreign: start_foreign orientation ';' •

    $default  reduce using rule 625 (macro_foreign)


State 870

  623 macro_foreign: start_foreign pt ';' •

    $default  reduce using rule 623 (macro_foreign)


State 871

  624 macro_foreign: start_foreign pt orientation • ';'

    ';'  shift, and go to state 1143


State 872

  536 end_macro: K_END $@80 • T_STRING

    T_STRING  shift, and go to state 1144


State 873

  631 macro_site: macro_site_word T_STRING ';' •

    $default  reduce using rule 631 (macro_site)


State 874

  817 sitePattern: T_STRING int_number • int_number orientation K_DO int_number K_BY int_number K_STEP int_number int_number
  818            | T_STRING int_number • int_number orientation

    NUMBER  shift, and go to state 93

    int_number  go to state 1145


State 875

  632 macro_site: macro_site_word sitePattern ';' •

    $default  reduce using rule 632 (macro_site)


State 876

  672 macro_pin_option: K_CAPACITANCE • int_number ';'

    NUMBER  shift, and go to state 93

    int_number  go to state 1146


State 877

  677 macro_pin_option: K_CURRENTSOURCE • K_ACTIVE ';'
  678                 | K_CURRENTSOURCE • K_RESISTIVE ';'

    K_ACTIVE     shift, and go to state 1147
    K_RESISTIVE  shift, and go to state 1148


State 878

  746 electrical_direction: K_DIRECTION • K_INPUT ';'
  747                     | K_DIRECTION • K_OUTPUT ';'
  748                     | K_DIRECTION • K_OUTPUT K_TRISTATE ';'
  749                     | K_DIRECTION • K_INOUT ';'
  750                     | K_DIRECTION • K_FEEDTHRU ';'

    K_FEEDTHRU  shift, and go to state 1149
    K_INOUT     shift, and go to state 1150
    K_INPUT     shift, and go to state 1151
    K_OUTPUT    shift, and go to state 1152


State 879

  640 end_macro_pin: K_END • $@86 T_STRING

    $default  reduce using rule 639 ($@86)

    $@86  go to state 1153


State 880

  659 macro_pin_option: K_FALLSATCUR • int_number ';'

    NUMBER  shift, and go to state 93

    int_number  go to state 1154


State 881

  657 macro_pin_option: K_FALLTHRESH • int_number ';'

    NUMBER  shift, and go to state 93

    int_number  go to state 1155


State 882

  671 macro_pin_option: K_INPUTNOISEMARGIN • $@91 int_number int_number ';'

    $default  reduce using rule 670 ($@91)

    $@91  go to state 1156


State 883

  681 macro_pin_option: K_IV_TABLES • T_STRING T_STRING ';'

    T_STRING  shift, and go to state 1157


State 884

  655 macro_pin_option: K_LEAKAGE • int_number ';'

    NUMBER  shift, and go to state 93

    int_number  go to state 1158


State 885

  650 macro_pin_option: K_LEQ • $@87 T_STRING ';'

    $default  reduce using rule 649 ($@87)

    $@87  go to state 1159


State 886

  673 macro_pin_option: K_MAXDELAY • int_number ';'

    NUMBER  shift, and go to state 93

    int_number  go to state 1160


State 887

  674 macro_pin_option: K_MAXLOAD • int_number ';'

    NUMBER  shift, and go to state 93

    int_number  go to state 1161


State 888

  665 macro_pin_option: K_MUSTJOIN • $@88 T_STRING ';'

    $default  reduce using rule 664 ($@88)

    $@88  go to state 1162


State 889

  667 macro_pin_option: K_OUTPUTNOISEMARGIN • $@89 int_number int_number ';'

    $default  reduce using rule 666 ($@89)

    $@89  go to state 1163


State 890

  751 start_macro_port: K_PORT •

    $default  reduce using rule 751 (start_macro_port)


State 891

  651 macro_pin_option: K_POWER • int_number ';'

    NUMBER  shift, and go to state 93

    int_number  go to state 1164


State 892

  676 macro_pin_option: K_PULLDOWNRES • int_number ';'

    NUMBER  shift, and go to state 93

    int_number  go to state 1165


State 893

  675 macro_pin_option: K_RESISTANCE • int_number ';'

    NUMBER  shift, and go to state 93

    int_number  go to state 1166


State 894

  658 macro_pin_option: K_RISESATCUR • int_number ';'

    NUMBER  shift, and go to state 93

    int_number  go to state 1167


State 895

  656 macro_pin_option: K_RISETHRESH • int_number ';'

    NUMBER  shift, and go to state 93

    int_number  go to state 1168


State 896

  679 macro_pin_option: K_RISEVOLTAGETHRESHOLD • int_number ';'

    NUMBER  shift, and go to state 93

    int_number  go to state 1169


State 897

  680 macro_pin_option: K_FALLVOLTAGETHRESHOLD • int_number ';'

    NUMBER  shift, and go to state 93

    int_number  go to state 1170


State 898

  654 macro_pin_option: K_SCANUSE • macro_scan_use ';'

    K_INPUT   shift, and go to state 1171
    K_OUTPUT  shift, and go to state 1172
    K_START   shift, and go to state 1173
    K_STOP    shift, and go to state 1174

    macro_scan_use  go to state 1175


State 899

  663 macro_pin_option: K_SHAPE • pin_shape ';'

    K_ABUTMENT  shift, and go to state 1176
    K_FEEDTHRU  shift, and go to state 1177
    K_RING      shift, and go to state 1178

    $default  reduce using rule 764 (pin_shape)

    pin_shape  go to state 1179


State 900

  662 macro_pin_option: K_TIEOFFR • int_number ';'

    NUMBER  shift, and go to state 93

    int_number  go to state 1180


State 901

  653 macro_pin_option: K_USE • macro_pin_use ';'

    K_ANALOG  shift, and go to state 1181
    K_CLOCK   shift, and go to state 1182
    K_DATA    shift, and go to state 1183
    K_GROUND  shift, and go to state 1184
    K_POWER   shift, and go to state 1185
    K_SIGNAL  shift, and go to state 1186

    macro_pin_use  go to state 1187


State 902

  661 macro_pin_option: K_VHI • int_number ';'

    NUMBER  shift, and go to state 93

    int_number  go to state 1188


State 903

  660 macro_pin_option: K_VLO • int_number ';'

    NUMBER  shift, and go to state 93

    int_number  go to state 1189


State 904

  685 macro_pin_option: K_PROPERTY • $@93 pin_prop_list ';'

    $default  reduce using rule 684 ($@93)

    $@93  go to state 1190


State 905

  669 macro_pin_option: K_OUTPUTRESISTANCE • $@90 int_number int_number ';'

    $default  reduce using rule 668 ($@90)

    $@90  go to state 1191


State 906

  683 macro_pin_option: K_TAPERRULE • $@92 T_STRING ';'

    $default  reduce using rule 682 ($@92)

    $@92  go to state 1192


State 907

  688 macro_pin_option: K_ANTENNASIZE • int_number opt_layer_name ';'

    NUMBER  shift, and go to state 93

    int_number  go to state 1193


State 908

  690 macro_pin_option: K_ANTENNAMETALLENGTH • int_number opt_layer_name ';'

    NUMBER  shift, and go to state 93

    int_number  go to state 1194


State 909

  689 macro_pin_option: K_ANTENNAMETALAREA • NUMBER opt_layer_name ';'

    NUMBER  shift, and go to state 1195


State 910

  691 macro_pin_option: K_RISESLEWLIMIT • int_number ';'

    NUMBER  shift, and go to state 93

    int_number  go to state 1196


State 911

  692 macro_pin_option: K_FALLSLEWLIMIT • int_number ';'

    NUMBER  shift, and go to state 93

    int_number  go to state 1197


State 912

  693 macro_pin_option: K_ANTENNAPARTIALMETALAREA • NUMBER opt_layer_name ';'

    NUMBER  shift, and go to state 1198


State 913

  694 macro_pin_option: K_ANTENNAPARTIALMETALSIDEAREA • NUMBER opt_layer_name ';'

    NUMBER  shift, and go to state 1199


State 914

  697 macro_pin_option: K_ANTENNAGATEAREA • NUMBER opt_layer_name ';'

    NUMBER  shift, and go to state 1200


State 915

  696 macro_pin_option: K_ANTENNADIFFAREA • NUMBER opt_layer_name ';'

    NUMBER  shift, and go to state 1201


State 916

  698 macro_pin_option: K_ANTENNAMAXAREACAR • NUMBER req_layer_name ';'

    NUMBER  shift, and go to state 1202


State 917

  699 macro_pin_option: K_ANTENNAMAXSIDEAREACAR • NUMBER req_layer_name ';'

    NUMBER  shift, and go to state 1203


State 918

  695 macro_pin_option: K_ANTENNAPARTIALCUTAREA • NUMBER opt_layer_name ';'

    NUMBER  shift, and go to state 1204


State 919

  700 macro_pin_option: K_ANTENNAMAXCUTCAR • NUMBER req_layer_name ';'

    NUMBER  shift, and go to state 1205


State 920

  702 macro_pin_option: K_ANTENNAMODEL • $@94 pin_layer_oxide ';'

    $default  reduce using rule 701 ($@94)

    $@94  go to state 1206


State 921

  708 macro_pin_option: K_GROUNDSENSITIVITY • $@97 T_STRING ';'

    $default  reduce using rule 707 ($@97)

    $@97  go to state 1207


State 922

  704 macro_pin_option: K_NETEXPR • $@95 QSTRING ';'

    $default  reduce using rule 703 ($@95)

    $@95  go to state 1208


State 923

  706 macro_pin_option: K_SUPPLYSENSITIVITY • $@96 T_STRING ';'

    $default  reduce using rule 705 ($@96)

    $@96  go to state 1209


State 924

  643 macro_pin_option: start_foreign • ';'
  644                 | start_foreign • pt ';'
  645                 | start_foreign • pt orientation ';'
  646                 | start_foreign • K_STRUCTURE ';'
  647                 | start_foreign • K_STRUCTURE pt ';'
  648                 | start_foreign • K_STRUCTURE pt orientation ';'

    K_STRUCTURE  shift, and go to state 1210
    NUMBER       shift, and go to state 93
    ';'          shift, and go to state 1211
    '('          shift, and go to state 508

    int_number  go to state 509
    pt          go to state 1212


State 925

  636 macro_pin: start_macro_pin macro_pin_options end_macro_pin •

    $default  reduce using rule 636 (macro_pin)


State 926

  642 macro_pin_options: macro_pin_options macro_pin_option •

    $default  reduce using rule 642 (macro_pin_options)


State 927

  652 macro_pin_option: electrical_direction •

    $default  reduce using rule 652 (macro_pin_option)


State 928

  686 macro_pin_option: start_macro_port • macro_port_class_option geometries K_END
  687                 | start_macro_port • K_END

    K_CLASS  shift, and go to state 1213
    K_END    shift, and go to state 1214

    $default  reduce using rule 752 (macro_port_class_option)

    macro_port_class_option  go to state 1215


State 929

  771 geometry: K_LAYER $@98 • T_STRING $@99 opt_geometry_props layer_exceptpgnet layer_real_abstract_noroute_opt layer_spacing ';'

    T_STRING  shift, and go to state 1216


State 930

  445 maskColor: K_MASK • int_number

    NUMBER  shift, and go to state 93

    int_number  go to state 1217


State 931

  773 geometry: K_PATH maskColor • firstPt otherPts ';'
  774         | K_PATH maskColor • K_ITERATE firstPt otherPts stepPattern ';'

    K_ITERATE  shift, and go to state 1218
    NUMBER     shift, and go to state 93
    '('        shift, and go to state 508

    int_number  go to state 509
    pt          go to state 755
    firstPt     go to state 1219


State 932

  777 geometry: K_POLYGON maskColor • firstPt nextPt nextPt otherPts ';'
  778         | K_POLYGON maskColor • K_ITERATE firstPt nextPt nextPt otherPts stepPattern ';'

    K_ITERATE  shift, and go to state 1220
    NUMBER     shift, and go to state 93
    '('        shift, and go to state 508

    int_number  go to state 509
    pt          go to state 755
    firstPt     go to state 1221


State 933

  775 geometry: K_RECT maskColor • pt pt ';'
  776         | K_RECT maskColor • K_ITERATE pt pt stepPattern ';'

    K_ITERATE  shift, and go to state 1222
    NUMBER     shift, and go to state 93
    '('        shift, and go to state 508

    int_number  go to state 509
    pt          go to state 1223


State 934

  815 via_placement: K_VIA K_ITERATE • maskColor pt $@102 T_STRING stepPattern ';'

    K_MASK  shift, and go to state 930

    $default  reduce using rule 444 (maskColor)

    maskColor  go to state 1224


State 935

  798 geometry_via_prop: K_PROPERTY • prop_name_value

    $default  reduce using rule 799 ($@100)

    prop_name_value  go to state 1225
    $@100            go to state 543


State 936

  813 via_placement: K_VIA opt_geometry_via_props • maskColor pt $@101 T_STRING ';'

    K_MASK  shift, and go to state 930

    $default  reduce using rule 444 (maskColor)

    maskColor  go to state 1226


State 937

  795 opt_geometry_via_props: geometry_via_props •
  797 geometry_via_props: geometry_via_props • geometry_via_prop

    K_PROPERTY  shift, and go to state 935

    $default  reduce using rule 795 (opt_geometry_via_props)

    geometry_via_prop  go to state 1227


State 938

  796 geometry_via_props: geometry_via_prop •

    $default  reduce using rule 796 (geometry_via_props)


State 939

  772 geometry: K_WIDTH int_number • ';'

    ';'  shift, and go to state 1228


State 940

  832 macro_obs: start_macro_obs geometries K_END •

    $default  reduce using rule 832 (macro_obs)


State 941

  768 geometries: geometry geometry_options •
  781 geometry_options: geometry_options • geometry

    K_LAYER    shift, and go to state 588
    K_PATH     shift, and go to state 589
    K_POLYGON  shift, and go to state 590
    K_RECT     shift, and go to state 591
    K_VIA      shift, and go to state 592
    K_WIDTH    shift, and go to state 593

    $default  reduce using rule 768 (geometries)

    geometry       go to state 1229
    via_placement  go to state 596


State 942

  848 end_timing: K_END • K_TIMING

    K_TIMING  shift, and go to state 1230


State 943

  900 risefall: K_FALL •

    $default  reduce using rule 900 (risefall)


State 944

  863 timing_option: K_FALLCS • int_number int_number ';'

    NUMBER  shift, and go to state 93

    int_number  go to state 1231


State 945

  867 timing_option: K_FALLT0 • int_number int_number ';'

    NUMBER  shift, and go to state 93

    int_number  go to state 1232


State 946

  865 timing_option: K_FALLSATT1 • int_number int_number ';'

    NUMBER  shift, and go to state 93

    int_number  go to state 1233


State 947

  861 timing_option: K_FALLRS • int_number int_number ';'

    NUMBER  shift, and go to state 93

    int_number  go to state 1234


State 948

  852 timing_option: K_FROMPIN • $@110 list_of_from_strings ';'

    $default  reduce using rule 851 ($@110)

    $@110  go to state 1235


State 949

  899 risefall: K_RISE •

    $default  reduce using rule 899 (risefall)


State 950

  862 timing_option: K_RISECS • int_number int_number ';'

    NUMBER  shift, and go to state 93

    int_number  go to state 1236


State 951

  860 timing_option: K_RISERS • int_number int_number ';'

    NUMBER  shift, and go to state 93

    int_number  go to state 1237


State 952

  864 timing_option: K_RISESATT1 • int_number int_number ';'

    NUMBER  shift, and go to state 93

    int_number  go to state 1238


State 953

  866 timing_option: K_RISET0 • int_number int_number ';'

    NUMBER  shift, and go to state 93

    int_number  go to state 1239


State 954

  854 timing_option: K_TOPIN • $@111 list_of_to_strings ';'

    $default  reduce using rule 853 ($@111)

    $@111  go to state 1240


State 955

  868 timing_option: K_UNATENESS • unateness ';'

    K_INVERT     shift, and go to state 1241
    K_NONINVERT  shift, and go to state 1242
    K_NONUNATE   shift, and go to state 1243

    unateness  go to state 1244


State 956

  869 timing_option: K_STABLE • K_SETUP int_number K_HOLD int_number risefall ';'

    K_SETUP  shift, and go to state 1245


State 957

  879 two_pin_trigger: K_SETUP •

    $default  reduce using rule 879 (two_pin_trigger)


State 958

  880 two_pin_trigger: K_HOLD •

    $default  reduce using rule 880 (two_pin_trigger)


State 959

  858 timing_option: K_TABLEAXIS • list_of_table_axis_dnumbers ';'

    NUMBER  shift, and go to state 93

    int_number                   go to state 1246
    list_of_table_axis_dnumbers  go to state 1247


State 960

  859 timing_option: K_TABLEENTRIES • list_of_table_entries ';'

    '('  shift, and go to state 1248

    list_of_table_entries  go to state 1249
    table_entry            go to state 1250


State 961

  875 timing_option: K_EXTENSION • ';'

    ';'  shift, and go to state 1251


State 962

  881 two_pin_trigger: K_RECOVERY •

    $default  reduce using rule 881 (two_pin_trigger)


State 963

  882 two_pin_trigger: K_SKEW •

    $default  reduce using rule 882 (two_pin_trigger)


State 964

  872 timing_option: K_SDFCONDSTART • QSTRING ';'

    QSTRING  shift, and go to state 1252


State 965

  873 timing_option: K_SDFCONDEND • QSTRING ';'

    QSTRING  shift, and go to state 1253


State 966

  874 timing_option: K_SDFCOND • QSTRING ';'

    QSTRING  shift, and go to state 1254


State 967

  876 one_pin_trigger: K_MPWH •

    $default  reduce using rule 876 (one_pin_trigger)


State 968

  877 one_pin_trigger: K_MPWL •

    $default  reduce using rule 877 (one_pin_trigger)


State 969

  878 one_pin_trigger: K_PERIOD •

    $default  reduce using rule 878 (one_pin_trigger)


State 970

  846 timing: start_timing timing_options end_timing •

    $default  reduce using rule 846 (timing)


State 971

  850 timing_options: timing_options timing_option •

    $default  reduce using rule 850 (timing_options)


State 972

  871 timing_option: one_pin_trigger • K_TABLEDIMENSION int_number int_number int_number ';'

    K_TABLEDIMENSION  shift, and go to state 1255


State 973

  870 timing_option: two_pin_trigger • from_pin_trigger to_pin_trigger K_TABLEDIMENSION int_number int_number int_number ';'

    K_ANYEDGE  shift, and go to state 1256
    K_POSEDGE  shift, and go to state 1257
    K_NEGEDGE  shift, and go to state 1258

    from_pin_trigger  go to state 1259


State 974

  856 timing_option: risefall • K_INTRINSIC int_number int_number $@112 slew_spec K_VARIABLE int_number int_number ';'
  857              | risefall • delay_or_transition K_UNATENESS unateness K_TABLEDIMENSION int_number int_number int_number ';'

    K_INTRINSIC       shift, and go to state 1260
    K_DELAY           shift, and go to state 1261
    K_TRANSITIONTIME  shift, and go to state 1262

    delay_or_transition  go to state 1263


State 975

  817 sitePattern: T_STRING • int_number int_number orientation K_DO int_number K_BY int_number K_STEP int_number int_number
  818            | T_STRING • int_number int_number orientation

    NUMBER  shift, and go to state 93

    int_number  go to state 874


State 976

  919 array_rule: K_CANPLACE $@117 sitePattern • ';'

    ';'  shift, and go to state 1264


State 977

  921 array_rule: K_CANNOTOCCUPY $@118 sitePattern • ';'

    ';'  shift, and go to state 1265


State 978

  821 trackPattern: K_X • int_number K_DO int_number K_STEP int_number $@103 K_LAYER $@104 trackLayers
  825             | K_X • int_number K_DO int_number K_STEP int_number

    NUMBER  shift, and go to state 93

    int_number  go to state 1266


State 979

  824 trackPattern: K_Y • int_number K_DO int_number K_STEP int_number $@105 K_LAYER $@106 trackLayers
  826             | K_Y • int_number K_DO int_number K_STEP int_number

    NUMBER  shift, and go to state 93

    int_number  go to state 1267


State 980

  923 array_rule: K_TRACKS $@119 trackPattern • ';'

    ';'  shift, and go to state 1268


State 981

  830 gcellPattern: K_X • int_number K_DO int_number K_STEP int_number

    NUMBER  shift, and go to state 93

    int_number  go to state 1269


State 982

  831 gcellPattern: K_Y • int_number K_DO int_number K_STEP int_number

    NUMBER  shift, and go to state 93

    int_number  go to state 1270


State 983

  926 array_rule: K_GCELLGRID $@120 gcellPattern • ';'

    ';'  shift, and go to state 1271


State 984

  927 array_rule: K_DEFAULTCAP int_number cap_list • K_END K_DEFAULTCAP
  936 cap_list: cap_list • one_cap

    K_END      shift, and go to state 1272
    K_MINPINS  shift, and go to state 1273

    one_cap  go to state 1274


State 985

  917 array_rule: site_word $@116 sitePattern • ';'

    ';'  shift, and go to state 1275


State 986

  913 end_array: K_END $@115 • T_STRING

    T_STRING  shift, and go to state 1276


State 987

  924 array_rule: floorplan_start floorplan_list K_END • T_STRING

    T_STRING  shift, and go to state 1277


State 988

  932 floorplan_element: K_CANPLACE • $@121 sitePattern ';'

    $default  reduce using rule 931 ($@121)

    $@121  go to state 1278


State 989

  934 floorplan_element: K_CANNOTOCCUPY • $@122 sitePattern ';'

    $default  reduce using rule 933 ($@122)

    $@122  go to state 1279


State 990

  930 floorplan_list: floorplan_list floorplan_element •

    $default  reduce using rule 930 (floorplan_list)


State 991

  465 nd_hardspacing: K_HARDSPACING ';' •

    $default  reduce using rule 465 (nd_hardspacing)


State 992

  461 nondefault_rule: K_NONDEFAULTRULE $@63 T_STRING $@64 nd_hardspacing nd_rules • $@65 end_nd_rule
  467 nd_rules: nd_rules • nd_rule

    K_LAYER       shift, and go to state 1280
    K_SPACING     shift, and go to state 14
    K_VIA         shift, and go to state 16
    T_STRING      shift, and go to state 1281
    K_PROPERTY    shift, and go to state 1282
    K_MINCUTS     shift, and go to state 1283
    K_USEVIA      shift, and go to state 1284
    K_USEVIARULE  shift, and go to state 1285

    $default  reduce using rule 460 ($@65)

    via            go to state 1286
    via_keyword    go to state 58
    start_via      go to state 59
    spacing_rule   go to state 1287
    start_spacing  go to state 64
    $@65           go to state 1288
    nd_rule        go to state 1289
    usevia         go to state 1290
    useviarule     go to state 1291
    mincuts        go to state 1292
    nd_prop        go to state 1293
    nd_layer       go to state 1294


State 993

  992 prop_stmt: K_COMPONENTPIN $@127 T_STRING • prop_define ';'

    K_STRING         shift, and go to state 1295
    K_INTEGER        shift, and go to state 1296
    K_REAL           shift, and go to state 1297
    K_NAMEMAPSTRING  shift, and go to state 1298

    prop_define  go to state 1299


State 994

  1002 prop_stmt: K_LAYER $@132 T_STRING • prop_define ';'

    K_STRING         shift, and go to state 1295
    K_INTEGER        shift, and go to state 1296
    K_REAL           shift, and go to state 1297
    K_NAMEMAPSTRING  shift, and go to state 1298

    prop_define  go to state 1300


State 995

  990 prop_stmt: K_LIBRARY $@126 T_STRING • prop_define ';'

    K_STRING         shift, and go to state 1295
    K_INTEGER        shift, and go to state 1296
    K_REAL           shift, and go to state 1297
    K_NAMEMAPSTRING  shift, and go to state 1298

    prop_define  go to state 1301


State 996

  996 prop_stmt: K_MACRO $@129 T_STRING • prop_define ';'

    K_STRING         shift, and go to state 1295
    K_INTEGER        shift, and go to state 1296
    K_REAL           shift, and go to state 1297
    K_NAMEMAPSTRING  shift, and go to state 1298

    prop_define  go to state 1302


State 997

  1004 prop_stmt: K_NONDEFAULTRULE $@133 T_STRING • prop_define ';'

    K_STRING         shift, and go to state 1295
    K_INTEGER        shift, and go to state 1296
    K_REAL           shift, and go to state 1297
    K_NAMEMAPSTRING  shift, and go to state 1298

    prop_define  go to state 1303


State 998

  994 prop_stmt: K_PIN $@128 T_STRING • prop_define ';'

    K_STRING         shift, and go to state 1295
    K_INTEGER        shift, and go to state 1296
    K_REAL           shift, and go to state 1297
    K_NAMEMAPSTRING  shift, and go to state 1298

    prop_define  go to state 1304


State 999

  1008 prop_stmt: K_SITE $@135 T_STRING • prop_define ';'

    K_STRING         shift, and go to state 1295
    K_INTEGER        shift, and go to state 1296
    K_REAL           shift, and go to state 1297
    K_NAMEMAPSTRING  shift, and go to state 1298

    prop_define  go to state 1305


State 1000

  1006 prop_stmt: K_PORTOBS $@134 T_STRING • prop_define ';'

    K_STRING         shift, and go to state 1295
    K_INTEGER        shift, and go to state 1296
    K_REAL           shift, and go to state 1297
    K_NAMEMAPSTRING  shift, and go to state 1298

    prop_define  go to state 1306


State 1001

  998 prop_stmt: K_VIA $@130 T_STRING • prop_define ';'

    K_STRING         shift, and go to state 1295
    K_INTEGER        shift, and go to state 1296
    K_REAL           shift, and go to state 1297
    K_NAMEMAPSTRING  shift, and go to state 1298

    prop_define  go to state 1307


State 1002

  1000 prop_stmt: K_VIARULE $@131 T_STRING • prop_define ';'

    K_STRING         shift, and go to state 1295
    K_INTEGER        shift, and go to state 1296
    K_REAL           shift, and go to state 1297
    K_NAMEMAPSTRING  shift, and go to state 1298

    prop_define  go to state 1308


State 1003

  1088 correction_table_item: K_EDGERATE int_number • ';'

    ';'  shift, and go to state 1309


State 1004

  1091 output_list: K_OUTPUTRESISTANCE $@149 • numo_list ';' corr_victim_list

    NUMBER  shift, and go to state 93

    int_number  go to state 1310
    numo_list   go to state 1311


State 1005

  1085 end_correctiontable: K_END • K_CORRECTIONTABLE

    K_CORRECTIONTABLE  shift, and go to state 1312


State 1006

  1084 correctiontable: K_CORRECTIONTABLE int_number ';' $@148 correction_table_list end_correctiontable • dtrm

    ';'   shift, and go to state 1025
    '\n'  shift, and go to state 1026

    $default  reduce using rule 942 (dtrm)

    dtrm  go to state 1313


State 1007

  1087 correction_table_list: correction_table_list correction_table_item •

    $default  reduce using rule 1087 (correction_table_list)


State 1008

  1071 noise_table_entry: K_EDGERATE int_number • ';'

    ';'  shift, and go to state 1314


State 1009

  1074 output_resistance_entry: K_OUTPUTRESISTANCE $@146 • num_list ';' victim_list

    NUMBER  shift, and go to state 93

    int_number  go to state 1315
    num_list    go to state 1316


State 1010

  1068 end_noisetable: K_END • K_NOISETABLE

    K_NOISETABLE  shift, and go to state 1317


State 1011

  1067 noisetable: K_NOISETABLE int_number $@145 ';' noise_table_list end_noisetable • dtrm

    ';'   shift, and go to state 1025
    '\n'  shift, and go to state 1026

    $default  reduce using rule 942 (dtrm)

    dtrm  go to state 1318


State 1012

  1070 noise_table_list: noise_table_list noise_table_entry •

    $default  reduce using rule 1070 (noise_table_list)


State 1013

  955 expression: K_IF • b_expr then expression else expression
  969 b_expr: K_IF • b_expr then b_expr else b_expr
  974 s_expr: K_IF • b_expr then s_expr else s_expr

    QSTRING  shift, and go to state 631
    NUMBER   shift, and go to state 93
    K_IF     shift, and go to state 1013
    K_FALSE  shift, and go to state 1014
    K_TRUE   shift, and go to state 1015
    K_NOT    shift, and go to state 1016
    '-'      shift, and go to state 1017
    '('      shift, and go to state 1018

    int_number  go to state 1019
    expression  go to state 1020
    b_expr      go to state 1319
    s_expr      go to state 1022


State 1014

  971 b_expr: K_FALSE •

    $default  reduce using rule 971 (b_expr)


State 1015

  970 b_expr: K_TRUE •

    $default  reduce using rule 970 (b_expr)


State 1016

  967 b_expr: K_NOT • b_expr

    QSTRING  shift, and go to state 631
    NUMBER   shift, and go to state 93
    K_IF     shift, and go to state 1013
    K_FALSE  shift, and go to state 1014
    K_TRUE   shift, and go to state 1015
    K_NOT    shift, and go to state 1016
    '-'      shift, and go to state 1017
    '('      shift, and go to state 1018

    int_number  go to state 1019
    expression  go to state 1020
    b_expr      go to state 1320
    s_expr      go to state 1022


State 1017

  953 expression: '-' • expression

    NUMBER  shift, and go to state 93
    K_IF    shift, and go to state 1321
    '-'     shift, and go to state 1017
    '('     shift, and go to state 1322

    int_number  go to state 1019
    expression  go to state 1323


State 1018

  954 expression: '(' • expression ')'
  968 b_expr: '(' • b_expr ')'
  973 s_expr: '(' • s_expr ')'

    QSTRING  shift, and go to state 631
    NUMBER   shift, and go to state 93
    K_IF     shift, and go to state 1013
    K_FALSE  shift, and go to state 1014
    K_TRUE   shift, and go to state 1015
    K_NOT    shift, and go to state 1016
    '-'      shift, and go to state 1017
    '('      shift, and go to state 1018

    int_number  go to state 1019
    expression  go to state 1324
    b_expr      go to state 1325
    s_expr      go to state 1326


State 1019

  956 expression: int_number •

    $default  reduce using rule 956 (expression)


State 1020

  949 expression: expression • '+' expression
  950           | expression • '-' expression
  951           | expression • '*' expression
  952           | expression • '/' expression
  957 b_expr: expression • relop expression
  958       | expression • K_AND expression
  959       | expression • K_OR expression

    K_EQ   shift, and go to state 1327
    K_NE   shift, and go to state 1328
    K_LE   shift, and go to state 1329
    K_LT   shift, and go to state 1330
    K_GE   shift, and go to state 1331
    K_GT   shift, and go to state 1332
    K_OR   shift, and go to state 1333
    K_AND  shift, and go to state 1334
    '-'    shift, and go to state 1335
    '+'    shift, and go to state 1336
    '*'    shift, and go to state 1337
    '/'    shift, and go to state 1338
    '='    shift, and go to state 1339
    '<'    shift, and go to state 1340
    '>'    shift, and go to state 1341

    relop  go to state 1342


State 1021

  963 b_expr: b_expr • K_EQ b_expr
  964       | b_expr • K_NE b_expr
  965       | b_expr • K_AND b_expr
  966       | b_expr • K_OR b_expr
  974 s_expr: K_IF b_expr • then s_expr else s_expr

    K_THEN  shift, and go to state 1343
    K_EQ    shift, and go to state 1344
    K_NE    shift, and go to state 1345
    K_OR    shift, and go to state 1346
    K_AND   shift, and go to state 1347
    '\n'    shift, and go to state 1348

    then  go to state 1349


State 1022

  960 b_expr: s_expr • relop s_expr
  961       | s_expr • K_AND s_expr
  962       | s_expr • K_OR s_expr
  972 s_expr: s_expr • '+' s_expr

    K_EQ   shift, and go to state 1327
    K_NE   shift, and go to state 1328
    K_LE   shift, and go to state 1329
    K_LT   shift, and go to state 1330
    K_GE   shift, and go to state 1331
    K_GT   shift, and go to state 1332
    K_OR   shift, and go to state 1350
    K_AND  shift, and go to state 1351
    '+'    shift, and go to state 1024
    '='    shift, and go to state 1339
    '<'    shift, and go to state 1340
    '>'    shift, and go to state 1341

    relop  go to state 1352


State 1023

  972 s_expr: s_expr • '+' s_expr
  973       | '(' s_expr • ')'

    '+'  shift, and go to state 1024
    ')'  shift, and go to state 1353


State 1024

  972 s_expr: s_expr '+' • s_expr

    QSTRING  shift, and go to state 631
    K_IF     shift, and go to state 632
    '('      shift, and go to state 633

    s_expr  go to state 1354


State 1025

  943 dtrm: ';' •

    $default  reduce using rule 943 (dtrm)


State 1026

  944 dtrm: '\n' •

    $default  reduce using rule 944 (dtrm)


State 1027

  939 msg_statement: K_MESSAGE $@123 T_STRING '=' s_expr dtrm •

    $default  reduce using rule 939 (msg_statement)


State 1028

  941 create_file_statement: K_CREATEFILE $@124 T_STRING '=' s_expr dtrm •

    $default  reduce using rule 941 (create_file_statement)


State 1029

  331 maxstack_via: K_MAXVIASTACK int_number K_RANGE $@47 T_STRING T_STRING • ';'

    ';'  shift, and go to state 1355


State 1030

   69 units_rule: K_CAPACITANCE K_PICOFARADS int_number ';' •

    $default  reduce using rule 69 (units_rule)


State 1031

   72 units_rule: K_CURRENT K_MILLIAMPS int_number ';' •

    $default  reduce using rule 72 (units_rule)


State 1032

   74 units_rule: K_DATABASE K_MICRONS int_number ';' •

    $default  reduce using rule 74 (units_rule)


State 1033

   71 units_rule: K_POWER K_MILLIWATTS int_number ';' •

    $default  reduce using rule 71 (units_rule)


State 1034

   70 units_rule: K_RESISTANCE K_OHMS int_number ';' •

    $default  reduce using rule 70 (units_rule)


State 1035

   68 units_rule: K_TIME K_NANOSECONDS int_number ';' •

    $default  reduce using rule 68 (units_rule)


State 1036

   73 units_rule: K_VOLTAGE K_VOLTS int_number ';' •

    $default  reduce using rule 73 (units_rule)


State 1037

   75 units_rule: K_FREQUENCY K_MEGAHERTZ NUMBER ';' •

    $default  reduce using rule 75 (units_rule)


State 1038

  107 layer_option: K_CAPACITANCE K_CPERSQDIST K_PWL '(' • cap_points ')' ';'

    '('  shift, and go to state 1356

    cap_points  go to state 1357
    cap_point   go to state 1358


State 1039

  106 layer_option: K_CAPACITANCE K_CPERSQDIST int_number ';' •

    $default  reduce using rule 106 (layer_option)


State 1040

   94 layer_option: K_OFFSET int_number int_number ';' •

    $default  reduce using rule 94 (layer_option)


State 1041

   90 layer_option: K_PITCH int_number int_number ';' •

    $default  reduce using rule 90 (layer_option)


State 1042

  105 layer_option: K_RESISTANCE K_RPERSQ K_PWL '(' • res_points ')' ';'

    '('  shift, and go to state 1359

    res_points  go to state 1360
    res_point   go to state 1361


State 1043

  104 layer_option: K_RESISTANCE K_RPERSQ int_number ';' •

    $default  reduce using rule 104 (layer_option)


State 1044

  1036 layer_spacing_opt: K_SAMENET • $@137 opt_samenetPGonly

    $default  reduce using rule 1035 ($@137)

    $@137  go to state 1362


State 1045

  1034 layer_spacing_opt: K_CENTERTOCENTER •

    $default  reduce using rule 1034 (layer_spacing_opt)


State 1046

  1037 layer_spacing_opt: K_PARALLELOVERLAP •

    $default  reduce using rule 1037 (layer_spacing_opt)


State 1047

  100 layer_option: K_SPACING int_number $@6 layer_spacing_opts • layer_spacing_cut_routing ';'

    K_AREA             shift, and go to state 1363
    K_LAYER            shift, and go to state 1364
    K_RANGE            shift, and go to state 1365
    K_LENGTHTHRESHOLD  shift, and go to state 1366
    K_ADJACENTCUTS     shift, and go to state 1367
    K_ENDOFLINE        shift, and go to state 1368
    K_ENDOFNOTCHWIDTH  shift, and go to state 1369
    K_NOTCHLENGTH      shift, and go to state 1370

    $default  reduce using rule 1038 (layer_spacing_cut_routing)

    layer_spacing_cut_routing  go to state 1371


State 1048

  1033 layer_spacing_opts: layer_spacing_opt • layer_spacing_opts

    K_SAMENET          shift, and go to state 1044
    K_CENTERTOCENTER   shift, and go to state 1045
    K_PARALLELOVERLAP  shift, and go to state 1046

    $default  reduce using rule 1032 (layer_spacing_opts)

    layer_spacing_opts  go to state 1372
    layer_spacing_opt   go to state 1048


State 1049

  260 layer_prop: T_STRING T_STRING •

    $default  reduce using rule 260 (layer_prop)


State 1050

  261 layer_prop: T_STRING QSTRING •

    $default  reduce using rule 261 (layer_prop)


State 1051

  262 layer_prop: T_STRING NUMBER •

    $default  reduce using rule 262 (layer_prop)


State 1052

  119 layer_option: K_PROPERTY $@8 layer_prop_list ';' •

    $default  reduce using rule 119 (layer_option)


State 1053

  259 layer_prop_list: layer_prop_list layer_prop •

    $default  reduce using rule 259 (layer_prop_list)


State 1054

  265 current_density_pwl: '(' • int_number int_number ')'

    NUMBER  shift, and go to state 93

    int_number  go to state 1373


State 1055

  116 layer_option: K_CURRENTDEN K_PWL '(' current_density_pwl_list • ')' ';'
  264 current_density_pwl_list: current_density_pwl_list • current_density_pwl

    '('  shift, and go to state 1054
    ')'  shift, and go to state 1374

    current_density_pwl  go to state 1375


State 1056

  263 current_density_pwl_list: current_density_pwl •

    $default  reduce using rule 263 (current_density_pwl_list)


State 1057

  117 layer_option: K_CURRENTDEN '(' int_number int_number • ')' ';'

    ')'  shift, and go to state 1376


State 1058

  122 layer_option: K_ACCURRENTDENSITY layer_table_type int_number ';' •

    $default  reduce using rule 122 (layer_option)


State 1059

  246 layer_frequency: K_FREQUENCY • NUMBER $@39 number_list ';' $@40 ac_layer_table_opt K_TABLEENTRIES NUMBER $@41 number_list ';'

    NUMBER  shift, and go to state 1377


State 1060

  121 layer_option: K_ACCURRENTDENSITY layer_table_type $@9 layer_frequency •

    $default  reduce using rule 121 (layer_option)


State 1061

  129 layer_option: K_DCCURRENTDENSITY K_AVERAGE K_WIDTH int_number • $@12 int_number_list ';' $@13 dc_layer_table

    $default  reduce using rule 127 ($@12)

    $@12  go to state 1378


State 1062

  126 layer_option: K_DCCURRENTDENSITY K_AVERAGE K_CUTAREA NUMBER • $@10 number_list ';' $@11 dc_layer_table

    $default  reduce using rule 124 ($@10)

    $@10  go to state 1379


State 1063

  123 layer_option: K_DCCURRENTDENSITY K_AVERAGE int_number ';' •

    $default  reduce using rule 123 (layer_option)


State 1064

  234 layer_antenna_pwl: K_PWL '(' • pt pt $@38 layer_diffusion_ratios ')'

    NUMBER  shift, and go to state 93
    '('     shift, and go to state 508

    int_number  go to state 509
    pt          go to state 1380


State 1065

  132 layer_option: K_ANTENNADIFFAREARATIO $@14 layer_antenna_pwl ';' •

    $default  reduce using rule 132 (layer_option)


State 1066

  135 layer_option: K_ANTENNACUMDIFFAREARATIO $@15 layer_antenna_pwl ';' •

    $default  reduce using rule 135 (layer_option)


State 1067

  239 layer_antenna_duo: K_DIFFUSEONLY •

    $default  reduce using rule 239 (layer_antenna_duo)


State 1068

  137 layer_option: K_ANTENNAAREAFACTOR int_number $@16 layer_antenna_duo • ';'

    ';'  shift, and go to state 1381


State 1069

  140 layer_option: K_ANTENNADIFFSIDEAREARATIO $@17 layer_antenna_pwl ';' •

    $default  reduce using rule 140 (layer_option)


State 1070

  143 layer_option: K_ANTENNACUMDIFFSIDEAREARATIO $@18 layer_antenna_pwl ';' •

    $default  reduce using rule 143 (layer_option)


State 1071

  145 layer_option: K_ANTENNASIDEAREAFACTOR int_number $@19 layer_antenna_duo • ';'

    ';'  shift, and go to state 1382


State 1072

  164 layer_option: K_DENSITYCHECKWINDOW int_number int_number ';' •

    $default  reduce using rule 164 (layer_option)


State 1073

  172 layer_option: K_MINIMUMCUT int_number K_WIDTH int_number • $@24 layer_minimumcut_within layer_minimumcut_from layer_minimumcut_length ';'

    $default  reduce using rule 171 ($@24)

    $@24  go to state 1383


State 1074

  147 layer_option: K_ANTENNAMODEL $@20 layer_oxide ';' •

    $default  reduce using rule 147 (layer_option)


State 1075

  179 layer_option: K_ENCLOSURE layer_enclosure_type_opt int_number int_number • $@27 layer_enclosure_width_opt ';'

    $default  reduce using rule 178 ($@27)

    $@27  go to state 1384


State 1076

  283 layer_minen_width: K_WIDTH • int_number

    NUMBER  shift, and go to state 93

    int_number  go to state 1385


State 1077

  170 layer_option: K_MINENCLOSEDAREA NUMBER $@23 layer_minen_width • ';'

    ';'  shift, and go to state 1386


State 1078

  174 layer_option: K_MINSTEP int_number $@25 layer_minstep_options • ';'
  225 layer_minstep_options: layer_minstep_options • layer_minstep_option

    K_STEP           shift, and go to state 1387
    K_INSIDECORNER   shift, and go to state 1388
    K_LENGTHSUM      shift, and go to state 1389
    K_OUTSIDECORNER  shift, and go to state 1390
    K_MAXEDGES       shift, and go to state 1391
    ';'              shift, and go to state 1392

    layer_minstep_option  go to state 1393
    layer_minstep_type    go to state 1394


State 1079

  175 layer_option: K_PROTRUSIONWIDTH int_number K_LENGTH int_number • K_WIDTH int_number ';'

    K_WIDTH  shift, and go to state 1395


State 1080

  102 layer_option: K_SPACINGTABLE K_ORTHOGONAL K_WITHIN int_number • K_SPACING int_number $@7 layer_spacingtable_opts ';'

    K_SPACING  shift, and go to state 1396


State 1081

  202 sp_options: K_INFLUENCE K_WIDTH • int_number K_WITHIN int_number K_SPACING int_number $@36 layer_sp_influence_widths

    NUMBER  shift, and go to state 93

    int_number  go to state 1397


State 1082

  197 sp_options: K_PARALLELRUNLENGTH int_number • $@30 int_number_list $@31 K_WIDTH int_number $@32 int_number_list $@33 layer_sp_parallel_widths

    $default  reduce using rule 193 ($@30)

    $@30  go to state 1398


State 1083

  200 sp_options: K_TWOWIDTHS K_WIDTH • int_number layer_sp_TwoWidthsPRL int_number $@34 int_number_list $@35 layer_sp_TwoWidths

    NUMBER  shift, and go to state 93

    int_number  go to state 1399


State 1084

  177 layer_option: K_SPACINGTABLE $@26 sp_options ';' •

    $default  reduce using rule 177 (layer_option)


State 1085

   92 layer_option: K_DIAGPITCH int_number int_number ';' •

    $default  reduce using rule 92 (layer_option)


State 1086

  185 layer_option: K_MINSIZE $@29 firstPt otherPts • ';'
  811 otherPts: otherPts • nextPt

    NUMBER  shift, and go to state 93
    ';'     shift, and go to state 1400
    '('     shift, and go to state 508

    int_number  go to state 509
    pt          go to state 1401
    nextPt      go to state 1402


State 1087

  181 layer_option: K_PREFERENCLOSURE layer_enclosure_type_opt int_number int_number • $@28 layer_preferenclosure_width_opt ';'

    $default  reduce using rule 180 ($@28)

    $@28  go to state 1403


State 1088

  189 layer_arraySpacing_width: K_WIDTH • int_number

    NUMBER  shift, and go to state 93

    int_number  go to state 1404


State 1089

   86 layer_option: K_ARRAYSPACING $@4 layer_arraySpacing_long layer_arraySpacing_width • K_CUTSPACING int_number $@5 layer_arraySpacing_arraycuts ';'

    K_CUTSPACING  shift, and go to state 1405


State 1090

  153 layer_option: K_ANTENNAAREADIFFREDUCEPWL '(' pt pt • $@21 layer_diffusion_ratios ')' ';' $@22

    $default  reduce using rule 151 ($@21)

    $@21  go to state 1406


State 1091

  389 via_layer: K_LAYER $@55 T_STRING ';' •

    $default  reduce using rule 389 (via_layer)


State 1092

  341 via_viarule: K_VIARULE $@49 T_STRING ';' • K_CUTSIZE int_number int_number ';' K_LAYERS $@50 T_STRING T_STRING T_STRING ';' K_CUTSPACING int_number int_number ';' K_ENCLOSURE int_number int_number int_number int_number ';' $@51 via_viarule_options

    K_CUTSIZE  shift, and go to state 1407


State 1093

  364 via_name_value_pair: T_STRING T_STRING •

    $default  reduce using rule 364 (via_name_value_pair)


State 1094

  363 via_name_value_pair: T_STRING QSTRING •

    $default  reduce using rule 363 (via_name_value_pair)


State 1095

  362 via_name_value_pair: T_STRING NUMBER •

    $default  reduce using rule 362 (via_name_value_pair)


State 1096

  358 via_other_option: K_PROPERTY $@53 via_prop_list ';' •

    $default  reduce using rule 358 (via_other_option)


State 1097

  361 via_prop_list: via_prop_list via_name_value_pair •

    $default  reduce using rule 361 (via_prop_list)


State 1098

  396 end_via: K_END $@57 T_STRING •

    $default  reduce using rule 396 (end_via)


State 1099

  530 pt: '(' int_number int_number • ')'

    ')'  shift, and go to state 1408


State 1100

  367 via_foreign: start_foreign pt orientation ';' •

    $default  reduce using rule 367 (via_foreign)


State 1101

  394 via_geometry: K_POLYGON maskColor • $@56 firstPt nextPt nextPt otherPts ';'

    $default  reduce using rule 393 ($@56)

    $@56  go to state 1409


State 1102

  392 via_geometry: K_RECT maskColor • pt pt ';'

    NUMBER  shift, and go to state 93
    '('     shift, and go to state 508

    int_number  go to state 509
    pt          go to state 1410


State 1103

  401 viarule_generate: viarule_keyword K_GENERATE viarule_generate_default $@59 viarule_layer_list opt_viarule_props • end_viarule

    K_END  shift, and go to state 787

    end_viarule  go to state 1411


State 1104

  412 viarule_prop_list: viarule_prop •

    $default  reduce using rule 412 (viarule_prop_list)


State 1105

  411 viarule_prop: K_PROPERTY $@60 viarule_prop_list • ';'
  413 viarule_prop_list: viarule_prop_list • viarule_prop

    T_STRING    shift, and go to state 515
    K_PROPERTY  shift, and go to state 516
    ';'         shift, and go to state 1412

    viarule_prop  go to state 1413


State 1106

  420 via_name: via_keyword T_STRING ';' •

    $default  reduce using rule 420 (via_name)


State 1107

  435 end_viarule: K_END $@62 • T_STRING

    T_STRING  shift, and go to state 1414


State 1108

  425 viarule_layer_option: K_DIRECTION K_HORIZONTAL ';' •

    $default  reduce using rule 425 (viarule_layer_option)


State 1109

  426 viarule_layer_option: K_DIRECTION K_VERTICAL ';' •

    $default  reduce using rule 426 (viarule_layer_option)


State 1110

  433 viarule_layer_option: K_METALOVERHANG int_number ';' •

    $default  reduce using rule 433 (viarule_layer_option)


State 1111

  432 viarule_layer_option: K_OVERHANG int_number ';' •

    $default  reduce using rule 432 (viarule_layer_option)


State 1112

  429 viarule_layer_option: K_RECT pt pt • ';'

    ';'  shift, and go to state 1415


State 1113

  431 viarule_layer_option: K_RESISTANCE int_number ';' •

    $default  reduce using rule 431 (viarule_layer_option)


State 1114

  430 viarule_layer_option: K_SPACING int_number K_BY • int_number ';'

    NUMBER  shift, and go to state 93

    int_number  go to state 1416


State 1115

  428 viarule_layer_option: K_WIDTH int_number K_TO • int_number ';'

    NUMBER  shift, and go to state 93

    int_number  go to state 1417


State 1116

  427 viarule_layer_option: K_ENCLOSURE int_number int_number • ';'

    ';'  shift, and go to state 1418


State 1117

  441 spacing: samenet_keyword T_STRING T_STRING int_number • ';'
  442        | samenet_keyword T_STRING T_STRING int_number • K_STACK ';'

    K_STACK  shift, and go to state 1419
    ';'      shift, and go to state 1420


State 1118

  454 ir_table_value: int_number int_number •

    $default  reduce using rule 454 (ir_table_value)


State 1119

  508 site_option: K_SIZE int_number K_BY int_number • ';'

    ';'  shift, and go to state 1421


State 1120

  803 prop_string_value: T_STRING •

    $default  reduce using rule 803 (prop_string_value)


State 1121

  804 prop_string_value: QSTRING •

    $default  reduce using rule 804 (prop_string_value)


State 1122

  802 prop_name_value_pair: T_STRING NUMBER •

    $default  reduce using rule 802 (prop_name_value_pair)


State 1123

  801 prop_name_value_pair: T_STRING prop_string_value •

    $default  reduce using rule 801 (prop_name_value_pair)


State 1124

  528 site_rowpattern: T_STRING • orientation $@77

    K_N      shift, and go to state 491
    K_S      shift, and go to state 492
    K_E      shift, and go to state 493
    K_W      shift, and go to state 494
    K_FN     shift, and go to state 495
    K_FS     shift, and go to state 496
    K_FE     shift, and go to state 497
    K_FW     shift, and go to state 498
    K_R0     shift, and go to state 499
    K_R90    shift, and go to state 500
    K_R180   shift, and go to state 501
    K_R270   shift, and go to state 502
    K_MX     shift, and go to state 503
    K_MY     shift, and go to state 504
    K_MXR90  shift, and go to state 505
    K_MYR90  shift, and go to state 506

    orientation  go to state 1422


State 1125

  524 site_rowpattern_statement: K_ROWPATTERN $@76 site_rowpatterns ';' •

    $default  reduce using rule 524 (site_rowpattern_statement)


State 1126

  526 site_rowpatterns: site_rowpatterns site_rowpattern •

    $default  reduce using rule 526 (site_rowpatterns)


State 1127

  845 macro_clocktype: K_CLOCKTYPE $@109 T_STRING ';' •

    $default  reduce using rule 845 (macro_clocktype)


State 1128

  628 macro_eeq: K_EEQ $@83 T_STRING ';' •

    $default  reduce using rule 628 (macro_eeq)


State 1129

  616 macro_generate: K_GENERATE T_STRING T_STRING ';' •

    $default  reduce using rule 616 (macro_generate)


State 1130

  630 macro_leq: K_LEQ $@84 T_STRING ';' •

    $default  reduce using rule 630 (macro_leq)


State 1131

  635 macro_size: K_SIZE int_number K_BY int_number • ';'

    ';'  shift, and go to state 1423


State 1132

  572 macro_name_value_pair: T_STRING T_STRING •

    $default  reduce using rule 572 (macro_name_value_pair)


State 1133

  571 macro_name_value_pair: T_STRING QSTRING •

    $default  reduce using rule 571 (macro_name_value_pair)


State 1134

  570 macro_name_value_pair: T_STRING NUMBER •

    $default  reduce using rule 570 (macro_name_value_pair)


State 1135

  561 macro_option: K_PROPERTY $@81 macro_prop_list ';' •

    $default  reduce using rule 561 (macro_option)


State 1136

  563 macro_prop_list: macro_prop_list macro_name_value_pair •

    $default  reduce using rule 563 (macro_prop_list)


State 1137

  840 density_layer: K_LAYER $@107 T_STRING • ';' $@108 density_layer_rect density_layer_rects

    ';'  shift, and go to state 1424


State 1138

  835 macro_density: K_DENSITY density_layer density_layers K_END •

    $default  reduce using rule 835 (macro_density)


State 1139

  837 density_layers: density_layers density_layer •

    $default  reduce using rule 837 (density_layers)


State 1140

  614 obsspaicing_layer: K_LAYER $@82 • T_STRING

    T_STRING  shift, and go to state 1425


State 1141

  607 macro_obsspacing: K_OBSSPACING obsspacing_opt obsspaicing_layers ';' •

    $default  reduce using rule 607 (macro_obsspacing)


State 1142

  612 obsspaicing_layers: obsspaicing_layer obsspaicing_layers •

    $default  reduce using rule 612 (obsspaicing_layers)


State 1143

  624 macro_foreign: start_foreign pt orientation ';' •

    $default  reduce using rule 624 (macro_foreign)


State 1144

  536 end_macro: K_END $@80 T_STRING •

    $default  reduce using rule 536 (end_macro)


State 1145

  817 sitePattern: T_STRING int_number int_number • orientation K_DO int_number K_BY int_number K_STEP int_number int_number
  818            | T_STRING int_number int_number • orientation

    K_N      shift, and go to state 491
    K_S      shift, and go to state 492
    K_E      shift, and go to state 493
    K_W      shift, and go to state 494
    K_FN     shift, and go to state 495
    K_FS     shift, and go to state 496
    K_FE     shift, and go to state 497
    K_FW     shift, and go to state 498
    K_R0     shift, and go to state 499
    K_R90    shift, and go to state 500
    K_R180   shift, and go to state 501
    K_R270   shift, and go to state 502
    K_MX     shift, and go to state 503
    K_MY     shift, and go to state 504
    K_MXR90  shift, and go to state 505
    K_MYR90  shift, and go to state 506

    orientation  go to state 1426


State 1146

  672 macro_pin_option: K_CAPACITANCE int_number • ';'

    ';'  shift, and go to state 1427


State 1147

  677 macro_pin_option: K_CURRENTSOURCE K_ACTIVE • ';'

    ';'  shift, and go to state 1428


State 1148

  678 macro_pin_option: K_CURRENTSOURCE K_RESISTIVE • ';'

    ';'  shift, and go to state 1429


State 1149

  750 electrical_direction: K_DIRECTION K_FEEDTHRU • ';'

    ';'  shift, and go to state 1430


State 1150

  749 electrical_direction: K_DIRECTION K_INOUT • ';'

    ';'  shift, and go to state 1431


State 1151

  746 electrical_direction: K_DIRECTION K_INPUT • ';'

    ';'  shift, and go to state 1432


State 1152

  747 electrical_direction: K_DIRECTION K_OUTPUT • ';'
  748                     | K_DIRECTION K_OUTPUT • K_TRISTATE ';'

    K_TRISTATE  shift, and go to state 1433
    ';'         shift, and go to state 1434


State 1153

  640 end_macro_pin: K_END $@86 • T_STRING

    T_STRING  shift, and go to state 1435


State 1154

  659 macro_pin_option: K_FALLSATCUR int_number • ';'

    ';'  shift, and go to state 1436


State 1155

  657 macro_pin_option: K_FALLTHRESH int_number • ';'

    ';'  shift, and go to state 1437


State 1156

  671 macro_pin_option: K_INPUTNOISEMARGIN $@91 • int_number int_number ';'

    NUMBER  shift, and go to state 93

    int_number  go to state 1438


State 1157

  681 macro_pin_option: K_IV_TABLES T_STRING • T_STRING ';'

    T_STRING  shift, and go to state 1439


State 1158

  655 macro_pin_option: K_LEAKAGE int_number • ';'

    ';'  shift, and go to state 1440


State 1159

  650 macro_pin_option: K_LEQ $@87 • T_STRING ';'

    T_STRING  shift, and go to state 1441


State 1160

  673 macro_pin_option: K_MAXDELAY int_number • ';'

    ';'  shift, and go to state 1442


State 1161

  674 macro_pin_option: K_MAXLOAD int_number • ';'

    ';'  shift, and go to state 1443


State 1162

  665 macro_pin_option: K_MUSTJOIN $@88 • T_STRING ';'

    T_STRING  shift, and go to state 1444


State 1163

  667 macro_pin_option: K_OUTPUTNOISEMARGIN $@89 • int_number int_number ';'

    NUMBER  shift, and go to state 93

    int_number  go to state 1445


State 1164

  651 macro_pin_option: K_POWER int_number • ';'

    ';'  shift, and go to state 1446


State 1165

  676 macro_pin_option: K_PULLDOWNRES int_number • ';'

    ';'  shift, and go to state 1447


State 1166

  675 macro_pin_option: K_RESISTANCE int_number • ';'

    ';'  shift, and go to state 1448


State 1167

  658 macro_pin_option: K_RISESATCUR int_number • ';'

    ';'  shift, and go to state 1449


State 1168

  656 macro_pin_option: K_RISETHRESH int_number • ';'

    ';'  shift, and go to state 1450


State 1169

  679 macro_pin_option: K_RISEVOLTAGETHRESHOLD int_number • ';'

    ';'  shift, and go to state 1451


State 1170

  680 macro_pin_option: K_FALLVOLTAGETHRESHOLD int_number • ';'

    ';'  shift, and go to state 1452


State 1171

  760 macro_scan_use: K_INPUT •

    $default  reduce using rule 760 (macro_scan_use)


State 1172

  761 macro_scan_use: K_OUTPUT •

    $default  reduce using rule 761 (macro_scan_use)


State 1173

  762 macro_scan_use: K_START •

    $default  reduce using rule 762 (macro_scan_use)


State 1174

  763 macro_scan_use: K_STOP •

    $default  reduce using rule 763 (macro_scan_use)


State 1175

  654 macro_pin_option: K_SCANUSE macro_scan_use • ';'

    ';'  shift, and go to state 1453


State 1176

  765 pin_shape: K_ABUTMENT •

    $default  reduce using rule 765 (pin_shape)


State 1177

  767 pin_shape: K_FEEDTHRU •

    $default  reduce using rule 767 (pin_shape)


State 1178

  766 pin_shape: K_RING •

    $default  reduce using rule 766 (pin_shape)


State 1179

  663 macro_pin_option: K_SHAPE pin_shape • ';'

    ';'  shift, and go to state 1454


State 1180

  662 macro_pin_option: K_TIEOFFR int_number • ';'

    ';'  shift, and go to state 1455


State 1181

  755 macro_pin_use: K_ANALOG •

    $default  reduce using rule 755 (macro_pin_use)


State 1182

  758 macro_pin_use: K_CLOCK •

    $default  reduce using rule 758 (macro_pin_use)


State 1183

  759 macro_pin_use: K_DATA •

    $default  reduce using rule 759 (macro_pin_use)


State 1184

  757 macro_pin_use: K_GROUND •

    $default  reduce using rule 757 (macro_pin_use)


State 1185

  756 macro_pin_use: K_POWER •

    $default  reduce using rule 756 (macro_pin_use)


State 1186

  754 macro_pin_use: K_SIGNAL •

    $default  reduce using rule 754 (macro_pin_use)


State 1187

  653 macro_pin_option: K_USE macro_pin_use • ';'

    ';'  shift, and go to state 1456


State 1188

  661 macro_pin_option: K_VHI int_number • ';'

    ';'  shift, and go to state 1457


State 1189

  660 macro_pin_option: K_VLO int_number • ';'

    ';'  shift, and go to state 1458


State 1190

  685 macro_pin_option: K_PROPERTY $@93 • pin_prop_list ';'

    T_STRING  shift, and go to state 1459

    pin_prop_list        go to state 1460
    pin_name_value_pair  go to state 1461


State 1191

  669 macro_pin_option: K_OUTPUTRESISTANCE $@90 • int_number int_number ';'

    NUMBER  shift, and go to state 93

    int_number  go to state 1462


State 1192

  683 macro_pin_option: K_TAPERRULE $@92 • T_STRING ';'

    T_STRING  shift, and go to state 1463


State 1193

  688 macro_pin_option: K_ANTENNASIZE int_number • opt_layer_name ';'

    K_LAYER  shift, and go to state 1464

    $default  reduce using rule 1057 (opt_layer_name)

    opt_layer_name  go to state 1465


State 1194

  690 macro_pin_option: K_ANTENNAMETALLENGTH int_number • opt_layer_name ';'

    K_LAYER  shift, and go to state 1464

    $default  reduce using rule 1057 (opt_layer_name)

    opt_layer_name  go to state 1466


State 1195

  689 macro_pin_option: K_ANTENNAMETALAREA NUMBER • opt_layer_name ';'

    K_LAYER  shift, and go to state 1464

    $default  reduce using rule 1057 (opt_layer_name)

    opt_layer_name  go to state 1467


State 1196

  691 macro_pin_option: K_RISESLEWLIMIT int_number • ';'

    ';'  shift, and go to state 1468


State 1197

  692 macro_pin_option: K_FALLSLEWLIMIT int_number • ';'

    ';'  shift, and go to state 1469


State 1198

  693 macro_pin_option: K_ANTENNAPARTIALMETALAREA NUMBER • opt_layer_name ';'

    K_LAYER  shift, and go to state 1464

    $default  reduce using rule 1057 (opt_layer_name)

    opt_layer_name  go to state 1470


State 1199

  694 macro_pin_option: K_ANTENNAPARTIALMETALSIDEAREA NUMBER • opt_layer_name ';'

    K_LAYER  shift, and go to state 1464

    $default  reduce using rule 1057 (opt_layer_name)

    opt_layer_name  go to state 1471


State 1200

  697 macro_pin_option: K_ANTENNAGATEAREA NUMBER • opt_layer_name ';'

    K_LAYER  shift, and go to state 1464

    $default  reduce using rule 1057 (opt_layer_name)

    opt_layer_name  go to state 1472


State 1201

  696 macro_pin_option: K_ANTENNADIFFAREA NUMBER • opt_layer_name ';'

    K_LAYER  shift, and go to state 1464

    $default  reduce using rule 1057 (opt_layer_name)

    opt_layer_name  go to state 1473


State 1202

  698 macro_pin_option: K_ANTENNAMAXAREACAR NUMBER • req_layer_name ';'

    K_LAYER  shift, and go to state 1474

    req_layer_name  go to state 1475


State 1203

  699 macro_pin_option: K_ANTENNAMAXSIDEAREACAR NUMBER • req_layer_name ';'

    K_LAYER  shift, and go to state 1474

    req_layer_name  go to state 1476


State 1204

  695 macro_pin_option: K_ANTENNAPARTIALCUTAREA NUMBER • opt_layer_name ';'

    K_LAYER  shift, and go to state 1464

    $default  reduce using rule 1057 (opt_layer_name)

    opt_layer_name  go to state 1477


State 1205

  700 macro_pin_option: K_ANTENNAMAXCUTCAR NUMBER • req_layer_name ';'

    K_LAYER  shift, and go to state 1474

    req_layer_name  go to state 1478


State 1206

  702 macro_pin_option: K_ANTENNAMODEL $@94 • pin_layer_oxide ';'

    K_OXIDE1   shift, and go to state 1479
    K_OXIDE2   shift, and go to state 1480
    K_OXIDE3   shift, and go to state 1481
    K_OXIDE4   shift, and go to state 1482
    K_OXIDE5   shift, and go to state 1483
    K_OXIDE6   shift, and go to state 1484
    K_OXIDE7   shift, and go to state 1485
    K_OXIDE8   shift, and go to state 1486
    K_OXIDE9   shift, and go to state 1487
    K_OXIDE10  shift, and go to state 1488
    K_OXIDE11  shift, and go to state 1489
    K_OXIDE12  shift, and go to state 1490
    K_OXIDE13  shift, and go to state 1491
    K_OXIDE14  shift, and go to state 1492
    K_OXIDE15  shift, and go to state 1493
    K_OXIDE16  shift, and go to state 1494
    K_OXIDE17  shift, and go to state 1495
    K_OXIDE18  shift, and go to state 1496
    K_OXIDE19  shift, and go to state 1497
    K_OXIDE20  shift, and go to state 1498
    K_OXIDE21  shift, and go to state 1499
    K_OXIDE22  shift, and go to state 1500
    K_OXIDE23  shift, and go to state 1501
    K_OXIDE24  shift, and go to state 1502
    K_OXIDE25  shift, and go to state 1503
    K_OXIDE26  shift, and go to state 1504
    K_OXIDE27  shift, and go to state 1505
    K_OXIDE28  shift, and go to state 1506
    K_OXIDE29  shift, and go to state 1507
    K_OXIDE30  shift, and go to state 1508
    K_OXIDE31  shift, and go to state 1509
    K_OXIDE32  shift, and go to state 1510

    pin_layer_oxide  go to state 1511


State 1207

  708 macro_pin_option: K_GROUNDSENSITIVITY $@97 • T_STRING ';'

    T_STRING  shift, and go to state 1512


State 1208

  704 macro_pin_option: K_NETEXPR $@95 • QSTRING ';'

    QSTRING  shift, and go to state 1513


State 1209

  706 macro_pin_option: K_SUPPLYSENSITIVITY $@96 • T_STRING ';'

    T_STRING  shift, and go to state 1514


State 1210

  646 macro_pin_option: start_foreign K_STRUCTURE • ';'
  647                 | start_foreign K_STRUCTURE • pt ';'
  648                 | start_foreign K_STRUCTURE • pt orientation ';'

    NUMBER  shift, and go to state 93
    ';'     shift, and go to state 1515
    '('     shift, and go to state 508

    int_number  go to state 509
    pt          go to state 1516


State 1211

  643 macro_pin_option: start_foreign ';' •

    $default  reduce using rule 643 (macro_pin_option)


State 1212

  644 macro_pin_option: start_foreign pt • ';'
  645                 | start_foreign pt • orientation ';'

    K_N      shift, and go to state 491
    K_S      shift, and go to state 492
    K_E      shift, and go to state 493
    K_W      shift, and go to state 494
    K_FN     shift, and go to state 495
    K_FS     shift, and go to state 496
    K_FE     shift, and go to state 497
    K_FW     shift, and go to state 498
    K_R0     shift, and go to state 499
    K_R90    shift, and go to state 500
    K_R180   shift, and go to state 501
    K_R270   shift, and go to state 502
    K_MX     shift, and go to state 503
    K_MY     shift, and go to state 504
    K_MXR90  shift, and go to state 505
    K_MYR90  shift, and go to state 506
    ';'      shift, and go to state 1517

    orientation  go to state 1518


State 1213

  753 macro_port_class_option: K_CLASS • class_type ';'

    K_BLOCK    shift, and go to state 545
    K_CORE     shift, and go to state 546
    K_CORNER   shift, and go to state 547
    K_COVER    shift, and go to state 548
    K_ENDCAP   shift, and go to state 549
    K_PAD      shift, and go to state 550
    K_RING     shift, and go to state 551
    K_VIRTUAL  shift, and go to state 552
    K_NONE     shift, and go to state 553
    K_BUMP     shift, and go to state 554

    class_type  go to state 1519


State 1214

  687 macro_pin_option: start_macro_port K_END •

    $default  reduce using rule 687 (macro_pin_option)


State 1215

  686 macro_pin_option: start_macro_port macro_port_class_option • geometries K_END

    K_LAYER    shift, and go to state 588
    K_PATH     shift, and go to state 589
    K_POLYGON  shift, and go to state 590
    K_RECT     shift, and go to state 591
    K_VIA      shift, and go to state 592
    K_WIDTH    shift, and go to state 593

    geometries     go to state 1520
    geometry       go to state 595
    via_placement  go to state 596


State 1216

  771 geometry: K_LAYER $@98 T_STRING • $@99 opt_geometry_props layer_exceptpgnet layer_real_abstract_noroute_opt layer_spacing ';'

    $default  reduce using rule 770 ($@99)

    $@99  go to state 1521


State 1217

  445 maskColor: K_MASK int_number •

    $default  reduce using rule 445 (maskColor)


State 1218

  774 geometry: K_PATH maskColor K_ITERATE • firstPt otherPts stepPattern ';'

    NUMBER  shift, and go to state 93
    '('     shift, and go to state 508

    int_number  go to state 509
    pt          go to state 755
    firstPt     go to state 1522


State 1219

  773 geometry: K_PATH maskColor firstPt • otherPts ';'

    $default  reduce using rule 810 (otherPts)

    otherPts  go to state 1523


State 1220

  778 geometry: K_POLYGON maskColor K_ITERATE • firstPt nextPt nextPt otherPts stepPattern ';'

    NUMBER  shift, and go to state 93
    '('     shift, and go to state 508

    int_number  go to state 509
    pt          go to state 755
    firstPt     go to state 1524


State 1221

  777 geometry: K_POLYGON maskColor firstPt • nextPt nextPt otherPts ';'

    NUMBER  shift, and go to state 93
    '('     shift, and go to state 508

    int_number  go to state 509
    pt          go to state 1401
    nextPt      go to state 1525


State 1222

  776 geometry: K_RECT maskColor K_ITERATE • pt pt stepPattern ';'

    NUMBER  shift, and go to state 93
    '('     shift, and go to state 508

    int_number  go to state 509
    pt          go to state 1526


State 1223

  775 geometry: K_RECT maskColor pt • pt ';'

    NUMBER  shift, and go to state 93
    '('     shift, and go to state 508

    int_number  go to state 509
    pt          go to state 1527


State 1224

  815 via_placement: K_VIA K_ITERATE maskColor • pt $@102 T_STRING stepPattern ';'

    NUMBER  shift, and go to state 93
    '('     shift, and go to state 508

    int_number  go to state 509
    pt          go to state 1528


State 1225

  798 geometry_via_prop: K_PROPERTY prop_name_value •

    $default  reduce using rule 798 (geometry_via_prop)


State 1226

  813 via_placement: K_VIA opt_geometry_via_props maskColor • pt $@101 T_STRING ';'

    NUMBER  shift, and go to state 93
    '('     shift, and go to state 508

    int_number  go to state 509
    pt          go to state 1529


State 1227

  797 geometry_via_props: geometry_via_props geometry_via_prop •

    $default  reduce using rule 797 (geometry_via_props)


State 1228

  772 geometry: K_WIDTH int_number ';' •

    $default  reduce using rule 772 (geometry)


State 1229

  781 geometry_options: geometry_options geometry •

    $default  reduce using rule 781 (geometry_options)


State 1230

  848 end_timing: K_END K_TIMING •

    $default  reduce using rule 848 (end_timing)


State 1231

  863 timing_option: K_FALLCS int_number • int_number ';'

    NUMBER  shift, and go to state 93

    int_number  go to state 1530


State 1232

  867 timing_option: K_FALLT0 int_number • int_number ';'

    NUMBER  shift, and go to state 93

    int_number  go to state 1531


State 1233

  865 timing_option: K_FALLSATT1 int_number • int_number ';'

    NUMBER  shift, and go to state 93

    int_number  go to state 1532


State 1234

  861 timing_option: K_FALLRS int_number • int_number ';'

    NUMBER  shift, and go to state 93

    int_number  go to state 1533


State 1235

  852 timing_option: K_FROMPIN $@110 • list_of_from_strings ';'

    T_STRING  shift, and go to state 1534

    list_of_from_strings  go to state 1535


State 1236

  862 timing_option: K_RISECS int_number • int_number ';'

    NUMBER  shift, and go to state 93

    int_number  go to state 1536


State 1237

  860 timing_option: K_RISERS int_number • int_number ';'

    NUMBER  shift, and go to state 93

    int_number  go to state 1537


State 1238

  864 timing_option: K_RISESATT1 int_number • int_number ';'

    NUMBER  shift, and go to state 93

    int_number  go to state 1538


State 1239

  866 timing_option: K_RISET0 int_number • int_number ';'

    NUMBER  shift, and go to state 93

    int_number  go to state 1539


State 1240

  854 timing_option: K_TOPIN $@111 • list_of_to_strings ';'

    T_STRING  shift, and go to state 1540

    list_of_to_strings  go to state 1541


State 1241

  901 unateness: K_INVERT •

    $default  reduce using rule 901 (unateness)


State 1242

  902 unateness: K_NONINVERT •

    $default  reduce using rule 902 (unateness)


State 1243

  903 unateness: K_NONUNATE •

    $default  reduce using rule 903 (unateness)


State 1244

  868 timing_option: K_UNATENESS unateness • ';'

    ';'  shift, and go to state 1542


State 1245

  869 timing_option: K_STABLE K_SETUP • int_number K_HOLD int_number risefall ';'

    NUMBER  shift, and go to state 93

    int_number  go to state 1543


State 1246

  894 list_of_table_axis_dnumbers: int_number •

    $default  reduce using rule 894 (list_of_table_axis_dnumbers)


State 1247

  858 timing_option: K_TABLEAXIS list_of_table_axis_dnumbers • ';'
  895 list_of_table_axis_dnumbers: list_of_table_axis_dnumbers • int_number

    NUMBER  shift, and go to state 93
    ';'     shift, and go to state 1544

    int_number  go to state 1545


State 1248

  893 table_entry: '(' • int_number int_number int_number ')'

    NUMBER  shift, and go to state 93

    int_number  go to state 1546


State 1249

  859 timing_option: K_TABLEENTRIES list_of_table_entries • ';'
  892 list_of_table_entries: list_of_table_entries • table_entry

    ';'  shift, and go to state 1547
    '('  shift, and go to state 1248

    table_entry  go to state 1548


State 1250

  891 list_of_table_entries: table_entry •

    $default  reduce using rule 891 (list_of_table_entries)


State 1251

  875 timing_option: K_EXTENSION ';' •

    $default  reduce using rule 875 (timing_option)


State 1252

  872 timing_option: K_SDFCONDSTART QSTRING • ';'

    ';'  shift, and go to state 1549


State 1253

  873 timing_option: K_SDFCONDEND QSTRING • ';'

    ';'  shift, and go to state 1550


State 1254

  874 timing_option: K_SDFCOND QSTRING • ';'

    ';'  shift, and go to state 1551


State 1255

  871 timing_option: one_pin_trigger K_TABLEDIMENSION • int_number int_number int_number ';'

    NUMBER  shift, and go to state 93

    int_number  go to state 1552


State 1256

  883 from_pin_trigger: K_ANYEDGE •

    $default  reduce using rule 883 (from_pin_trigger)


State 1257

  884 from_pin_trigger: K_POSEDGE •

    $default  reduce using rule 884 (from_pin_trigger)


State 1258

  885 from_pin_trigger: K_NEGEDGE •

    $default  reduce using rule 885 (from_pin_trigger)


State 1259

  870 timing_option: two_pin_trigger from_pin_trigger • to_pin_trigger K_TABLEDIMENSION int_number int_number int_number ';'

    K_ANYEDGE  shift, and go to state 1553
    K_POSEDGE  shift, and go to state 1554
    K_NEGEDGE  shift, and go to state 1555

    to_pin_trigger  go to state 1556


State 1260

  856 timing_option: risefall K_INTRINSIC • int_number int_number $@112 slew_spec K_VARIABLE int_number int_number ';'

    NUMBER  shift, and go to state 93

    int_number  go to state 1557


State 1261

  889 delay_or_transition: K_DELAY •

    $default  reduce using rule 889 (delay_or_transition)


State 1262

  890 delay_or_transition: K_TRANSITIONTIME •

    $default  reduce using rule 890 (delay_or_transition)


State 1263

  857 timing_option: risefall delay_or_transition • K_UNATENESS unateness K_TABLEDIMENSION int_number int_number int_number ';'

    K_UNATENESS  shift, and go to state 1558


State 1264

  919 array_rule: K_CANPLACE $@117 sitePattern ';' •

    $default  reduce using rule 919 (array_rule)


State 1265

  921 array_rule: K_CANNOTOCCUPY $@118 sitePattern ';' •

    $default  reduce using rule 921 (array_rule)


State 1266

  821 trackPattern: K_X int_number • K_DO int_number K_STEP int_number $@103 K_LAYER $@104 trackLayers
  825             | K_X int_number • K_DO int_number K_STEP int_number

    K_DO  shift, and go to state 1559


State 1267

  824 trackPattern: K_Y int_number • K_DO int_number K_STEP int_number $@105 K_LAYER $@106 trackLayers
  826             | K_Y int_number • K_DO int_number K_STEP int_number

    K_DO  shift, and go to state 1560


State 1268

  923 array_rule: K_TRACKS $@119 trackPattern ';' •

    $default  reduce using rule 923 (array_rule)


State 1269

  830 gcellPattern: K_X int_number • K_DO int_number K_STEP int_number

    K_DO  shift, and go to state 1561


State 1270

  831 gcellPattern: K_Y int_number • K_DO int_number K_STEP int_number

    K_DO  shift, and go to state 1562


State 1271

  926 array_rule: K_GCELLGRID $@120 gcellPattern ';' •

    $default  reduce using rule 926 (array_rule)


State 1272

  927 array_rule: K_DEFAULTCAP int_number cap_list K_END • K_DEFAULTCAP

    K_DEFAULTCAP  shift, and go to state 1563


State 1273

  937 one_cap: K_MINPINS • int_number K_WIRECAP int_number ';'

    NUMBER  shift, and go to state 93

    int_number  go to state 1564


State 1274

  936 cap_list: cap_list one_cap •

    $default  reduce using rule 936 (cap_list)


State 1275

  917 array_rule: site_word $@116 sitePattern ';' •

    $default  reduce using rule 917 (array_rule)


State 1276

  913 end_array: K_END $@115 T_STRING •

    $default  reduce using rule 913 (end_array)


State 1277

  924 array_rule: floorplan_start floorplan_list K_END T_STRING •

    $default  reduce using rule 924 (array_rule)


State 1278

  932 floorplan_element: K_CANPLACE $@121 • sitePattern ';'

    T_STRING  shift, and go to state 975

    sitePattern  go to state 1565


State 1279

  934 floorplan_element: K_CANNOTOCCUPY $@122 • sitePattern ';'

    T_STRING  shift, and go to state 975

    sitePattern  go to state 1566


State 1280

  492 nd_layer: K_LAYER • $@70 T_STRING $@71 K_WIDTH int_number ';' $@72 nd_layer_stmts K_END $@73 T_STRING

    $default  reduce using rule 488 ($@70)

    $@70  go to state 1567


State 1281

  485 nd_prop: T_STRING • T_STRING
  486        | T_STRING • QSTRING
  487        | T_STRING • NUMBER

    T_STRING  shift, and go to state 1568
    QSTRING   shift, and go to state 1569
    NUMBER    shift, and go to state 1570


State 1282

  482 nd_prop: K_PROPERTY • $@69 nd_prop_list ';'

    $default  reduce using rule 481 ($@69)

    $@69  go to state 1571


State 1283

  480 mincuts: K_MINCUTS • $@68 T_STRING int_number ';'

    $default  reduce using rule 479 ($@68)

    $@68  go to state 1572


State 1284

  476 usevia: K_USEVIA • $@66 T_STRING ';'

    $default  reduce using rule 475 ($@66)

    $@66  go to state 1573


State 1285

  478 useviarule: K_USEVIARULE • $@67 T_STRING ';'

    $default  reduce using rule 477 ($@67)

    $@67  go to state 1574


State 1286

  469 nd_rule: via •

    $default  reduce using rule 469 (nd_rule)


State 1287

  470 nd_rule: spacing_rule •

    $default  reduce using rule 470 (nd_rule)


State 1288

  461 nondefault_rule: K_NONDEFAULTRULE $@63 T_STRING $@64 nd_hardspacing nd_rules $@65 • end_nd_rule

    K_END  shift, and go to state 1575

    end_nd_rule  go to state 1576


State 1289

  467 nd_rules: nd_rules nd_rule •

    $default  reduce using rule 467 (nd_rules)


State 1290

  472 nd_rule: usevia •

    $default  reduce using rule 472 (nd_rule)


State 1291

  473 nd_rule: useviarule •

    $default  reduce using rule 473 (nd_rule)


State 1292

  474 nd_rule: mincuts •

    $default  reduce using rule 474 (nd_rule)


State 1293

  471 nd_rule: nd_prop •

    $default  reduce using rule 471 (nd_rule)


State 1294

  468 nd_rule: nd_layer •

    $default  reduce using rule 468 (nd_rule)


State 1295

  1011 prop_define: K_STRING •
  1012            | K_STRING • QSTRING

    QSTRING  shift, and go to state 1577

    $default  reduce using rule 1011 (prop_define)


State 1296

  1009 prop_define: K_INTEGER • opt_def_range opt_def_dvalue

    K_RANGE  shift, and go to state 1578

    $default  reduce using rule 1026 (opt_def_range)

    opt_def_range  go to state 1579


State 1297

  1010 prop_define: K_REAL • opt_def_range opt_def_value

    K_RANGE  shift, and go to state 1578

    $default  reduce using rule 1026 (opt_def_range)

    opt_def_range  go to state 1580


State 1298

  1013 prop_define: K_NAMEMAPSTRING • T_STRING

    T_STRING  shift, and go to state 1581


State 1299

  992 prop_stmt: K_COMPONENTPIN $@127 T_STRING prop_define • ';'

    ';'  shift, and go to state 1582


State 1300

  1002 prop_stmt: K_LAYER $@132 T_STRING prop_define • ';'

    ';'  shift, and go to state 1583


State 1301

  990 prop_stmt: K_LIBRARY $@126 T_STRING prop_define • ';'

    ';'  shift, and go to state 1584


State 1302

  996 prop_stmt: K_MACRO $@129 T_STRING prop_define • ';'

    ';'  shift, and go to state 1585


State 1303

  1004 prop_stmt: K_NONDEFAULTRULE $@133 T_STRING prop_define • ';'

    ';'  shift, and go to state 1586


State 1304

  994 prop_stmt: K_PIN $@128 T_STRING prop_define • ';'

    ';'  shift, and go to state 1587


State 1305

  1008 prop_stmt: K_SITE $@135 T_STRING prop_define • ';'

    ';'  shift, and go to state 1588


State 1306

  1006 prop_stmt: K_PORTOBS $@134 T_STRING prop_define • ';'

    ';'  shift, and go to state 1589


State 1307

  998 prop_stmt: K_VIA $@130 T_STRING prop_define • ';'

    ';'  shift, and go to state 1590


State 1308

  1000 prop_stmt: K_VIARULE $@131 T_STRING prop_define • ';'

    ';'  shift, and go to state 1591


State 1309

  1088 correction_table_item: K_EDGERATE int_number ';' •

    $default  reduce using rule 1088 (correction_table_item)


State 1310

  1092 numo_list: int_number •

    $default  reduce using rule 1092 (numo_list)


State 1311

  1091 output_list: K_OUTPUTRESISTANCE $@149 numo_list • ';' corr_victim_list
  1093 numo_list: numo_list • int_number

    NUMBER  shift, and go to state 93
    ';'     shift, and go to state 1592

    int_number  go to state 1593


State 1312

  1085 end_correctiontable: K_END K_CORRECTIONTABLE •

    $default  reduce using rule 1085 (end_correctiontable)


State 1313

  1084 correctiontable: K_CORRECTIONTABLE int_number ';' $@148 correction_table_list end_correctiontable dtrm •

    $default  reduce using rule 1084 (correctiontable)


State 1314

  1071 noise_table_entry: K_EDGERATE int_number ';' •

    $default  reduce using rule 1071 (noise_table_entry)


State 1315

  1075 num_list: int_number •

    $default  reduce using rule 1075 (num_list)


State 1316

  1074 output_resistance_entry: K_OUTPUTRESISTANCE $@146 num_list • ';' victim_list
  1076 num_list: num_list • int_number

    NUMBER  shift, and go to state 93
    ';'     shift, and go to state 1594

    int_number  go to state 1595


State 1317

  1068 end_noisetable: K_END K_NOISETABLE •

    $default  reduce using rule 1068 (end_noisetable)


State 1318

  1067 noisetable: K_NOISETABLE int_number $@145 ';' noise_table_list end_noisetable dtrm •

    $default  reduce using rule 1067 (noisetable)


State 1319

  955 expression: K_IF b_expr • then expression else expression
  963 b_expr: b_expr • K_EQ b_expr
  964       | b_expr • K_NE b_expr
  965       | b_expr • K_AND b_expr
  966       | b_expr • K_OR b_expr
  969       | K_IF b_expr • then b_expr else b_expr
  974 s_expr: K_IF b_expr • then s_expr else s_expr

    K_THEN  shift, and go to state 1343
    K_EQ    shift, and go to state 1344
    K_NE    shift, and go to state 1345
    K_OR    shift, and go to state 1346
    K_AND   shift, and go to state 1347
    '\n'    shift, and go to state 1348

    then  go to state 1596


State 1320

  963 b_expr: b_expr • K_EQ b_expr
  964       | b_expr • K_NE b_expr
  965       | b_expr • K_AND b_expr
  966       | b_expr • K_OR b_expr
  967       | K_NOT b_expr •

    $default  reduce using rule 967 (b_expr)


State 1321

  955 expression: K_IF • b_expr then expression else expression

    QSTRING  shift, and go to state 631
    NUMBER   shift, and go to state 93
    K_IF     shift, and go to state 1013
    K_FALSE  shift, and go to state 1014
    K_TRUE   shift, and go to state 1015
    K_NOT    shift, and go to state 1016
    '-'      shift, and go to state 1017
    '('      shift, and go to state 1018

    int_number  go to state 1019
    expression  go to state 1020
    b_expr      go to state 1597
    s_expr      go to state 1022


State 1322

  954 expression: '(' • expression ')'

    NUMBER  shift, and go to state 93
    K_IF    shift, and go to state 1321
    '-'     shift, and go to state 1017
    '('     shift, and go to state 1322

    int_number  go to state 1019
    expression  go to state 1598


State 1323

  949 expression: expression • '+' expression
  950           | expression • '-' expression
  951           | expression • '*' expression
  952           | expression • '/' expression
  953           | '-' expression •

    $default  reduce using rule 953 (expression)


State 1324

  949 expression: expression • '+' expression
  950           | expression • '-' expression
  951           | expression • '*' expression
  952           | expression • '/' expression
  954           | '(' expression • ')'
  957 b_expr: expression • relop expression
  958       | expression • K_AND expression
  959       | expression • K_OR expression

    K_EQ   shift, and go to state 1327
    K_NE   shift, and go to state 1328
    K_LE   shift, and go to state 1329
    K_LT   shift, and go to state 1330
    K_GE   shift, and go to state 1331
    K_GT   shift, and go to state 1332
    K_OR   shift, and go to state 1333
    K_AND  shift, and go to state 1334
    '-'    shift, and go to state 1335
    '+'    shift, and go to state 1336
    '*'    shift, and go to state 1337
    '/'    shift, and go to state 1338
    ')'    shift, and go to state 1599
    '='    shift, and go to state 1339
    '<'    shift, and go to state 1340
    '>'    shift, and go to state 1341

    relop  go to state 1342


State 1325

  963 b_expr: b_expr • K_EQ b_expr
  964       | b_expr • K_NE b_expr
  965       | b_expr • K_AND b_expr
  966       | b_expr • K_OR b_expr
  968       | '(' b_expr • ')'

    K_EQ   shift, and go to state 1344
    K_NE   shift, and go to state 1345
    K_OR   shift, and go to state 1346
    K_AND  shift, and go to state 1347
    ')'    shift, and go to state 1600


State 1326

  960 b_expr: s_expr • relop s_expr
  961       | s_expr • K_AND s_expr
  962       | s_expr • K_OR s_expr
  972 s_expr: s_expr • '+' s_expr
  973       | '(' s_expr • ')'

    K_EQ   shift, and go to state 1327
    K_NE   shift, and go to state 1328
    K_LE   shift, and go to state 1329
    K_LT   shift, and go to state 1330
    K_GE   shift, and go to state 1331
    K_GT   shift, and go to state 1332
    K_OR   shift, and go to state 1350
    K_AND  shift, and go to state 1351
    '+'    shift, and go to state 1024
    ')'    shift, and go to state 1353
    '='    shift, and go to state 1339
    '<'    shift, and go to state 1340
    '>'    shift, and go to state 1341

    relop  go to state 1352


State 1327

  980 relop: K_EQ •

    $default  reduce using rule 980 (relop)


State 1328

  981 relop: K_NE •

    $default  reduce using rule 981 (relop)


State 1329

  976 relop: K_LE •

    $default  reduce using rule 976 (relop)


State 1330

  977 relop: K_LT •

    $default  reduce using rule 977 (relop)


State 1331

  978 relop: K_GE •

    $default  reduce using rule 978 (relop)


State 1332

  979 relop: K_GT •

    $default  reduce using rule 979 (relop)


State 1333

  959 b_expr: expression K_OR • expression

    NUMBER  shift, and go to state 93
    K_IF    shift, and go to state 1321
    '-'     shift, and go to state 1017
    '('     shift, and go to state 1322

    int_number  go to state 1019
    expression  go to state 1601


State 1334

  958 b_expr: expression K_AND • expression

    NUMBER  shift, and go to state 93
    K_IF    shift, and go to state 1321
    '-'     shift, and go to state 1017
    '('     shift, and go to state 1322

    int_number  go to state 1019
    expression  go to state 1602


State 1335

  950 expression: expression '-' • expression

    NUMBER  shift, and go to state 93
    K_IF    shift, and go to state 1321
    '-'     shift, and go to state 1017
    '('     shift, and go to state 1322

    int_number  go to state 1019
    expression  go to state 1603


State 1336

  949 expression: expression '+' • expression

    NUMBER  shift, and go to state 93
    K_IF    shift, and go to state 1321
    '-'     shift, and go to state 1017
    '('     shift, and go to state 1322

    int_number  go to state 1019
    expression  go to state 1604


State 1337

  951 expression: expression '*' • expression

    NUMBER  shift, and go to state 93
    K_IF    shift, and go to state 1321
    '-'     shift, and go to state 1017
    '('     shift, and go to state 1322

    int_number  go to state 1019
    expression  go to state 1605


State 1338

  952 expression: expression '/' • expression

    NUMBER  shift, and go to state 93
    K_IF    shift, and go to state 1321
    '-'     shift, and go to state 1017
    '('     shift, and go to state 1322

    int_number  go to state 1019
    expression  go to state 1606


State 1339

  982 relop: '=' •

    $default  reduce using rule 982 (relop)


State 1340

  983 relop: '<' •

    $default  reduce using rule 983 (relop)


State 1341

  984 relop: '>' •

    $default  reduce using rule 984 (relop)


State 1342

  957 b_expr: expression relop • expression

    NUMBER  shift, and go to state 93
    K_IF    shift, and go to state 1321
    '-'     shift, and go to state 1017
    '('     shift, and go to state 1322

    int_number  go to state 1019
    expression  go to state 1607


State 1343

  945 then: K_THEN •

    $default  reduce using rule 945 (then)


State 1344

  963 b_expr: b_expr K_EQ • b_expr

    QSTRING  shift, and go to state 631
    NUMBER   shift, and go to state 93
    K_IF     shift, and go to state 1013
    K_FALSE  shift, and go to state 1014
    K_TRUE   shift, and go to state 1015
    K_NOT    shift, and go to state 1016
    '-'      shift, and go to state 1017
    '('      shift, and go to state 1018

    int_number  go to state 1019
    expression  go to state 1020
    b_expr      go to state 1608
    s_expr      go to state 1022


State 1345

  964 b_expr: b_expr K_NE • b_expr

    QSTRING  shift, and go to state 631
    NUMBER   shift, and go to state 93
    K_IF     shift, and go to state 1013
    K_FALSE  shift, and go to state 1014
    K_TRUE   shift, and go to state 1015
    K_NOT    shift, and go to state 1016
    '-'      shift, and go to state 1017
    '('      shift, and go to state 1018

    int_number  go to state 1019
    expression  go to state 1020
    b_expr      go to state 1609
    s_expr      go to state 1022


State 1346

  966 b_expr: b_expr K_OR • b_expr

    QSTRING  shift, and go to state 631
    NUMBER   shift, and go to state 93
    K_IF     shift, and go to state 1013
    K_FALSE  shift, and go to state 1014
    K_TRUE   shift, and go to state 1015
    K_NOT    shift, and go to state 1016
    '-'      shift, and go to state 1017
    '('      shift, and go to state 1018

    int_number  go to state 1019
    expression  go to state 1020
    b_expr      go to state 1610
    s_expr      go to state 1022


State 1347

  965 b_expr: b_expr K_AND • b_expr

    QSTRING  shift, and go to state 631
    NUMBER   shift, and go to state 93
    K_IF     shift, and go to state 1013
    K_FALSE  shift, and go to state 1014
    K_TRUE   shift, and go to state 1015
    K_NOT    shift, and go to state 1016
    '-'      shift, and go to state 1017
    '('      shift, and go to state 1018

    int_number  go to state 1019
    expression  go to state 1020
    b_expr      go to state 1611
    s_expr      go to state 1022


State 1348

  946 then: '\n' • K_THEN

    K_THEN  shift, and go to state 1612


State 1349

  974 s_expr: K_IF b_expr then • s_expr else s_expr

    QSTRING  shift, and go to state 631
    K_IF     shift, and go to state 632
    '('      shift, and go to state 633

    s_expr  go to state 1613


State 1350

  962 b_expr: s_expr K_OR • s_expr

    QSTRING  shift, and go to state 631
    K_IF     shift, and go to state 632
    '('      shift, and go to state 633

    s_expr  go to state 1614


State 1351

  961 b_expr: s_expr K_AND • s_expr

    QSTRING  shift, and go to state 631
    K_IF     shift, and go to state 632
    '('      shift, and go to state 633

    s_expr  go to state 1615


State 1352

  960 b_expr: s_expr relop • s_expr

    QSTRING  shift, and go to state 631
    K_IF     shift, and go to state 632
    '('      shift, and go to state 633

    s_expr  go to state 1616


State 1353

  973 s_expr: '(' s_expr ')' •

    $default  reduce using rule 973 (s_expr)


State 1354

  972 s_expr: s_expr • '+' s_expr
  972       | s_expr '+' s_expr •

    $default  reduce using rule 972 (s_expr)


State 1355

  331 maxstack_via: K_MAXVIASTACK int_number K_RANGE $@47 T_STRING T_STRING ';' •

    $default  reduce using rule 331 (maxstack_via)


State 1356

  268 cap_point: '(' • int_number int_number ')'

    NUMBER  shift, and go to state 93

    int_number  go to state 1617


State 1357

  107 layer_option: K_CAPACITANCE K_CPERSQDIST K_PWL '(' cap_points • ')' ';'
  267 cap_points: cap_points • cap_point

    '('  shift, and go to state 1356
    ')'  shift, and go to state 1618

    cap_point  go to state 1619


State 1358

  266 cap_points: cap_point •

    $default  reduce using rule 266 (cap_points)


State 1359

  271 res_point: '(' • int_number int_number ')'

    NUMBER  shift, and go to state 93

    int_number  go to state 1620


State 1360

  105 layer_option: K_RESISTANCE K_RPERSQ K_PWL '(' res_points • ')' ';'
  270 res_points: res_points • res_point

    '('  shift, and go to state 1359
    ')'  shift, and go to state 1621

    res_point  go to state 1622


State 1361

  269 res_points: res_point •

    $default  reduce using rule 269 (res_points)


State 1362

  1036 layer_spacing_opt: K_SAMENET $@137 • opt_samenetPGonly

    K_PGONLY  shift, and go to state 1623

    $default  reduce using rule 1024 (opt_samenetPGonly)

    opt_samenetPGonly  go to state 1624


State 1363

  1044 layer_spacing_cut_routing: K_AREA • NUMBER

    NUMBER  shift, and go to state 1625


State 1364

  1041 layer_spacing_cut_routing: K_LAYER • $@138 T_STRING $@139 spacing_cut_layer_opt

    $default  reduce using rule 1039 ($@138)

    $@138  go to state 1626


State 1365

  1046 layer_spacing_cut_routing: K_RANGE • int_number int_number $@141 opt_range_second

    NUMBER  shift, and go to state 93

    int_number  go to state 1627


State 1366

  1047 layer_spacing_cut_routing: K_LENGTHTHRESHOLD • int_number
  1048                          | K_LENGTHTHRESHOLD • int_number K_RANGE int_number int_number

    NUMBER  shift, and go to state 93

    int_number  go to state 1628


State 1367

  1043 layer_spacing_cut_routing: K_ADJACENTCUTS • int_number K_WITHIN int_number $@140 opt_adjacentcuts_exceptsame

    NUMBER  shift, and go to state 93

    int_number  go to state 1629


State 1368

  1050 layer_spacing_cut_routing: K_ENDOFLINE • int_number K_WITHIN int_number $@142 opt_endofline

    NUMBER  shift, and go to state 93

    int_number  go to state 1630


State 1369

  1052 layer_spacing_cut_routing: K_ENDOFNOTCHWIDTH • int_number K_NOTCHSPACING int_number K_NOTCHLENGTH int_number

    NUMBER  shift, and go to state 93

    int_number  go to state 1631


State 1370

  1051 layer_spacing_cut_routing: K_NOTCHLENGTH • int_number

    NUMBER  shift, and go to state 93

    int_number  go to state 1632


State 1371

  100 layer_option: K_SPACING int_number $@6 layer_spacing_opts layer_spacing_cut_routing • ';'

    ';'  shift, and go to state 1633


State 1372

  1033 layer_spacing_opts: layer_spacing_opt layer_spacing_opts •

    $default  reduce using rule 1033 (layer_spacing_opts)


State 1373

  265 current_density_pwl: '(' int_number • int_number ')'

    NUMBER  shift, and go to state 93

    int_number  go to state 1634


State 1374

  116 layer_option: K_CURRENTDEN K_PWL '(' current_density_pwl_list ')' • ';'

    ';'  shift, and go to state 1635


State 1375

  264 current_density_pwl_list: current_density_pwl_list current_density_pwl •

    $default  reduce using rule 264 (current_density_pwl_list)


State 1376

  117 layer_option: K_CURRENTDEN '(' int_number int_number ')' • ';'

    ';'  shift, and go to state 1636


State 1377

  246 layer_frequency: K_FREQUENCY NUMBER • $@39 number_list ';' $@40 ac_layer_table_opt K_TABLEENTRIES NUMBER $@41 number_list ';'

    $default  reduce using rule 243 ($@39)

    $@39  go to state 1637


State 1378

  129 layer_option: K_DCCURRENTDENSITY K_AVERAGE K_WIDTH int_number $@12 • int_number_list ';' $@13 dc_layer_table

    $default  reduce using rule 254 (int_number_list)

    int_number_list  go to state 1638


State 1379

  126 layer_option: K_DCCURRENTDENSITY K_AVERAGE K_CUTAREA NUMBER $@10 • number_list ';' $@11 dc_layer_table

    $default  reduce using rule 256 (number_list)

    number_list  go to state 1639


State 1380

  234 layer_antenna_pwl: K_PWL '(' pt • pt $@38 layer_diffusion_ratios ')'

    NUMBER  shift, and go to state 93
    '('     shift, and go to state 508

    int_number  go to state 509
    pt          go to state 1640


State 1381

  137 layer_option: K_ANTENNAAREAFACTOR int_number $@16 layer_antenna_duo ';' •

    $default  reduce using rule 137 (layer_option)


State 1382

  145 layer_option: K_ANTENNASIDEAREAFACTOR int_number $@19 layer_antenna_duo ';' •

    $default  reduce using rule 145 (layer_option)


State 1383

  172 layer_option: K_MINIMUMCUT int_number K_WIDTH int_number $@24 • layer_minimumcut_within layer_minimumcut_from layer_minimumcut_length ';'

    K_WITHIN  shift, and go to state 1641

    $default  reduce using rule 217 (layer_minimumcut_within)

    layer_minimumcut_within  go to state 1642


State 1384

  179 layer_option: K_ENCLOSURE layer_enclosure_type_opt int_number int_number $@27 • layer_enclosure_width_opt ';'

    K_WIDTH   shift, and go to state 1643
    K_LENGTH  shift, and go to state 1644

    $default  reduce using rule 209 (layer_enclosure_width_opt)

    layer_enclosure_width_opt  go to state 1645


State 1385

  283 layer_minen_width: K_WIDTH int_number •

    $default  reduce using rule 283 (layer_minen_width)


State 1386

  170 layer_option: K_MINENCLOSEDAREA NUMBER $@23 layer_minen_width ';' •

    $default  reduce using rule 170 (layer_option)


State 1387

  231 layer_minstep_type: K_STEP •

    $default  reduce using rule 231 (layer_minstep_type)


State 1388

  229 layer_minstep_type: K_INSIDECORNER •

    $default  reduce using rule 229 (layer_minstep_type)


State 1389

  227 layer_minstep_option: K_LENGTHSUM • int_number

    NUMBER  shift, and go to state 93

    int_number  go to state 1646


State 1390

  230 layer_minstep_type: K_OUTSIDECORNER •

    $default  reduce using rule 230 (layer_minstep_type)


State 1391

  228 layer_minstep_option: K_MAXEDGES • int_number

    NUMBER  shift, and go to state 93

    int_number  go to state 1647


State 1392

  174 layer_option: K_MINSTEP int_number $@25 layer_minstep_options ';' •

    $default  reduce using rule 174 (layer_option)


State 1393

  225 layer_minstep_options: layer_minstep_options layer_minstep_option •

    $default  reduce using rule 225 (layer_minstep_options)


State 1394

  226 layer_minstep_option: layer_minstep_type •

    $default  reduce using rule 226 (layer_minstep_option)


State 1395

  175 layer_option: K_PROTRUSIONWIDTH int_number K_LENGTH int_number K_WIDTH • int_number ';'

    NUMBER  shift, and go to state 93

    int_number  go to state 1648


State 1396

  102 layer_option: K_SPACINGTABLE K_ORTHOGONAL K_WITHIN int_number K_SPACING • int_number $@7 layer_spacingtable_opts ';'

    NUMBER  shift, and go to state 93

    int_number  go to state 1649


State 1397

  202 sp_options: K_INFLUENCE K_WIDTH int_number • K_WITHIN int_number K_SPACING int_number $@36 layer_sp_influence_widths

    K_WITHIN  shift, and go to state 1650


State 1398

  197 sp_options: K_PARALLELRUNLENGTH int_number $@30 • int_number_list $@31 K_WIDTH int_number $@32 int_number_list $@33 layer_sp_parallel_widths

    $default  reduce using rule 254 (int_number_list)

    int_number_list  go to state 1651


State 1399

  200 sp_options: K_TWOWIDTHS K_WIDTH int_number • layer_sp_TwoWidthsPRL int_number $@34 int_number_list $@35 layer_sp_TwoWidths

    K_PRL  shift, and go to state 1652

    $default  reduce using rule 324 (layer_sp_TwoWidthsPRL)

    layer_sp_TwoWidthsPRL  go to state 1653


State 1400

  185 layer_option: K_MINSIZE $@29 firstPt otherPts ';' •

    $default  reduce using rule 185 (layer_option)


State 1401

  809 nextPt: pt •

    $default  reduce using rule 809 (nextPt)


State 1402

  811 otherPts: otherPts nextPt •

    $default  reduce using rule 811 (otherPts)


State 1403

  181 layer_option: K_PREFERENCLOSURE layer_enclosure_type_opt int_number int_number $@28 • layer_preferenclosure_width_opt ';'

    K_WIDTH  shift, and go to state 1654

    $default  reduce using rule 215 (layer_preferenclosure_width_opt)

    layer_preferenclosure_width_opt  go to state 1655


State 1404

  189 layer_arraySpacing_width: K_WIDTH int_number •

    $default  reduce using rule 189 (layer_arraySpacing_width)


State 1405

   86 layer_option: K_ARRAYSPACING $@4 layer_arraySpacing_long layer_arraySpacing_width K_CUTSPACING • int_number $@5 layer_arraySpacing_arraycuts ';'

    NUMBER  shift, and go to state 93

    int_number  go to state 1656


State 1406

  153 layer_option: K_ANTENNAAREADIFFREDUCEPWL '(' pt pt $@21 • layer_diffusion_ratios ')' ';' $@22

    $default  reduce using rule 235 (layer_diffusion_ratios)

    layer_diffusion_ratios  go to state 1657


State 1407

  341 via_viarule: K_VIARULE $@49 T_STRING ';' K_CUTSIZE • int_number int_number ';' K_LAYERS $@50 T_STRING T_STRING T_STRING ';' K_CUTSPACING int_number int_number ';' K_ENCLOSURE int_number int_number int_number int_number ';' $@51 via_viarule_options

    NUMBER  shift, and go to state 93

    int_number  go to state 1658


State 1408

  530 pt: '(' int_number int_number ')' •

    $default  reduce using rule 530 (pt)


State 1409

  394 via_geometry: K_POLYGON maskColor $@56 • firstPt nextPt nextPt otherPts ';'

    NUMBER  shift, and go to state 93
    '('     shift, and go to state 508

    int_number  go to state 509
    pt          go to state 755
    firstPt     go to state 1659


State 1410

  392 via_geometry: K_RECT maskColor pt • pt ';'

    NUMBER  shift, and go to state 93
    '('     shift, and go to state 508

    int_number  go to state 509
    pt          go to state 1660


State 1411

  401 viarule_generate: viarule_keyword K_GENERATE viarule_generate_default $@59 viarule_layer_list opt_viarule_props end_viarule •

    $default  reduce using rule 401 (viarule_generate)


State 1412

  411 viarule_prop: K_PROPERTY $@60 viarule_prop_list ';' •

    $default  reduce using rule 411 (viarule_prop)


State 1413

  413 viarule_prop_list: viarule_prop_list viarule_prop •

    $default  reduce using rule 413 (viarule_prop_list)


State 1414

  435 end_viarule: K_END $@62 T_STRING •

    $default  reduce using rule 435 (end_viarule)


State 1415

  429 viarule_layer_option: K_RECT pt pt ';' •

    $default  reduce using rule 429 (viarule_layer_option)


State 1416

  430 viarule_layer_option: K_SPACING int_number K_BY int_number • ';'

    ';'  shift, and go to state 1661


State 1417

  428 viarule_layer_option: K_WIDTH int_number K_TO int_number • ';'

    ';'  shift, and go to state 1662


State 1418

  427 viarule_layer_option: K_ENCLOSURE int_number int_number ';' •

    $default  reduce using rule 427 (viarule_layer_option)


State 1419

  442 spacing: samenet_keyword T_STRING T_STRING int_number K_STACK • ';'

    ';'  shift, and go to state 1663


State 1420

  441 spacing: samenet_keyword T_STRING T_STRING int_number ';' •

    $default  reduce using rule 441 (spacing)


State 1421

  508 site_option: K_SIZE int_number K_BY int_number ';' •

    $default  reduce using rule 508 (site_option)


State 1422

  528 site_rowpattern: T_STRING orientation • $@77

    $default  reduce using rule 527 ($@77)

    $@77  go to state 1664


State 1423

  635 macro_size: K_SIZE int_number K_BY int_number ';' •

    $default  reduce using rule 635 (macro_size)


State 1424

  840 density_layer: K_LAYER $@107 T_STRING ';' • $@108 density_layer_rect density_layer_rects

    $default  reduce using rule 839 ($@108)

    $@108  go to state 1665


State 1425

  614 obsspaicing_layer: K_LAYER $@82 T_STRING •

    $default  reduce using rule 614 (obsspaicing_layer)


State 1426

  817 sitePattern: T_STRING int_number int_number orientation • K_DO int_number K_BY int_number K_STEP int_number int_number
  818            | T_STRING int_number int_number orientation •

    K_DO  shift, and go to state 1666

    $default  reduce using rule 818 (sitePattern)


State 1427

  672 macro_pin_option: K_CAPACITANCE int_number ';' •

    $default  reduce using rule 672 (macro_pin_option)


State 1428

  677 macro_pin_option: K_CURRENTSOURCE K_ACTIVE ';' •

    $default  reduce using rule 677 (macro_pin_option)


State 1429

  678 macro_pin_option: K_CURRENTSOURCE K_RESISTIVE ';' •

    $default  reduce using rule 678 (macro_pin_option)


State 1430

  750 electrical_direction: K_DIRECTION K_FEEDTHRU ';' •

    $default  reduce using rule 750 (electrical_direction)


State 1431

  749 electrical_direction: K_DIRECTION K_INOUT ';' •

    $default  reduce using rule 749 (electrical_direction)


State 1432

  746 electrical_direction: K_DIRECTION K_INPUT ';' •

    $default  reduce using rule 746 (electrical_direction)


State 1433

  748 electrical_direction: K_DIRECTION K_OUTPUT K_TRISTATE • ';'

    ';'  shift, and go to state 1667


State 1434

  747 electrical_direction: K_DIRECTION K_OUTPUT ';' •

    $default  reduce using rule 747 (electrical_direction)


State 1435

  640 end_macro_pin: K_END $@86 T_STRING •

    $default  reduce using rule 640 (end_macro_pin)


State 1436

  659 macro_pin_option: K_FALLSATCUR int_number ';' •

    $default  reduce using rule 659 (macro_pin_option)


State 1437

  657 macro_pin_option: K_FALLTHRESH int_number ';' •

    $default  reduce using rule 657 (macro_pin_option)


State 1438

  671 macro_pin_option: K_INPUTNOISEMARGIN $@91 int_number • int_number ';'

    NUMBER  shift, and go to state 93

    int_number  go to state 1668


State 1439

  681 macro_pin_option: K_IV_TABLES T_STRING T_STRING • ';'

    ';'  shift, and go to state 1669


State 1440

  655 macro_pin_option: K_LEAKAGE int_number ';' •

    $default  reduce using rule 655 (macro_pin_option)


State 1441

  650 macro_pin_option: K_LEQ $@87 T_STRING • ';'

    ';'  shift, and go to state 1670


State 1442

  673 macro_pin_option: K_MAXDELAY int_number ';' •

    $default  reduce using rule 673 (macro_pin_option)


State 1443

  674 macro_pin_option: K_MAXLOAD int_number ';' •

    $default  reduce using rule 674 (macro_pin_option)


State 1444

  665 macro_pin_option: K_MUSTJOIN $@88 T_STRING • ';'

    ';'  shift, and go to state 1671


State 1445

  667 macro_pin_option: K_OUTPUTNOISEMARGIN $@89 int_number • int_number ';'

    NUMBER  shift, and go to state 93

    int_number  go to state 1672


State 1446

  651 macro_pin_option: K_POWER int_number ';' •

    $default  reduce using rule 651 (macro_pin_option)


State 1447

  676 macro_pin_option: K_PULLDOWNRES int_number ';' •

    $default  reduce using rule 676 (macro_pin_option)


State 1448

  675 macro_pin_option: K_RESISTANCE int_number ';' •

    $default  reduce using rule 675 (macro_pin_option)


State 1449

  658 macro_pin_option: K_RISESATCUR int_number ';' •

    $default  reduce using rule 658 (macro_pin_option)


State 1450

  656 macro_pin_option: K_RISETHRESH int_number ';' •

    $default  reduce using rule 656 (macro_pin_option)


State 1451

  679 macro_pin_option: K_RISEVOLTAGETHRESHOLD int_number ';' •

    $default  reduce using rule 679 (macro_pin_option)


State 1452

  680 macro_pin_option: K_FALLVOLTAGETHRESHOLD int_number ';' •

    $default  reduce using rule 680 (macro_pin_option)


State 1453

  654 macro_pin_option: K_SCANUSE macro_scan_use ';' •

    $default  reduce using rule 654 (macro_pin_option)


State 1454

  663 macro_pin_option: K_SHAPE pin_shape ';' •

    $default  reduce using rule 663 (macro_pin_option)


State 1455

  662 macro_pin_option: K_TIEOFFR int_number ';' •

    $default  reduce using rule 662 (macro_pin_option)


State 1456

  653 macro_pin_option: K_USE macro_pin_use ';' •

    $default  reduce using rule 653 (macro_pin_option)


State 1457

  661 macro_pin_option: K_VHI int_number ';' •

    $default  reduce using rule 661 (macro_pin_option)


State 1458

  660 macro_pin_option: K_VLO int_number ';' •

    $default  reduce using rule 660 (macro_pin_option)


State 1459

  743 pin_name_value_pair: T_STRING • NUMBER
  744                    | T_STRING • QSTRING
  745                    | T_STRING • T_STRING

    T_STRING  shift, and go to state 1673
    QSTRING   shift, and go to state 1674
    NUMBER    shift, and go to state 1675


State 1460

  685 macro_pin_option: K_PROPERTY $@93 pin_prop_list • ';'
  742 pin_prop_list: pin_prop_list • pin_name_value_pair

    T_STRING  shift, and go to state 1459
    ';'       shift, and go to state 1676

    pin_name_value_pair  go to state 1677


State 1461

  741 pin_prop_list: pin_name_value_pair •

    $default  reduce using rule 741 (pin_prop_list)


State 1462

  669 macro_pin_option: K_OUTPUTRESISTANCE $@90 int_number • int_number ';'

    NUMBER  shift, and go to state 93

    int_number  go to state 1678


State 1463

  683 macro_pin_option: K_TAPERRULE $@92 T_STRING • ';'

    ';'  shift, and go to state 1679


State 1464

  1059 opt_layer_name: K_LAYER • $@143 T_STRING

    $default  reduce using rule 1058 ($@143)

    $@143  go to state 1680


State 1465

  688 macro_pin_option: K_ANTENNASIZE int_number opt_layer_name • ';'

    ';'  shift, and go to state 1681


State 1466

  690 macro_pin_option: K_ANTENNAMETALLENGTH int_number opt_layer_name • ';'

    ';'  shift, and go to state 1682


State 1467

  689 macro_pin_option: K_ANTENNAMETALAREA NUMBER opt_layer_name • ';'

    ';'  shift, and go to state 1683


State 1468

  691 macro_pin_option: K_RISESLEWLIMIT int_number ';' •

    $default  reduce using rule 691 (macro_pin_option)


State 1469

  692 macro_pin_option: K_FALLSLEWLIMIT int_number ';' •

    $default  reduce using rule 692 (macro_pin_option)


State 1470

  693 macro_pin_option: K_ANTENNAPARTIALMETALAREA NUMBER opt_layer_name • ';'

    ';'  shift, and go to state 1684


State 1471

  694 macro_pin_option: K_ANTENNAPARTIALMETALSIDEAREA NUMBER opt_layer_name • ';'

    ';'  shift, and go to state 1685


State 1472

  697 macro_pin_option: K_ANTENNAGATEAREA NUMBER opt_layer_name • ';'

    ';'  shift, and go to state 1686


State 1473

  696 macro_pin_option: K_ANTENNADIFFAREA NUMBER opt_layer_name • ';'

    ';'  shift, and go to state 1687


State 1474

  1061 req_layer_name: K_LAYER • $@144 T_STRING

    $default  reduce using rule 1060 ($@144)

    $@144  go to state 1688


State 1475

  698 macro_pin_option: K_ANTENNAMAXAREACAR NUMBER req_layer_name • ';'

    ';'  shift, and go to state 1689


State 1476

  699 macro_pin_option: K_ANTENNAMAXSIDEAREACAR NUMBER req_layer_name • ';'

    ';'  shift, and go to state 1690


State 1477

  695 macro_pin_option: K_ANTENNAPARTIALCUTAREA NUMBER opt_layer_name • ';'

    ';'  shift, and go to state 1691


State 1478

  700 macro_pin_option: K_ANTENNAMAXCUTCAR NUMBER req_layer_name • ';'

    ';'  shift, and go to state 1692


State 1479

  709 pin_layer_oxide: K_OXIDE1 •

    $default  reduce using rule 709 (pin_layer_oxide)


State 1480

  710 pin_layer_oxide: K_OXIDE2 •

    $default  reduce using rule 710 (pin_layer_oxide)


State 1481

  711 pin_layer_oxide: K_OXIDE3 •

    $default  reduce using rule 711 (pin_layer_oxide)


State 1482

  712 pin_layer_oxide: K_OXIDE4 •

    $default  reduce using rule 712 (pin_layer_oxide)


State 1483

  713 pin_layer_oxide: K_OXIDE5 •

    $default  reduce using rule 713 (pin_layer_oxide)


State 1484

  714 pin_layer_oxide: K_OXIDE6 •

    $default  reduce using rule 714 (pin_layer_oxide)


State 1485

  715 pin_layer_oxide: K_OXIDE7 •

    $default  reduce using rule 715 (pin_layer_oxide)


State 1486

  716 pin_layer_oxide: K_OXIDE8 •

    $default  reduce using rule 716 (pin_layer_oxide)


State 1487

  717 pin_layer_oxide: K_OXIDE9 •

    $default  reduce using rule 717 (pin_layer_oxide)


State 1488

  718 pin_layer_oxide: K_OXIDE10 •

    $default  reduce using rule 718 (pin_layer_oxide)


State 1489

  719 pin_layer_oxide: K_OXIDE11 •

    $default  reduce using rule 719 (pin_layer_oxide)


State 1490

  720 pin_layer_oxide: K_OXIDE12 •

    $default  reduce using rule 720 (pin_layer_oxide)


State 1491

  721 pin_layer_oxide: K_OXIDE13 •

    $default  reduce using rule 721 (pin_layer_oxide)


State 1492

  722 pin_layer_oxide: K_OXIDE14 •

    $default  reduce using rule 722 (pin_layer_oxide)


State 1493

  723 pin_layer_oxide: K_OXIDE15 •

    $default  reduce using rule 723 (pin_layer_oxide)


State 1494

  724 pin_layer_oxide: K_OXIDE16 •

    $default  reduce using rule 724 (pin_layer_oxide)


State 1495

  725 pin_layer_oxide: K_OXIDE17 •

    $default  reduce using rule 725 (pin_layer_oxide)


State 1496

  726 pin_layer_oxide: K_OXIDE18 •

    $default  reduce using rule 726 (pin_layer_oxide)


State 1497

  727 pin_layer_oxide: K_OXIDE19 •

    $default  reduce using rule 727 (pin_layer_oxide)


State 1498

  728 pin_layer_oxide: K_OXIDE20 •

    $default  reduce using rule 728 (pin_layer_oxide)


State 1499

  729 pin_layer_oxide: K_OXIDE21 •

    $default  reduce using rule 729 (pin_layer_oxide)


State 1500

  730 pin_layer_oxide: K_OXIDE22 •

    $default  reduce using rule 730 (pin_layer_oxide)


State 1501

  731 pin_layer_oxide: K_OXIDE23 •

    $default  reduce using rule 731 (pin_layer_oxide)


State 1502

  732 pin_layer_oxide: K_OXIDE24 •

    $default  reduce using rule 732 (pin_layer_oxide)


State 1503

  733 pin_layer_oxide: K_OXIDE25 •

    $default  reduce using rule 733 (pin_layer_oxide)


State 1504

  734 pin_layer_oxide: K_OXIDE26 •

    $default  reduce using rule 734 (pin_layer_oxide)


State 1505

  735 pin_layer_oxide: K_OXIDE27 •

    $default  reduce using rule 735 (pin_layer_oxide)


State 1506

  736 pin_layer_oxide: K_OXIDE28 •

    $default  reduce using rule 736 (pin_layer_oxide)


State 1507

  737 pin_layer_oxide: K_OXIDE29 •

    $default  reduce using rule 737 (pin_layer_oxide)


State 1508

  738 pin_layer_oxide: K_OXIDE30 •

    $default  reduce using rule 738 (pin_layer_oxide)


State 1509

  739 pin_layer_oxide: K_OXIDE31 •

    $default  reduce using rule 739 (pin_layer_oxide)


State 1510

  740 pin_layer_oxide: K_OXIDE32 •

    $default  reduce using rule 740 (pin_layer_oxide)


State 1511

  702 macro_pin_option: K_ANTENNAMODEL $@94 pin_layer_oxide • ';'

    ';'  shift, and go to state 1693


State 1512

  708 macro_pin_option: K_GROUNDSENSITIVITY $@97 T_STRING • ';'

    ';'  shift, and go to state 1694


State 1513

  704 macro_pin_option: K_NETEXPR $@95 QSTRING • ';'

    ';'  shift, and go to state 1695


State 1514

  706 macro_pin_option: K_SUPPLYSENSITIVITY $@96 T_STRING • ';'

    ';'  shift, and go to state 1696


State 1515

  646 macro_pin_option: start_foreign K_STRUCTURE ';' •

    $default  reduce using rule 646 (macro_pin_option)


State 1516

  647 macro_pin_option: start_foreign K_STRUCTURE pt • ';'
  648                 | start_foreign K_STRUCTURE pt • orientation ';'

    K_N      shift, and go to state 491
    K_S      shift, and go to state 492
    K_E      shift, and go to state 493
    K_W      shift, and go to state 494
    K_FN     shift, and go to state 495
    K_FS     shift, and go to state 496
    K_FE     shift, and go to state 497
    K_FW     shift, and go to state 498
    K_R0     shift, and go to state 499
    K_R90    shift, and go to state 500
    K_R180   shift, and go to state 501
    K_R270   shift, and go to state 502
    K_MX     shift, and go to state 503
    K_MY     shift, and go to state 504
    K_MXR90  shift, and go to state 505
    K_MYR90  shift, and go to state 506
    ';'      shift, and go to state 1697

    orientation  go to state 1698


State 1517

  644 macro_pin_option: start_foreign pt ';' •

    $default  reduce using rule 644 (macro_pin_option)


State 1518

  645 macro_pin_option: start_foreign pt orientation • ';'

    ';'  shift, and go to state 1699


State 1519

  753 macro_port_class_option: K_CLASS class_type • ';'

    ';'  shift, and go to state 1700


State 1520

  686 macro_pin_option: start_macro_port macro_port_class_option geometries • K_END

    K_END  shift, and go to state 1701


State 1521

  771 geometry: K_LAYER $@98 T_STRING $@99 • opt_geometry_props layer_exceptpgnet layer_real_abstract_noroute_opt layer_spacing ';'

    K_PROPERTY  shift, and go to state 1702

    $default  reduce using rule 789 (opt_geometry_props)

    opt_geometry_props  go to state 1703
    geometry_props      go to state 1704
    geometry_prop       go to state 1705


State 1522

  774 geometry: K_PATH maskColor K_ITERATE firstPt • otherPts stepPattern ';'

    $default  reduce using rule 810 (otherPts)

    otherPts  go to state 1706


State 1523

  773 geometry: K_PATH maskColor firstPt otherPts • ';'
  811 otherPts: otherPts • nextPt

    NUMBER  shift, and go to state 93
    ';'     shift, and go to state 1707
    '('     shift, and go to state 508

    int_number  go to state 509
    pt          go to state 1401
    nextPt      go to state 1402


State 1524

  778 geometry: K_POLYGON maskColor K_ITERATE firstPt • nextPt nextPt otherPts stepPattern ';'

    NUMBER  shift, and go to state 93
    '('     shift, and go to state 508

    int_number  go to state 509
    pt          go to state 1401
    nextPt      go to state 1708


State 1525

  777 geometry: K_POLYGON maskColor firstPt nextPt • nextPt otherPts ';'

    NUMBER  shift, and go to state 93
    '('     shift, and go to state 508

    int_number  go to state 509
    pt          go to state 1401
    nextPt      go to state 1709


State 1526

  776 geometry: K_RECT maskColor K_ITERATE pt • pt stepPattern ';'

    NUMBER  shift, and go to state 93
    '('     shift, and go to state 508

    int_number  go to state 509
    pt          go to state 1710


State 1527

  775 geometry: K_RECT maskColor pt pt • ';'

    ';'  shift, and go to state 1711


State 1528

  815 via_placement: K_VIA K_ITERATE maskColor pt • $@102 T_STRING stepPattern ';'

    $default  reduce using rule 814 ($@102)

    $@102  go to state 1712


State 1529

  813 via_placement: K_VIA opt_geometry_via_props maskColor pt • $@101 T_STRING ';'

    $default  reduce using rule 812 ($@101)

    $@101  go to state 1713


State 1530

  863 timing_option: K_FALLCS int_number int_number • ';'

    ';'  shift, and go to state 1714


State 1531

  867 timing_option: K_FALLT0 int_number int_number • ';'

    ';'  shift, and go to state 1715


State 1532

  865 timing_option: K_FALLSATT1 int_number int_number • ';'

    ';'  shift, and go to state 1716


State 1533

  861 timing_option: K_FALLRS int_number int_number • ';'

    ';'  shift, and go to state 1717


State 1534

  904 list_of_from_strings: T_STRING •

    $default  reduce using rule 904 (list_of_from_strings)


State 1535

  852 timing_option: K_FROMPIN $@110 list_of_from_strings • ';'
  905 list_of_from_strings: list_of_from_strings • T_STRING

    T_STRING  shift, and go to state 1718
    ';'       shift, and go to state 1719


State 1536

  862 timing_option: K_RISECS int_number int_number • ';'

    ';'  shift, and go to state 1720


State 1537

  860 timing_option: K_RISERS int_number int_number • ';'

    ';'  shift, and go to state 1721


State 1538

  864 timing_option: K_RISESATT1 int_number int_number • ';'

    ';'  shift, and go to state 1722


State 1539

  866 timing_option: K_RISET0 int_number int_number • ';'

    ';'  shift, and go to state 1723


State 1540

  906 list_of_to_strings: T_STRING •

    $default  reduce using rule 906 (list_of_to_strings)


State 1541

  854 timing_option: K_TOPIN $@111 list_of_to_strings • ';'
  907 list_of_to_strings: list_of_to_strings • T_STRING

    T_STRING  shift, and go to state 1724
    ';'       shift, and go to state 1725


State 1542

  868 timing_option: K_UNATENESS unateness ';' •

    $default  reduce using rule 868 (timing_option)


State 1543

  869 timing_option: K_STABLE K_SETUP int_number • K_HOLD int_number risefall ';'

    K_HOLD  shift, and go to state 1726


State 1544

  858 timing_option: K_TABLEAXIS list_of_table_axis_dnumbers ';' •

    $default  reduce using rule 858 (timing_option)


State 1545

  895 list_of_table_axis_dnumbers: list_of_table_axis_dnumbers int_number •

    $default  reduce using rule 895 (list_of_table_axis_dnumbers)


State 1546

  893 table_entry: '(' int_number • int_number int_number ')'

    NUMBER  shift, and go to state 93

    int_number  go to state 1727


State 1547

  859 timing_option: K_TABLEENTRIES list_of_table_entries ';' •

    $default  reduce using rule 859 (timing_option)


State 1548

  892 list_of_table_entries: list_of_table_entries table_entry •

    $default  reduce using rule 892 (list_of_table_entries)


State 1549

  872 timing_option: K_SDFCONDSTART QSTRING ';' •

    $default  reduce using rule 872 (timing_option)


State 1550

  873 timing_option: K_SDFCONDEND QSTRING ';' •

    $default  reduce using rule 873 (timing_option)


State 1551

  874 timing_option: K_SDFCOND QSTRING ';' •

    $default  reduce using rule 874 (timing_option)


State 1552

  871 timing_option: one_pin_trigger K_TABLEDIMENSION int_number • int_number int_number ';'

    NUMBER  shift, and go to state 93

    int_number  go to state 1728


State 1553

  886 to_pin_trigger: K_ANYEDGE •

    $default  reduce using rule 886 (to_pin_trigger)


State 1554

  887 to_pin_trigger: K_POSEDGE •

    $default  reduce using rule 887 (to_pin_trigger)


State 1555

  888 to_pin_trigger: K_NEGEDGE •

    $default  reduce using rule 888 (to_pin_trigger)


State 1556

  870 timing_option: two_pin_trigger from_pin_trigger to_pin_trigger • K_TABLEDIMENSION int_number int_number int_number ';'

    K_TABLEDIMENSION  shift, and go to state 1729


State 1557

  856 timing_option: risefall K_INTRINSIC int_number • int_number $@112 slew_spec K_VARIABLE int_number int_number ';'

    NUMBER  shift, and go to state 93

    int_number  go to state 1730


State 1558

  857 timing_option: risefall delay_or_transition K_UNATENESS • unateness K_TABLEDIMENSION int_number int_number int_number ';'

    K_INVERT     shift, and go to state 1241
    K_NONINVERT  shift, and go to state 1242
    K_NONUNATE   shift, and go to state 1243

    unateness  go to state 1731


State 1559

  821 trackPattern: K_X int_number K_DO • int_number K_STEP int_number $@103 K_LAYER $@104 trackLayers
  825             | K_X int_number K_DO • int_number K_STEP int_number

    NUMBER  shift, and go to state 93

    int_number  go to state 1732


State 1560

  824 trackPattern: K_Y int_number K_DO • int_number K_STEP int_number $@105 K_LAYER $@106 trackLayers
  826             | K_Y int_number K_DO • int_number K_STEP int_number

    NUMBER  shift, and go to state 93

    int_number  go to state 1733


State 1561

  830 gcellPattern: K_X int_number K_DO • int_number K_STEP int_number

    NUMBER  shift, and go to state 93

    int_number  go to state 1734


State 1562

  831 gcellPattern: K_Y int_number K_DO • int_number K_STEP int_number

    NUMBER  shift, and go to state 93

    int_number  go to state 1735


State 1563

  927 array_rule: K_DEFAULTCAP int_number cap_list K_END K_DEFAULTCAP •

    $default  reduce using rule 927 (array_rule)


State 1564

  937 one_cap: K_MINPINS int_number • K_WIRECAP int_number ';'

    K_WIRECAP  shift, and go to state 1736


State 1565

  932 floorplan_element: K_CANPLACE $@121 sitePattern • ';'

    ';'  shift, and go to state 1737


State 1566

  934 floorplan_element: K_CANNOTOCCUPY $@122 sitePattern • ';'

    ';'  shift, and go to state 1738


State 1567

  492 nd_layer: K_LAYER $@70 • T_STRING $@71 K_WIDTH int_number ';' $@72 nd_layer_stmts K_END $@73 T_STRING

    T_STRING  shift, and go to state 1739


State 1568

  485 nd_prop: T_STRING T_STRING •

    $default  reduce using rule 485 (nd_prop)


State 1569

  486 nd_prop: T_STRING QSTRING •

    $default  reduce using rule 486 (nd_prop)


State 1570

  487 nd_prop: T_STRING NUMBER •

    $default  reduce using rule 487 (nd_prop)


State 1571

  482 nd_prop: K_PROPERTY $@69 • nd_prop_list ';'

    T_STRING    shift, and go to state 1281
    K_PROPERTY  shift, and go to state 1282

    nd_prop       go to state 1740
    nd_prop_list  go to state 1741


State 1572

  480 mincuts: K_MINCUTS $@68 • T_STRING int_number ';'

    T_STRING  shift, and go to state 1742


State 1573

  476 usevia: K_USEVIA $@66 • T_STRING ';'

    T_STRING  shift, and go to state 1743


State 1574

  478 useviarule: K_USEVIARULE $@67 • T_STRING ';'

    T_STRING  shift, and go to state 1744


State 1575

  462 end_nd_rule: K_END •
  463            | K_END • T_STRING

    T_STRING  shift, and go to state 1745

    $default  reduce using rule 462 (end_nd_rule)


State 1576

  461 nondefault_rule: K_NONDEFAULTRULE $@63 T_STRING $@64 nd_hardspacing nd_rules $@65 end_nd_rule •

    $default  reduce using rule 461 (nondefault_rule)


State 1577

  1012 prop_define: K_STRING QSTRING •

    $default  reduce using rule 1012 (prop_define)


State 1578

  1027 opt_def_range: K_RANGE • int_number int_number

    NUMBER  shift, and go to state 93

    int_number  go to state 1746


State 1579

  1009 prop_define: K_INTEGER opt_def_range • opt_def_dvalue

    NUMBER  shift, and go to state 93

    $default  reduce using rule 1030 (opt_def_dvalue)

    int_number      go to state 1747
    opt_def_dvalue  go to state 1748


State 1580

  1010 prop_define: K_REAL opt_def_range • opt_def_value

    NUMBER  shift, and go to state 1749

    $default  reduce using rule 1028 (opt_def_value)

    opt_def_value  go to state 1750


State 1581

  1013 prop_define: K_NAMEMAPSTRING T_STRING •

    $default  reduce using rule 1013 (prop_define)


State 1582

  992 prop_stmt: K_COMPONENTPIN $@127 T_STRING prop_define ';' •

    $default  reduce using rule 992 (prop_stmt)


State 1583

  1002 prop_stmt: K_LAYER $@132 T_STRING prop_define ';' •

    $default  reduce using rule 1002 (prop_stmt)


State 1584

  990 prop_stmt: K_LIBRARY $@126 T_STRING prop_define ';' •

    $default  reduce using rule 990 (prop_stmt)


State 1585

  996 prop_stmt: K_MACRO $@129 T_STRING prop_define ';' •

    $default  reduce using rule 996 (prop_stmt)


State 1586

  1004 prop_stmt: K_NONDEFAULTRULE $@133 T_STRING prop_define ';' •

    $default  reduce using rule 1004 (prop_stmt)


State 1587

  994 prop_stmt: K_PIN $@128 T_STRING prop_define ';' •

    $default  reduce using rule 994 (prop_stmt)


State 1588

  1008 prop_stmt: K_SITE $@135 T_STRING prop_define ';' •

    $default  reduce using rule 1008 (prop_stmt)


State 1589

  1006 prop_stmt: K_PORTOBS $@134 T_STRING prop_define ';' •

    $default  reduce using rule 1006 (prop_stmt)


State 1590

  998 prop_stmt: K_VIA $@130 T_STRING prop_define ';' •

    $default  reduce using rule 998 (prop_stmt)


State 1591

  1000 prop_stmt: K_VIARULE $@131 T_STRING prop_define ';' •

    $default  reduce using rule 1000 (prop_stmt)


State 1592

  1091 output_list: K_OUTPUTRESISTANCE $@149 numo_list ';' • corr_victim_list

    K_VICTIMLENGTH  shift, and go to state 1751

    corr_victim_list  go to state 1752
    corr_victim       go to state 1753


State 1593

  1093 numo_list: numo_list int_number •

    $default  reduce using rule 1093 (numo_list)


State 1594

  1074 output_resistance_entry: K_OUTPUTRESISTANCE $@146 num_list ';' • victim_list

    K_VICTIMLENGTH  shift, and go to state 1754

    victim_list  go to state 1755
    victim       go to state 1756


State 1595

  1076 num_list: num_list int_number •

    $default  reduce using rule 1076 (num_list)


State 1596

  955 expression: K_IF b_expr then • expression else expression
  969 b_expr: K_IF b_expr then • b_expr else b_expr
  974 s_expr: K_IF b_expr then • s_expr else s_expr

    QSTRING  shift, and go to state 631
    NUMBER   shift, and go to state 93
    K_IF     shift, and go to state 1013
    K_FALSE  shift, and go to state 1014
    K_TRUE   shift, and go to state 1015
    K_NOT    shift, and go to state 1016
    '-'      shift, and go to state 1017
    '('      shift, and go to state 1018

    int_number  go to state 1019
    expression  go to state 1757
    b_expr      go to state 1758
    s_expr      go to state 1759


State 1597

  955 expression: K_IF b_expr • then expression else expression
  963 b_expr: b_expr • K_EQ b_expr
  964       | b_expr • K_NE b_expr
  965       | b_expr • K_AND b_expr
  966       | b_expr • K_OR b_expr

    K_THEN  shift, and go to state 1343
    K_EQ    shift, and go to state 1344
    K_NE    shift, and go to state 1345
    K_OR    shift, and go to state 1346
    K_AND   shift, and go to state 1347
    '\n'    shift, and go to state 1348

    then  go to state 1760


State 1598

  949 expression: expression • '+' expression
  950           | expression • '-' expression
  951           | expression • '*' expression
  952           | expression • '/' expression
  954           | '(' expression • ')'

    '-'  shift, and go to state 1335
    '+'  shift, and go to state 1336
    '*'  shift, and go to state 1337
    '/'  shift, and go to state 1338
    ')'  shift, and go to state 1599


State 1599

  954 expression: '(' expression ')' •

    $default  reduce using rule 954 (expression)


State 1600

  968 b_expr: '(' b_expr ')' •

    $default  reduce using rule 968 (b_expr)


State 1601

  949 expression: expression • '+' expression
  950           | expression • '-' expression
  951           | expression • '*' expression
  952           | expression • '/' expression
  959 b_expr: expression K_OR expression •

    '-'  shift, and go to state 1335
    '+'  shift, and go to state 1336
    '*'  shift, and go to state 1337
    '/'  shift, and go to state 1338

    $default  reduce using rule 959 (b_expr)


State 1602

  949 expression: expression • '+' expression
  950           | expression • '-' expression
  951           | expression • '*' expression
  952           | expression • '/' expression
  958 b_expr: expression K_AND expression •

    '-'  shift, and go to state 1335
    '+'  shift, and go to state 1336
    '*'  shift, and go to state 1337
    '/'  shift, and go to state 1338

    $default  reduce using rule 958 (b_expr)


State 1603

  949 expression: expression • '+' expression
  950           | expression • '-' expression
  950           | expression '-' expression •
  951           | expression • '*' expression
  952           | expression • '/' expression

    '*'  shift, and go to state 1337
    '/'  shift, and go to state 1338

    $default  reduce using rule 950 (expression)


State 1604

  949 expression: expression • '+' expression
  949           | expression '+' expression •
  950           | expression • '-' expression
  951           | expression • '*' expression
  952           | expression • '/' expression

    '*'  shift, and go to state 1337
    '/'  shift, and go to state 1338

    $default  reduce using rule 949 (expression)


State 1605

  949 expression: expression • '+' expression
  950           | expression • '-' expression
  951           | expression • '*' expression
  951           | expression '*' expression •
  952           | expression • '/' expression

    $default  reduce using rule 951 (expression)


State 1606

  949 expression: expression • '+' expression
  950           | expression • '-' expression
  951           | expression • '*' expression
  952           | expression • '/' expression
  952           | expression '/' expression •

    $default  reduce using rule 952 (expression)


State 1607

  949 expression: expression • '+' expression
  950           | expression • '-' expression
  951           | expression • '*' expression
  952           | expression • '/' expression
  957 b_expr: expression relop expression •

    '-'  shift, and go to state 1335
    '+'  shift, and go to state 1336
    '*'  shift, and go to state 1337
    '/'  shift, and go to state 1338

    $default  reduce using rule 957 (b_expr)


State 1608

  963 b_expr: b_expr • K_EQ b_expr
  963       | b_expr K_EQ b_expr •
  964       | b_expr • K_NE b_expr
  965       | b_expr • K_AND b_expr
  966       | b_expr • K_OR b_expr

    $default  reduce using rule 963 (b_expr)


State 1609

  963 b_expr: b_expr • K_EQ b_expr
  964       | b_expr • K_NE b_expr
  964       | b_expr K_NE b_expr •
  965       | b_expr • K_AND b_expr
  966       | b_expr • K_OR b_expr

    $default  reduce using rule 964 (b_expr)


State 1610

  963 b_expr: b_expr • K_EQ b_expr
  964       | b_expr • K_NE b_expr
  965       | b_expr • K_AND b_expr
  966       | b_expr • K_OR b_expr
  966       | b_expr K_OR b_expr •

    K_EQ  shift, and go to state 1344
    K_NE  shift, and go to state 1345

    $default  reduce using rule 966 (b_expr)


State 1611

  963 b_expr: b_expr • K_EQ b_expr
  964       | b_expr • K_NE b_expr
  965       | b_expr • K_AND b_expr
  965       | b_expr K_AND b_expr •
  966       | b_expr • K_OR b_expr

    K_EQ  shift, and go to state 1344
    K_NE  shift, and go to state 1345
    K_OR  shift, and go to state 1346

    $default  reduce using rule 965 (b_expr)


State 1612

  946 then: '\n' K_THEN •

    $default  reduce using rule 946 (then)


State 1613

  972 s_expr: s_expr • '+' s_expr
  974       | K_IF b_expr then s_expr • else s_expr

    K_ELSE  shift, and go to state 1761
    '+'     shift, and go to state 1024
    '\n'    shift, and go to state 1762

    else  go to state 1763


State 1614

  962 b_expr: s_expr K_OR s_expr •
  972 s_expr: s_expr • '+' s_expr

    '+'  shift, and go to state 1024

    $default  reduce using rule 962 (b_expr)


State 1615

  961 b_expr: s_expr K_AND s_expr •
  972 s_expr: s_expr • '+' s_expr

    '+'  shift, and go to state 1024

    $default  reduce using rule 961 (b_expr)


State 1616

  960 b_expr: s_expr relop s_expr •
  972 s_expr: s_expr • '+' s_expr

    '+'  shift, and go to state 1024

    $default  reduce using rule 960 (b_expr)


State 1617

  268 cap_point: '(' int_number • int_number ')'

    NUMBER  shift, and go to state 93

    int_number  go to state 1764


State 1618

  107 layer_option: K_CAPACITANCE K_CPERSQDIST K_PWL '(' cap_points ')' • ';'

    ';'  shift, and go to state 1765


State 1619

  267 cap_points: cap_points cap_point •

    $default  reduce using rule 267 (cap_points)


State 1620

  271 res_point: '(' int_number • int_number ')'

    NUMBER  shift, and go to state 93

    int_number  go to state 1766


State 1621

  105 layer_option: K_RESISTANCE K_RPERSQ K_PWL '(' res_points ')' • ';'

    ';'  shift, and go to state 1767


State 1622

  270 res_points: res_points res_point •

    $default  reduce using rule 270 (res_points)


State 1623

  1025 opt_samenetPGonly: K_PGONLY •

    $default  reduce using rule 1025 (opt_samenetPGonly)


State 1624

  1036 layer_spacing_opt: K_SAMENET $@137 opt_samenetPGonly •

    $default  reduce using rule 1036 (layer_spacing_opt)


State 1625

  1044 layer_spacing_cut_routing: K_AREA NUMBER •

    $default  reduce using rule 1044 (layer_spacing_cut_routing)


State 1626

  1041 layer_spacing_cut_routing: K_LAYER $@138 • T_STRING $@139 spacing_cut_layer_opt

    T_STRING  shift, and go to state 1768


State 1627

  1046 layer_spacing_cut_routing: K_RANGE int_number • int_number $@141 opt_range_second

    NUMBER  shift, and go to state 93

    int_number  go to state 1769


State 1628

  1047 layer_spacing_cut_routing: K_LENGTHTHRESHOLD int_number •
  1048                          | K_LENGTHTHRESHOLD int_number • K_RANGE int_number int_number

    K_RANGE  shift, and go to state 1770

    $default  reduce using rule 1047 (layer_spacing_cut_routing)


State 1629

  1043 layer_spacing_cut_routing: K_ADJACENTCUTS int_number • K_WITHIN int_number $@140 opt_adjacentcuts_exceptsame

    K_WITHIN  shift, and go to state 1771


State 1630

  1050 layer_spacing_cut_routing: K_ENDOFLINE int_number • K_WITHIN int_number $@142 opt_endofline

    K_WITHIN  shift, and go to state 1772


State 1631

  1052 layer_spacing_cut_routing: K_ENDOFNOTCHWIDTH int_number • K_NOTCHSPACING int_number K_NOTCHLENGTH int_number

    K_NOTCHSPACING  shift, and go to state 1773


State 1632

  1051 layer_spacing_cut_routing: K_NOTCHLENGTH int_number •

    $default  reduce using rule 1051 (layer_spacing_cut_routing)


State 1633

  100 layer_option: K_SPACING int_number $@6 layer_spacing_opts layer_spacing_cut_routing ';' •

    $default  reduce using rule 100 (layer_option)


State 1634

  265 current_density_pwl: '(' int_number int_number • ')'

    ')'  shift, and go to state 1774


State 1635

  116 layer_option: K_CURRENTDEN K_PWL '(' current_density_pwl_list ')' ';' •

    $default  reduce using rule 116 (layer_option)


State 1636

  117 layer_option: K_CURRENTDEN '(' int_number int_number ')' ';' •

    $default  reduce using rule 117 (layer_option)


State 1637

  246 layer_frequency: K_FREQUENCY NUMBER $@39 • number_list ';' $@40 ac_layer_table_opt K_TABLEENTRIES NUMBER $@41 number_list ';'

    $default  reduce using rule 256 (number_list)

    number_list  go to state 1775


State 1638

  129 layer_option: K_DCCURRENTDENSITY K_AVERAGE K_WIDTH int_number $@12 int_number_list • ';' $@13 dc_layer_table
  255 int_number_list: int_number_list • int_number

    NUMBER  shift, and go to state 93
    ';'     shift, and go to state 1776

    int_number  go to state 1777


State 1639

  126 layer_option: K_DCCURRENTDENSITY K_AVERAGE K_CUTAREA NUMBER $@10 number_list • ';' $@11 dc_layer_table
  257 number_list: number_list • NUMBER

    NUMBER  shift, and go to state 1778
    ';'     shift, and go to state 1779


State 1640

  234 layer_antenna_pwl: K_PWL '(' pt pt • $@38 layer_diffusion_ratios ')'

    $default  reduce using rule 233 ($@38)

    $@38  go to state 1780


State 1641

  218 layer_minimumcut_within: K_WITHIN • int_number

    NUMBER  shift, and go to state 93

    int_number  go to state 1781


State 1642

  172 layer_option: K_MINIMUMCUT int_number K_WIDTH int_number $@24 layer_minimumcut_within • layer_minimumcut_from layer_minimumcut_length ';'

    K_FROMABOVE  shift, and go to state 1782
    K_FROMBELOW  shift, and go to state 1783

    $default  reduce using rule 219 (layer_minimumcut_from)

    layer_minimumcut_from  go to state 1784


State 1643

  211 layer_enclosure_width_opt: K_WIDTH • int_number $@37 layer_enclosure_width_except_opt

    NUMBER  shift, and go to state 93

    int_number  go to state 1785


State 1644

  212 layer_enclosure_width_opt: K_LENGTH • int_number

    NUMBER  shift, and go to state 93

    int_number  go to state 1786


State 1645

  179 layer_option: K_ENCLOSURE layer_enclosure_type_opt int_number int_number $@27 layer_enclosure_width_opt • ';'

    ';'  shift, and go to state 1787


State 1646

  227 layer_minstep_option: K_LENGTHSUM int_number •

    $default  reduce using rule 227 (layer_minstep_option)


State 1647

  228 layer_minstep_option: K_MAXEDGES int_number •

    $default  reduce using rule 228 (layer_minstep_option)


State 1648

  175 layer_option: K_PROTRUSIONWIDTH int_number K_LENGTH int_number K_WIDTH int_number • ';'

    ';'  shift, and go to state 1788


State 1649

  102 layer_option: K_SPACINGTABLE K_ORTHOGONAL K_WITHIN int_number K_SPACING int_number • $@7 layer_spacingtable_opts ';'

    $default  reduce using rule 101 ($@7)

    $@7  go to state 1789


State 1650

  202 sp_options: K_INFLUENCE K_WIDTH int_number K_WITHIN • int_number K_SPACING int_number $@36 layer_sp_influence_widths

    NUMBER  shift, and go to state 93

    int_number  go to state 1790


State 1651

  197 sp_options: K_PARALLELRUNLENGTH int_number $@30 int_number_list • $@31 K_WIDTH int_number $@32 int_number_list $@33 layer_sp_parallel_widths
  255 int_number_list: int_number_list • int_number

    NUMBER  shift, and go to state 93

    $default  reduce using rule 194 ($@31)

    int_number  go to state 1777
    $@31        go to state 1791


State 1652

  325 layer_sp_TwoWidthsPRL: K_PRL • int_number

    NUMBER  shift, and go to state 93

    int_number  go to state 1792


State 1653

  200 sp_options: K_TWOWIDTHS K_WIDTH int_number layer_sp_TwoWidthsPRL • int_number $@34 int_number_list $@35 layer_sp_TwoWidths

    NUMBER  shift, and go to state 93

    int_number  go to state 1793


State 1654

  216 layer_preferenclosure_width_opt: K_WIDTH • int_number

    NUMBER  shift, and go to state 93

    int_number  go to state 1794


State 1655

  181 layer_option: K_PREFERENCLOSURE layer_enclosure_type_opt int_number int_number $@28 layer_preferenclosure_width_opt • ';'

    ';'  shift, and go to state 1795


State 1656

   86 layer_option: K_ARRAYSPACING $@4 layer_arraySpacing_long layer_arraySpacing_width K_CUTSPACING int_number • $@5 layer_arraySpacing_arraycuts ';'

    $default  reduce using rule 85 ($@5)

    $@5  go to state 1796


State 1657

  153 layer_option: K_ANTENNAAREADIFFREDUCEPWL '(' pt pt $@21 layer_diffusion_ratios • ')' ';' $@22
  236 layer_diffusion_ratios: layer_diffusion_ratios • layer_diffusion_ratio

    NUMBER  shift, and go to state 93
    '('     shift, and go to state 508
    ')'     shift, and go to state 1797

    int_number             go to state 509
    layer_diffusion_ratio  go to state 1798
    pt                     go to state 1799


State 1658

  341 via_viarule: K_VIARULE $@49 T_STRING ';' K_CUTSIZE int_number • int_number ';' K_LAYERS $@50 T_STRING T_STRING T_STRING ';' K_CUTSPACING int_number int_number ';' K_ENCLOSURE int_number int_number int_number int_number ';' $@51 via_viarule_options

    NUMBER  shift, and go to state 93

    int_number  go to state 1800


State 1659

  394 via_geometry: K_POLYGON maskColor $@56 firstPt • nextPt nextPt otherPts ';'

    NUMBER  shift, and go to state 93
    '('     shift, and go to state 508

    int_number  go to state 509
    pt          go to state 1401
    nextPt      go to state 1801


State 1660

  392 via_geometry: K_RECT maskColor pt pt • ';'

    ';'  shift, and go to state 1802


State 1661

  430 viarule_layer_option: K_SPACING int_number K_BY int_number ';' •

    $default  reduce using rule 430 (viarule_layer_option)


State 1662

  428 viarule_layer_option: K_WIDTH int_number K_TO int_number ';' •

    $default  reduce using rule 428 (viarule_layer_option)


State 1663

  442 spacing: samenet_keyword T_STRING T_STRING int_number K_STACK ';' •

    $default  reduce using rule 442 (spacing)


State 1664

  528 site_rowpattern: T_STRING orientation $@77 •

    $default  reduce using rule 528 (site_rowpattern)


State 1665

  840 density_layer: K_LAYER $@107 T_STRING ';' $@108 • density_layer_rect density_layer_rects

    K_RECT  shift, and go to state 1803

    density_layer_rect  go to state 1804


State 1666

  817 sitePattern: T_STRING int_number int_number orientation K_DO • int_number K_BY int_number K_STEP int_number int_number

    NUMBER  shift, and go to state 93

    int_number  go to state 1805


State 1667

  748 electrical_direction: K_DIRECTION K_OUTPUT K_TRISTATE ';' •

    $default  reduce using rule 748 (electrical_direction)


State 1668

  671 macro_pin_option: K_INPUTNOISEMARGIN $@91 int_number int_number • ';'

    ';'  shift, and go to state 1806


State 1669

  681 macro_pin_option: K_IV_TABLES T_STRING T_STRING ';' •

    $default  reduce using rule 681 (macro_pin_option)


State 1670

  650 macro_pin_option: K_LEQ $@87 T_STRING ';' •

    $default  reduce using rule 650 (macro_pin_option)


State 1671

  665 macro_pin_option: K_MUSTJOIN $@88 T_STRING ';' •

    $default  reduce using rule 665 (macro_pin_option)


State 1672

  667 macro_pin_option: K_OUTPUTNOISEMARGIN $@89 int_number int_number • ';'

    ';'  shift, and go to state 1807


State 1673

  745 pin_name_value_pair: T_STRING T_STRING •

    $default  reduce using rule 745 (pin_name_value_pair)


State 1674

  744 pin_name_value_pair: T_STRING QSTRING •

    $default  reduce using rule 744 (pin_name_value_pair)


State 1675

  743 pin_name_value_pair: T_STRING NUMBER •

    $default  reduce using rule 743 (pin_name_value_pair)


State 1676

  685 macro_pin_option: K_PROPERTY $@93 pin_prop_list ';' •

    $default  reduce using rule 685 (macro_pin_option)


State 1677

  742 pin_prop_list: pin_prop_list pin_name_value_pair •

    $default  reduce using rule 742 (pin_prop_list)


State 1678

  669 macro_pin_option: K_OUTPUTRESISTANCE $@90 int_number int_number • ';'

    ';'  shift, and go to state 1808


State 1679

  683 macro_pin_option: K_TAPERRULE $@92 T_STRING ';' •

    $default  reduce using rule 683 (macro_pin_option)


State 1680

  1059 opt_layer_name: K_LAYER $@143 • T_STRING

    T_STRING  shift, and go to state 1809


State 1681

  688 macro_pin_option: K_ANTENNASIZE int_number opt_layer_name ';' •

    $default  reduce using rule 688 (macro_pin_option)


State 1682

  690 macro_pin_option: K_ANTENNAMETALLENGTH int_number opt_layer_name ';' •

    $default  reduce using rule 690 (macro_pin_option)


State 1683

  689 macro_pin_option: K_ANTENNAMETALAREA NUMBER opt_layer_name ';' •

    $default  reduce using rule 689 (macro_pin_option)


State 1684

  693 macro_pin_option: K_ANTENNAPARTIALMETALAREA NUMBER opt_layer_name ';' •

    $default  reduce using rule 693 (macro_pin_option)


State 1685

  694 macro_pin_option: K_ANTENNAPARTIALMETALSIDEAREA NUMBER opt_layer_name ';' •

    $default  reduce using rule 694 (macro_pin_option)


State 1686

  697 macro_pin_option: K_ANTENNAGATEAREA NUMBER opt_layer_name ';' •

    $default  reduce using rule 697 (macro_pin_option)


State 1687

  696 macro_pin_option: K_ANTENNADIFFAREA NUMBER opt_layer_name ';' •

    $default  reduce using rule 696 (macro_pin_option)


State 1688

  1061 req_layer_name: K_LAYER $@144 • T_STRING

    T_STRING  shift, and go to state 1810


State 1689

  698 macro_pin_option: K_ANTENNAMAXAREACAR NUMBER req_layer_name ';' •

    $default  reduce using rule 698 (macro_pin_option)


State 1690

  699 macro_pin_option: K_ANTENNAMAXSIDEAREACAR NUMBER req_layer_name ';' •

    $default  reduce using rule 699 (macro_pin_option)


State 1691

  695 macro_pin_option: K_ANTENNAPARTIALCUTAREA NUMBER opt_layer_name ';' •

    $default  reduce using rule 695 (macro_pin_option)


State 1692

  700 macro_pin_option: K_ANTENNAMAXCUTCAR NUMBER req_layer_name ';' •

    $default  reduce using rule 700 (macro_pin_option)


State 1693

  702 macro_pin_option: K_ANTENNAMODEL $@94 pin_layer_oxide ';' •

    $default  reduce using rule 702 (macro_pin_option)


State 1694

  708 macro_pin_option: K_GROUNDSENSITIVITY $@97 T_STRING ';' •

    $default  reduce using rule 708 (macro_pin_option)


State 1695

  704 macro_pin_option: K_NETEXPR $@95 QSTRING ';' •

    $default  reduce using rule 704 (macro_pin_option)


State 1696

  706 macro_pin_option: K_SUPPLYSENSITIVITY $@96 T_STRING ';' •

    $default  reduce using rule 706 (macro_pin_option)


State 1697

  647 macro_pin_option: start_foreign K_STRUCTURE pt ';' •

    $default  reduce using rule 647 (macro_pin_option)


State 1698

  648 macro_pin_option: start_foreign K_STRUCTURE pt orientation • ';'

    ';'  shift, and go to state 1811


State 1699

  645 macro_pin_option: start_foreign pt orientation ';' •

    $default  reduce using rule 645 (macro_pin_option)


State 1700

  753 macro_port_class_option: K_CLASS class_type ';' •

    $default  reduce using rule 753 (macro_port_class_option)


State 1701

  686 macro_pin_option: start_macro_port macro_port_class_option geometries K_END •

    $default  reduce using rule 686 (macro_pin_option)


State 1702

  793 geometry_prop: K_PROPERTY • prop_name_value

    $default  reduce using rule 799 ($@100)

    prop_name_value  go to state 1812
    $@100            go to state 543


State 1703

  771 geometry: K_LAYER $@98 T_STRING $@99 opt_geometry_props • layer_exceptpgnet layer_real_abstract_noroute_opt layer_spacing ';'

    K_EXCEPTPGNET  shift, and go to state 1813

    $default  reduce using rule 782 (layer_exceptpgnet)

    layer_exceptpgnet  go to state 1814


State 1704

  790 opt_geometry_props: geometry_props •
  792 geometry_props: geometry_props • geometry_prop

    K_PROPERTY  shift, and go to state 1702

    $default  reduce using rule 790 (opt_geometry_props)

    geometry_prop  go to state 1815


State 1705

  791 geometry_props: geometry_prop •

    $default  reduce using rule 791 (geometry_props)


State 1706

  774 geometry: K_PATH maskColor K_ITERATE firstPt otherPts • stepPattern ';'
  811 otherPts: otherPts • nextPt

    K_DO    shift, and go to state 1816
    NUMBER  shift, and go to state 93
    '('     shift, and go to state 508

    int_number   go to state 509
    pt           go to state 1401
    nextPt       go to state 1402
    stepPattern  go to state 1817


State 1707

  773 geometry: K_PATH maskColor firstPt otherPts ';' •

    $default  reduce using rule 773 (geometry)


State 1708

  778 geometry: K_POLYGON maskColor K_ITERATE firstPt nextPt • nextPt otherPts stepPattern ';'

    NUMBER  shift, and go to state 93
    '('     shift, and go to state 508

    int_number  go to state 509
    pt          go to state 1401
    nextPt      go to state 1818


State 1709

  777 geometry: K_POLYGON maskColor firstPt nextPt nextPt • otherPts ';'

    $default  reduce using rule 810 (otherPts)

    otherPts  go to state 1819


State 1710

  776 geometry: K_RECT maskColor K_ITERATE pt pt • stepPattern ';'

    K_DO  shift, and go to state 1816

    stepPattern  go to state 1820


State 1711

  775 geometry: K_RECT maskColor pt pt ';' •

    $default  reduce using rule 775 (geometry)


State 1712

  815 via_placement: K_VIA K_ITERATE maskColor pt $@102 • T_STRING stepPattern ';'

    T_STRING  shift, and go to state 1821


State 1713

  813 via_placement: K_VIA opt_geometry_via_props maskColor pt $@101 • T_STRING ';'

    T_STRING  shift, and go to state 1822


State 1714

  863 timing_option: K_FALLCS int_number int_number ';' •

    $default  reduce using rule 863 (timing_option)


State 1715

  867 timing_option: K_FALLT0 int_number int_number ';' •

    $default  reduce using rule 867 (timing_option)


State 1716

  865 timing_option: K_FALLSATT1 int_number int_number ';' •

    $default  reduce using rule 865 (timing_option)


State 1717

  861 timing_option: K_FALLRS int_number int_number ';' •

    $default  reduce using rule 861 (timing_option)


State 1718

  905 list_of_from_strings: list_of_from_strings T_STRING •

    $default  reduce using rule 905 (list_of_from_strings)


State 1719

  852 timing_option: K_FROMPIN $@110 list_of_from_strings ';' •

    $default  reduce using rule 852 (timing_option)


State 1720

  862 timing_option: K_RISECS int_number int_number ';' •

    $default  reduce using rule 862 (timing_option)


State 1721

  860 timing_option: K_RISERS int_number int_number ';' •

    $default  reduce using rule 860 (timing_option)


State 1722

  864 timing_option: K_RISESATT1 int_number int_number ';' •

    $default  reduce using rule 864 (timing_option)


State 1723

  866 timing_option: K_RISET0 int_number int_number ';' •

    $default  reduce using rule 866 (timing_option)


State 1724

  907 list_of_to_strings: list_of_to_strings T_STRING •

    $default  reduce using rule 907 (list_of_to_strings)


State 1725

  854 timing_option: K_TOPIN $@111 list_of_to_strings ';' •

    $default  reduce using rule 854 (timing_option)


State 1726

  869 timing_option: K_STABLE K_SETUP int_number K_HOLD • int_number risefall ';'

    NUMBER  shift, and go to state 93

    int_number  go to state 1823


State 1727

  893 table_entry: '(' int_number int_number • int_number ')'

    NUMBER  shift, and go to state 93

    int_number  go to state 1824


State 1728

  871 timing_option: one_pin_trigger K_TABLEDIMENSION int_number int_number • int_number ';'

    NUMBER  shift, and go to state 93

    int_number  go to state 1825


State 1729

  870 timing_option: two_pin_trigger from_pin_trigger to_pin_trigger K_TABLEDIMENSION • int_number int_number int_number ';'

    NUMBER  shift, and go to state 93

    int_number  go to state 1826


State 1730

  856 timing_option: risefall K_INTRINSIC int_number int_number • $@112 slew_spec K_VARIABLE int_number int_number ';'

    $default  reduce using rule 855 ($@112)

    $@112  go to state 1827


State 1731

  857 timing_option: risefall delay_or_transition K_UNATENESS unateness • K_TABLEDIMENSION int_number int_number int_number ';'

    K_TABLEDIMENSION  shift, and go to state 1828


State 1732

  821 trackPattern: K_X int_number K_DO int_number • K_STEP int_number $@103 K_LAYER $@104 trackLayers
  825             | K_X int_number K_DO int_number • K_STEP int_number

    K_STEP  shift, and go to state 1829


State 1733

  824 trackPattern: K_Y int_number K_DO int_number • K_STEP int_number $@105 K_LAYER $@106 trackLayers
  826             | K_Y int_number K_DO int_number • K_STEP int_number

    K_STEP  shift, and go to state 1830


State 1734

  830 gcellPattern: K_X int_number K_DO int_number • K_STEP int_number

    K_STEP  shift, and go to state 1831


State 1735

  831 gcellPattern: K_Y int_number K_DO int_number • K_STEP int_number

    K_STEP  shift, and go to state 1832


State 1736

  937 one_cap: K_MINPINS int_number K_WIRECAP • int_number ';'

    NUMBER  shift, and go to state 93

    int_number  go to state 1833


State 1737

  932 floorplan_element: K_CANPLACE $@121 sitePattern ';' •

    $default  reduce using rule 932 (floorplan_element)


State 1738

  934 floorplan_element: K_CANNOTOCCUPY $@122 sitePattern ';' •

    $default  reduce using rule 934 (floorplan_element)


State 1739

  492 nd_layer: K_LAYER $@70 T_STRING • $@71 K_WIDTH int_number ';' $@72 nd_layer_stmts K_END $@73 T_STRING

    $default  reduce using rule 489 ($@71)

    $@71  go to state 1834


State 1740

  483 nd_prop_list: nd_prop •

    $default  reduce using rule 483 (nd_prop_list)


State 1741

  482 nd_prop: K_PROPERTY $@69 nd_prop_list • ';'
  484 nd_prop_list: nd_prop_list • nd_prop

    T_STRING    shift, and go to state 1281
    K_PROPERTY  shift, and go to state 1282
    ';'         shift, and go to state 1835

    nd_prop  go to state 1836


State 1742

  480 mincuts: K_MINCUTS $@68 T_STRING • int_number ';'

    NUMBER  shift, and go to state 93

    int_number  go to state 1837


State 1743

  476 usevia: K_USEVIA $@66 T_STRING • ';'

    ';'  shift, and go to state 1838


State 1744

  478 useviarule: K_USEVIARULE $@67 T_STRING • ';'

    ';'  shift, and go to state 1839


State 1745

  463 end_nd_rule: K_END T_STRING •

    $default  reduce using rule 463 (end_nd_rule)


State 1746

  1027 opt_def_range: K_RANGE int_number • int_number

    NUMBER  shift, and go to state 93

    int_number  go to state 1840


State 1747

  1031 opt_def_dvalue: int_number •

    $default  reduce using rule 1031 (opt_def_dvalue)


State 1748

  1009 prop_define: K_INTEGER opt_def_range opt_def_dvalue •

    $default  reduce using rule 1009 (prop_define)


State 1749

  1029 opt_def_value: NUMBER •

    $default  reduce using rule 1029 (opt_def_value)


State 1750

  1010 prop_define: K_REAL opt_def_range opt_def_value •

    $default  reduce using rule 1010 (prop_define)


State 1751

  1097 corr_victim: K_VICTIMLENGTH • int_number ';' $@150 K_CORRECTIONFACTOR corr_list ';'

    NUMBER  shift, and go to state 93

    int_number  go to state 1841


State 1752

  1091 output_list: K_OUTPUTRESISTANCE $@149 numo_list ';' corr_victim_list •
  1095 corr_victim_list: corr_victim_list • corr_victim

    K_VICTIMLENGTH  shift, and go to state 1751

    $default  reduce using rule 1091 (output_list)

    corr_victim  go to state 1842


State 1753

  1094 corr_victim_list: corr_victim •

    $default  reduce using rule 1094 (corr_victim_list)


State 1754

  1080 victim: K_VICTIMLENGTH • int_number ';' $@147 K_VICTIMNOISE vnoiselist ';'

    NUMBER  shift, and go to state 93

    int_number  go to state 1843


State 1755

  1074 output_resistance_entry: K_OUTPUTRESISTANCE $@146 num_list ';' victim_list •
  1078 victim_list: victim_list • victim

    K_VICTIMLENGTH  shift, and go to state 1754

    $default  reduce using rule 1074 (output_resistance_entry)

    victim  go to state 1844


State 1756

  1077 victim_list: victim •

    $default  reduce using rule 1077 (victim_list)


State 1757

  949 expression: expression • '+' expression
  950           | expression • '-' expression
  951           | expression • '*' expression
  952           | expression • '/' expression
  955           | K_IF b_expr then expression • else expression
  957 b_expr: expression • relop expression
  958       | expression • K_AND expression
  959       | expression • K_OR expression

    K_ELSE  shift, and go to state 1761
    K_EQ    shift, and go to state 1327
    K_NE    shift, and go to state 1328
    K_LE    shift, and go to state 1329
    K_LT    shift, and go to state 1330
    K_GE    shift, and go to state 1331
    K_GT    shift, and go to state 1332
    K_OR    shift, and go to state 1333
    K_AND   shift, and go to state 1334
    '-'     shift, and go to state 1335
    '+'     shift, and go to state 1336
    '*'     shift, and go to state 1337
    '/'     shift, and go to state 1338
    '='     shift, and go to state 1339
    '\n'    shift, and go to state 1762
    '<'     shift, and go to state 1340
    '>'     shift, and go to state 1341

    else   go to state 1845
    relop  go to state 1342


State 1758

  963 b_expr: b_expr • K_EQ b_expr
  964       | b_expr • K_NE b_expr
  965       | b_expr • K_AND b_expr
  966       | b_expr • K_OR b_expr
  969       | K_IF b_expr then b_expr • else b_expr

    K_ELSE  shift, and go to state 1761
    K_EQ    shift, and go to state 1344
    K_NE    shift, and go to state 1345
    K_OR    shift, and go to state 1346
    K_AND   shift, and go to state 1347
    '\n'    shift, and go to state 1762

    else  go to state 1846


State 1759

  960 b_expr: s_expr • relop s_expr
  961       | s_expr • K_AND s_expr
  962       | s_expr • K_OR s_expr
  972 s_expr: s_expr • '+' s_expr
  974       | K_IF b_expr then s_expr • else s_expr

    K_ELSE  shift, and go to state 1761
    K_EQ    shift, and go to state 1327
    K_NE    shift, and go to state 1328
    K_LE    shift, and go to state 1329
    K_LT    shift, and go to state 1330
    K_GE    shift, and go to state 1331
    K_GT    shift, and go to state 1332
    K_OR    shift, and go to state 1350
    K_AND   shift, and go to state 1351
    '+'     shift, and go to state 1024
    '='     shift, and go to state 1339
    '\n'    shift, and go to state 1762
    '<'     shift, and go to state 1340
    '>'     shift, and go to state 1341

    else   go to state 1763
    relop  go to state 1352


State 1760

  955 expression: K_IF b_expr then • expression else expression

    NUMBER  shift, and go to state 93
    K_IF    shift, and go to state 1321
    '-'     shift, and go to state 1017
    '('     shift, and go to state 1322

    int_number  go to state 1019
    expression  go to state 1847


State 1761

  947 else: K_ELSE •

    $default  reduce using rule 947 (else)


State 1762

  948 else: '\n' • K_ELSE

    K_ELSE  shift, and go to state 1848


State 1763

  974 s_expr: K_IF b_expr then s_expr else • s_expr

    QSTRING  shift, and go to state 631
    K_IF     shift, and go to state 632
    '('      shift, and go to state 633

    s_expr  go to state 1849


State 1764

  268 cap_point: '(' int_number int_number • ')'

    ')'  shift, and go to state 1850


State 1765

  107 layer_option: K_CAPACITANCE K_CPERSQDIST K_PWL '(' cap_points ')' ';' •

    $default  reduce using rule 107 (layer_option)


State 1766

  271 res_point: '(' int_number int_number • ')'

    ')'  shift, and go to state 1851


State 1767

  105 layer_option: K_RESISTANCE K_RPERSQ K_PWL '(' res_points ')' ';' •

    $default  reduce using rule 105 (layer_option)


State 1768

  1041 layer_spacing_cut_routing: K_LAYER $@138 T_STRING • $@139 spacing_cut_layer_opt

    $default  reduce using rule 1040 ($@139)

    $@139  go to state 1852


State 1769

  1046 layer_spacing_cut_routing: K_RANGE int_number int_number • $@141 opt_range_second

    $default  reduce using rule 1045 ($@141)

    $@141  go to state 1853


State 1770

  1048 layer_spacing_cut_routing: K_LENGTHTHRESHOLD int_number K_RANGE • int_number int_number

    NUMBER  shift, and go to state 93

    int_number  go to state 1854


State 1771

  1043 layer_spacing_cut_routing: K_ADJACENTCUTS int_number K_WITHIN • int_number $@140 opt_adjacentcuts_exceptsame

    NUMBER  shift, and go to state 93

    int_number  go to state 1855


State 1772

  1050 layer_spacing_cut_routing: K_ENDOFLINE int_number K_WITHIN • int_number $@142 opt_endofline

    NUMBER  shift, and go to state 93

    int_number  go to state 1856


State 1773

  1052 layer_spacing_cut_routing: K_ENDOFNOTCHWIDTH int_number K_NOTCHSPACING • int_number K_NOTCHLENGTH int_number

    NUMBER  shift, and go to state 93

    int_number  go to state 1857


State 1774

  265 current_density_pwl: '(' int_number int_number ')' •

    $default  reduce using rule 265 (current_density_pwl)


State 1775

  246 layer_frequency: K_FREQUENCY NUMBER $@39 number_list • ';' $@40 ac_layer_table_opt K_TABLEENTRIES NUMBER $@41 number_list ';'
  257 number_list: number_list • NUMBER

    NUMBER  shift, and go to state 1778
    ';'     shift, and go to state 1858


State 1776

  129 layer_option: K_DCCURRENTDENSITY K_AVERAGE K_WIDTH int_number $@12 int_number_list ';' • $@13 dc_layer_table

    $default  reduce using rule 128 ($@13)

    $@13  go to state 1859


State 1777

  255 int_number_list: int_number_list int_number •

    $default  reduce using rule 255 (int_number_list)


State 1778

  257 number_list: number_list NUMBER •

    $default  reduce using rule 257 (number_list)


State 1779

  126 layer_option: K_DCCURRENTDENSITY K_AVERAGE K_CUTAREA NUMBER $@10 number_list ';' • $@11 dc_layer_table

    $default  reduce using rule 125 ($@11)

    $@11  go to state 1860


State 1780

  234 layer_antenna_pwl: K_PWL '(' pt pt $@38 • layer_diffusion_ratios ')'

    $default  reduce using rule 235 (layer_diffusion_ratios)

    layer_diffusion_ratios  go to state 1861


State 1781

  218 layer_minimumcut_within: K_WITHIN int_number •

    $default  reduce using rule 218 (layer_minimumcut_within)


State 1782

  220 layer_minimumcut_from: K_FROMABOVE •

    $default  reduce using rule 220 (layer_minimumcut_from)


State 1783

  221 layer_minimumcut_from: K_FROMBELOW •

    $default  reduce using rule 221 (layer_minimumcut_from)


State 1784

  172 layer_option: K_MINIMUMCUT int_number K_WIDTH int_number $@24 layer_minimumcut_within layer_minimumcut_from • layer_minimumcut_length ';'

    K_LENGTH  shift, and go to state 1862

    $default  reduce using rule 222 (layer_minimumcut_length)

    layer_minimumcut_length  go to state 1863


State 1785

  211 layer_enclosure_width_opt: K_WIDTH int_number • $@37 layer_enclosure_width_except_opt

    $default  reduce using rule 210 ($@37)

    $@37  go to state 1864


State 1786

  212 layer_enclosure_width_opt: K_LENGTH int_number •

    $default  reduce using rule 212 (layer_enclosure_width_opt)


State 1787

  179 layer_option: K_ENCLOSURE layer_enclosure_type_opt int_number int_number $@27 layer_enclosure_width_opt ';' •

    $default  reduce using rule 179 (layer_option)


State 1788

  175 layer_option: K_PROTRUSIONWIDTH int_number K_LENGTH int_number K_WIDTH int_number ';' •

    $default  reduce using rule 175 (layer_option)


State 1789

  102 layer_option: K_SPACINGTABLE K_ORTHOGONAL K_WITHIN int_number K_SPACING int_number $@7 • layer_spacingtable_opts ';'

    K_WITHIN  shift, and go to state 1865

    $default  reduce using rule 203 (layer_spacingtable_opts)

    layer_spacingtable_opts  go to state 1866
    layer_spacingtable_opt   go to state 1867


State 1790

  202 sp_options: K_INFLUENCE K_WIDTH int_number K_WITHIN int_number • K_SPACING int_number $@36 layer_sp_influence_widths

    K_SPACING  shift, and go to state 1868


State 1791

  197 sp_options: K_PARALLELRUNLENGTH int_number $@30 int_number_list $@31 • K_WIDTH int_number $@32 int_number_list $@33 layer_sp_parallel_widths

    K_WIDTH  shift, and go to state 1869


State 1792

  325 layer_sp_TwoWidthsPRL: K_PRL int_number •

    $default  reduce using rule 325 (layer_sp_TwoWidthsPRL)


State 1793

  200 sp_options: K_TWOWIDTHS K_WIDTH int_number layer_sp_TwoWidthsPRL int_number • $@34 int_number_list $@35 layer_sp_TwoWidths

    $default  reduce using rule 198 ($@34)

    $@34  go to state 1870


State 1794

  216 layer_preferenclosure_width_opt: K_WIDTH int_number •

    $default  reduce using rule 216 (layer_preferenclosure_width_opt)


State 1795

  181 layer_option: K_PREFERENCLOSURE layer_enclosure_type_opt int_number int_number $@28 layer_preferenclosure_width_opt ';' •

    $default  reduce using rule 181 (layer_option)


State 1796

   86 layer_option: K_ARRAYSPACING $@4 layer_arraySpacing_long layer_arraySpacing_width K_CUTSPACING int_number $@5 • layer_arraySpacing_arraycuts ';'

    K_ARRAYCUTS  shift, and go to state 1871

    $default  reduce using rule 190 (layer_arraySpacing_arraycuts)

    layer_arraySpacing_arraycuts  go to state 1872
    layer_arraySpacing_arraycut   go to state 1873


State 1797

  153 layer_option: K_ANTENNAAREADIFFREDUCEPWL '(' pt pt $@21 layer_diffusion_ratios ')' • ';' $@22

    ';'  shift, and go to state 1874


State 1798

  236 layer_diffusion_ratios: layer_diffusion_ratios layer_diffusion_ratio •

    $default  reduce using rule 236 (layer_diffusion_ratios)


State 1799

  237 layer_diffusion_ratio: pt •

    $default  reduce using rule 237 (layer_diffusion_ratio)


State 1800

  341 via_viarule: K_VIARULE $@49 T_STRING ';' K_CUTSIZE int_number int_number • ';' K_LAYERS $@50 T_STRING T_STRING T_STRING ';' K_CUTSPACING int_number int_number ';' K_ENCLOSURE int_number int_number int_number int_number ';' $@51 via_viarule_options

    ';'  shift, and go to state 1875


State 1801

  394 via_geometry: K_POLYGON maskColor $@56 firstPt nextPt • nextPt otherPts ';'

    NUMBER  shift, and go to state 93
    '('     shift, and go to state 508

    int_number  go to state 509
    pt          go to state 1401
    nextPt      go to state 1876


State 1802

  392 via_geometry: K_RECT maskColor pt pt ';' •

    $default  reduce using rule 392 (via_geometry)


State 1803

  843 density_layer_rect: K_RECT • pt pt int_number ';'

    NUMBER  shift, and go to state 93
    '('     shift, and go to state 508

    int_number  go to state 509
    pt          go to state 1877


State 1804

  840 density_layer: K_LAYER $@107 T_STRING ';' $@108 density_layer_rect • density_layer_rects

    $default  reduce using rule 841 (density_layer_rects)

    density_layer_rects  go to state 1878


State 1805

  817 sitePattern: T_STRING int_number int_number orientation K_DO int_number • K_BY int_number K_STEP int_number int_number

    K_BY  shift, and go to state 1879


State 1806

  671 macro_pin_option: K_INPUTNOISEMARGIN $@91 int_number int_number ';' •

    $default  reduce using rule 671 (macro_pin_option)


State 1807

  667 macro_pin_option: K_OUTPUTNOISEMARGIN $@89 int_number int_number ';' •

    $default  reduce using rule 667 (macro_pin_option)


State 1808

  669 macro_pin_option: K_OUTPUTRESISTANCE $@90 int_number int_number ';' •

    $default  reduce using rule 669 (macro_pin_option)


State 1809

  1059 opt_layer_name: K_LAYER $@143 T_STRING •

    $default  reduce using rule 1059 (opt_layer_name)


State 1810

  1061 req_layer_name: K_LAYER $@144 T_STRING •

    $default  reduce using rule 1061 (req_layer_name)


State 1811

  648 macro_pin_option: start_foreign K_STRUCTURE pt orientation ';' •

    $default  reduce using rule 648 (macro_pin_option)


State 1812

  793 geometry_prop: K_PROPERTY prop_name_value •

    $default  reduce using rule 793 (geometry_prop)


State 1813

  783 layer_exceptpgnet: K_EXCEPTPGNET •

    $default  reduce using rule 783 (layer_exceptpgnet)


State 1814

  771 geometry: K_LAYER $@98 T_STRING $@99 opt_geometry_props layer_exceptpgnet • layer_real_abstract_noroute_opt layer_spacing ';'

    K_REAL      shift, and go to state 1880
    K_NOROUTE   shift, and go to state 1881
    K_ABSTRACT  shift, and go to state 1882

    $default  reduce using rule 784 (layer_real_abstract_noroute_opt)

    layer_real_abstract_noroute_opt  go to state 1883
    real_abstract_noroute            go to state 1884


State 1815

  792 geometry_props: geometry_props geometry_prop •

    $default  reduce using rule 792 (geometry_props)


State 1816

  816 stepPattern: K_DO • int_number K_BY int_number K_STEP int_number int_number

    NUMBER  shift, and go to state 93

    int_number  go to state 1885


State 1817

  774 geometry: K_PATH maskColor K_ITERATE firstPt otherPts stepPattern • ';'

    ';'  shift, and go to state 1886


State 1818

  778 geometry: K_POLYGON maskColor K_ITERATE firstPt nextPt nextPt • otherPts stepPattern ';'

    $default  reduce using rule 810 (otherPts)

    otherPts  go to state 1887


State 1819

  777 geometry: K_POLYGON maskColor firstPt nextPt nextPt otherPts • ';'
  811 otherPts: otherPts • nextPt

    NUMBER  shift, and go to state 93
    ';'     shift, and go to state 1888
    '('     shift, and go to state 508

    int_number  go to state 509
    pt          go to state 1401
    nextPt      go to state 1402


State 1820

  776 geometry: K_RECT maskColor K_ITERATE pt pt stepPattern • ';'

    ';'  shift, and go to state 1889


State 1821

  815 via_placement: K_VIA K_ITERATE maskColor pt $@102 T_STRING • stepPattern ';'

    K_DO  shift, and go to state 1816

    stepPattern  go to state 1890


State 1822

  813 via_placement: K_VIA opt_geometry_via_props maskColor pt $@101 T_STRING • ';'

    ';'  shift, and go to state 1891


State 1823

  869 timing_option: K_STABLE K_SETUP int_number K_HOLD int_number • risefall ';'

    K_FALL  shift, and go to state 943
    K_RISE  shift, and go to state 949

    risefall  go to state 1892


State 1824

  893 table_entry: '(' int_number int_number int_number • ')'

    ')'  shift, and go to state 1893


State 1825

  871 timing_option: one_pin_trigger K_TABLEDIMENSION int_number int_number int_number • ';'

    ';'  shift, and go to state 1894


State 1826

  870 timing_option: two_pin_trigger from_pin_trigger to_pin_trigger K_TABLEDIMENSION int_number • int_number int_number ';'

    NUMBER  shift, and go to state 93

    int_number  go to state 1895


State 1827

  856 timing_option: risefall K_INTRINSIC int_number int_number $@112 • slew_spec K_VARIABLE int_number int_number ';'

    NUMBER  shift, and go to state 93

    $default  reduce using rule 896 (slew_spec)

    int_number  go to state 1896
    slew_spec   go to state 1897


State 1828

  857 timing_option: risefall delay_or_transition K_UNATENESS unateness K_TABLEDIMENSION • int_number int_number int_number ';'

    NUMBER  shift, and go to state 93

    int_number  go to state 1898


State 1829

  821 trackPattern: K_X int_number K_DO int_number K_STEP • int_number $@103 K_LAYER $@104 trackLayers
  825             | K_X int_number K_DO int_number K_STEP • int_number

    NUMBER  shift, and go to state 93

    int_number  go to state 1899


State 1830

  824 trackPattern: K_Y int_number K_DO int_number K_STEP • int_number $@105 K_LAYER $@106 trackLayers
  826             | K_Y int_number K_DO int_number K_STEP • int_number

    NUMBER  shift, and go to state 93

    int_number  go to state 1900


State 1831

  830 gcellPattern: K_X int_number K_DO int_number K_STEP • int_number

    NUMBER  shift, and go to state 93

    int_number  go to state 1901


State 1832

  831 gcellPattern: K_Y int_number K_DO int_number K_STEP • int_number

    NUMBER  shift, and go to state 93

    int_number  go to state 1902


State 1833

  937 one_cap: K_MINPINS int_number K_WIRECAP int_number • ';'

    ';'  shift, and go to state 1903


State 1834

  492 nd_layer: K_LAYER $@70 T_STRING $@71 • K_WIDTH int_number ';' $@72 nd_layer_stmts K_END $@73 T_STRING

    K_WIDTH  shift, and go to state 1904


State 1835

  482 nd_prop: K_PROPERTY $@69 nd_prop_list ';' •

    $default  reduce using rule 482 (nd_prop)


State 1836

  484 nd_prop_list: nd_prop_list nd_prop •

    $default  reduce using rule 484 (nd_prop_list)


State 1837

  480 mincuts: K_MINCUTS $@68 T_STRING int_number • ';'

    ';'  shift, and go to state 1905


State 1838

  476 usevia: K_USEVIA $@66 T_STRING ';' •

    $default  reduce using rule 476 (usevia)


State 1839

  478 useviarule: K_USEVIARULE $@67 T_STRING ';' •

    $default  reduce using rule 478 (useviarule)


State 1840

  1027 opt_def_range: K_RANGE int_number int_number •

    $default  reduce using rule 1027 (opt_def_range)


State 1841

  1097 corr_victim: K_VICTIMLENGTH int_number • ';' $@150 K_CORRECTIONFACTOR corr_list ';'

    ';'  shift, and go to state 1906


State 1842

  1095 corr_victim_list: corr_victim_list corr_victim •

    $default  reduce using rule 1095 (corr_victim_list)


State 1843

  1080 victim: K_VICTIMLENGTH int_number • ';' $@147 K_VICTIMNOISE vnoiselist ';'

    ';'  shift, and go to state 1907


State 1844

  1078 victim_list: victim_list victim •

    $default  reduce using rule 1078 (victim_list)


State 1845

  955 expression: K_IF b_expr then expression else • expression

    NUMBER  shift, and go to state 93
    K_IF    shift, and go to state 1321
    '-'     shift, and go to state 1017
    '('     shift, and go to state 1322

    int_number  go to state 1019
    expression  go to state 1908


State 1846

  969 b_expr: K_IF b_expr then b_expr else • b_expr

    QSTRING  shift, and go to state 631
    NUMBER   shift, and go to state 93
    K_IF     shift, and go to state 1013
    K_FALSE  shift, and go to state 1014
    K_TRUE   shift, and go to state 1015
    K_NOT    shift, and go to state 1016
    '-'      shift, and go to state 1017
    '('      shift, and go to state 1018

    int_number  go to state 1019
    expression  go to state 1020
    b_expr      go to state 1909
    s_expr      go to state 1022


State 1847

  949 expression: expression • '+' expression
  950           | expression • '-' expression
  951           | expression • '*' expression
  952           | expression • '/' expression
  955           | K_IF b_expr then expression • else expression

    K_ELSE  shift, and go to state 1761
    '-'     shift, and go to state 1335
    '+'     shift, and go to state 1336
    '*'     shift, and go to state 1337
    '/'     shift, and go to state 1338
    '\n'    shift, and go to state 1762

    else  go to state 1845


State 1848

  948 else: '\n' K_ELSE •

    $default  reduce using rule 948 (else)


State 1849

  972 s_expr: s_expr • '+' s_expr
  974       | K_IF b_expr then s_expr else s_expr •

    '+'  shift, and go to state 1024

    $default  reduce using rule 974 (s_expr)


State 1850

  268 cap_point: '(' int_number int_number ')' •

    $default  reduce using rule 268 (cap_point)


State 1851

  271 res_point: '(' int_number int_number ')' •

    $default  reduce using rule 271 (res_point)


State 1852

  1041 layer_spacing_cut_routing: K_LAYER $@138 T_STRING $@139 • spacing_cut_layer_opt

    K_STACK  shift, and go to state 1910

    $default  reduce using rule 1053 (spacing_cut_layer_opt)

    spacing_cut_layer_opt  go to state 1911


State 1853

  1046 layer_spacing_cut_routing: K_RANGE int_number int_number $@141 • opt_range_second

    K_INFLUENCE           shift, and go to state 1912
    K_RANGE               shift, and go to state 1913
    K_USELENGTHTHRESHOLD  shift, and go to state 1914

    $default  reduce using rule 1014 (opt_range_second)

    opt_range_second  go to state 1915


State 1854

  1048 layer_spacing_cut_routing: K_LENGTHTHRESHOLD int_number K_RANGE int_number • int_number

    NUMBER  shift, and go to state 93

    int_number  go to state 1916


State 1855

  1043 layer_spacing_cut_routing: K_ADJACENTCUTS int_number K_WITHIN int_number • $@140 opt_adjacentcuts_exceptsame

    $default  reduce using rule 1042 ($@140)

    $@140  go to state 1917


State 1856

  1050 layer_spacing_cut_routing: K_ENDOFLINE int_number K_WITHIN int_number • $@142 opt_endofline

    $default  reduce using rule 1049 ($@142)

    $@142  go to state 1918


State 1857

  1052 layer_spacing_cut_routing: K_ENDOFNOTCHWIDTH int_number K_NOTCHSPACING int_number • K_NOTCHLENGTH int_number

    K_NOTCHLENGTH  shift, and go to state 1919


State 1858

  246 layer_frequency: K_FREQUENCY NUMBER $@39 number_list ';' • $@40 ac_layer_table_opt K_TABLEENTRIES NUMBER $@41 number_list ';'

    $default  reduce using rule 244 ($@40)

    $@40  go to state 1920


State 1859

  129 layer_option: K_DCCURRENTDENSITY K_AVERAGE K_WIDTH int_number $@12 int_number_list ';' $@13 • dc_layer_table

    K_TABLEENTRIES  shift, and go to state 1921

    dc_layer_table  go to state 1922


State 1860

  126 layer_option: K_DCCURRENTDENSITY K_AVERAGE K_CUTAREA NUMBER $@10 number_list ';' $@11 • dc_layer_table

    K_TABLEENTRIES  shift, and go to state 1921

    dc_layer_table  go to state 1923


State 1861

  234 layer_antenna_pwl: K_PWL '(' pt pt $@38 layer_diffusion_ratios • ')'
  236 layer_diffusion_ratios: layer_diffusion_ratios • layer_diffusion_ratio

    NUMBER  shift, and go to state 93
    '('     shift, and go to state 508
    ')'     shift, and go to state 1924

    int_number             go to state 509
    layer_diffusion_ratio  go to state 1798
    pt                     go to state 1799


State 1862

  223 layer_minimumcut_length: K_LENGTH • int_number K_WITHIN int_number

    NUMBER  shift, and go to state 93

    int_number  go to state 1925


State 1863

  172 layer_option: K_MINIMUMCUT int_number K_WIDTH int_number $@24 layer_minimumcut_within layer_minimumcut_from layer_minimumcut_length • ';'

    ';'  shift, and go to state 1926


State 1864

  211 layer_enclosure_width_opt: K_WIDTH int_number $@37 • layer_enclosure_width_except_opt

    K_EXCEPTEXTRACUT  shift, and go to state 1927

    $default  reduce using rule 213 (layer_enclosure_width_except_opt)

    layer_enclosure_width_except_opt  go to state 1928


State 1865

  205 layer_spacingtable_opt: K_WITHIN • int_number K_SPACING int_number

    NUMBER  shift, and go to state 93

    int_number  go to state 1929


State 1866

  102 layer_option: K_SPACINGTABLE K_ORTHOGONAL K_WITHIN int_number K_SPACING int_number $@7 layer_spacingtable_opts • ';'

    ';'  shift, and go to state 1930


State 1867

  204 layer_spacingtable_opts: layer_spacingtable_opt • layer_spacingtable_opts

    K_WITHIN  shift, and go to state 1865

    $default  reduce using rule 203 (layer_spacingtable_opts)

    layer_spacingtable_opts  go to state 1931
    layer_spacingtable_opt   go to state 1867


State 1868

  202 sp_options: K_INFLUENCE K_WIDTH int_number K_WITHIN int_number K_SPACING • int_number $@36 layer_sp_influence_widths

    NUMBER  shift, and go to state 93

    int_number  go to state 1932


State 1869

  197 sp_options: K_PARALLELRUNLENGTH int_number $@30 int_number_list $@31 K_WIDTH • int_number $@32 int_number_list $@33 layer_sp_parallel_widths

    NUMBER  shift, and go to state 93

    int_number  go to state 1933


State 1870

  200 sp_options: K_TWOWIDTHS K_WIDTH int_number layer_sp_TwoWidthsPRL int_number $@34 • int_number_list $@35 layer_sp_TwoWidths

    $default  reduce using rule 254 (int_number_list)

    int_number_list  go to state 1934


State 1871

  192 layer_arraySpacing_arraycut: K_ARRAYCUTS • int_number K_SPACING int_number

    NUMBER  shift, and go to state 93

    int_number  go to state 1935


State 1872

   86 layer_option: K_ARRAYSPACING $@4 layer_arraySpacing_long layer_arraySpacing_width K_CUTSPACING int_number $@5 layer_arraySpacing_arraycuts • ';'

    ';'  shift, and go to state 1936


State 1873

  191 layer_arraySpacing_arraycuts: layer_arraySpacing_arraycut • layer_arraySpacing_arraycuts

    K_ARRAYCUTS  shift, and go to state 1871

    $default  reduce using rule 190 (layer_arraySpacing_arraycuts)

    layer_arraySpacing_arraycuts  go to state 1937
    layer_arraySpacing_arraycut   go to state 1873


State 1874

  153 layer_option: K_ANTENNAAREADIFFREDUCEPWL '(' pt pt $@21 layer_diffusion_ratios ')' ';' • $@22

    $default  reduce using rule 152 ($@22)

    $@22  go to state 1938


State 1875

  341 via_viarule: K_VIARULE $@49 T_STRING ';' K_CUTSIZE int_number int_number ';' • K_LAYERS $@50 T_STRING T_STRING T_STRING ';' K_CUTSPACING int_number int_number ';' K_ENCLOSURE int_number int_number int_number int_number ';' $@51 via_viarule_options

    K_LAYERS  shift, and go to state 1939


State 1876

  394 via_geometry: K_POLYGON maskColor $@56 firstPt nextPt nextPt • otherPts ';'

    $default  reduce using rule 810 (otherPts)

    otherPts  go to state 1940


State 1877

  843 density_layer_rect: K_RECT pt • pt int_number ';'

    NUMBER  shift, and go to state 93
    '('     shift, and go to state 508

    int_number  go to state 509
    pt          go to state 1941


State 1878

  840 density_layer: K_LAYER $@107 T_STRING ';' $@108 density_layer_rect density_layer_rects •
  842 density_layer_rects: density_layer_rects • density_layer_rect

    K_RECT  shift, and go to state 1803

    $default  reduce using rule 840 (density_layer)

    density_layer_rect  go to state 1942


State 1879

  817 sitePattern: T_STRING int_number int_number orientation K_DO int_number K_BY • int_number K_STEP int_number int_number

    NUMBER  shift, and go to state 93

    int_number  go to state 1943


State 1880

  786 real_abstract_noroute: K_REAL •

    $default  reduce using rule 786 (real_abstract_noroute)


State 1881

  788 real_abstract_noroute: K_NOROUTE •

    $default  reduce using rule 788 (real_abstract_noroute)


State 1882

  787 real_abstract_noroute: K_ABSTRACT •

    $default  reduce using rule 787 (real_abstract_noroute)


State 1883

  771 geometry: K_LAYER $@98 T_STRING $@99 opt_geometry_props layer_exceptpgnet layer_real_abstract_noroute_opt • layer_spacing ';'

    K_DESIGNRULEWIDTH  shift, and go to state 1944
    K_SPACING          shift, and go to state 1945

    $default  reduce using rule 805 (layer_spacing)

    layer_spacing  go to state 1946


State 1884

  785 layer_real_abstract_noroute_opt: real_abstract_noroute •

    $default  reduce using rule 785 (layer_real_abstract_noroute_opt)


State 1885

  816 stepPattern: K_DO int_number • K_BY int_number K_STEP int_number int_number

    K_BY  shift, and go to state 1947


State 1886

  774 geometry: K_PATH maskColor K_ITERATE firstPt otherPts stepPattern ';' •

    $default  reduce using rule 774 (geometry)


State 1887

  778 geometry: K_POLYGON maskColor K_ITERATE firstPt nextPt nextPt otherPts • stepPattern ';'
  811 otherPts: otherPts • nextPt

    K_DO    shift, and go to state 1816
    NUMBER  shift, and go to state 93
    '('     shift, and go to state 508

    int_number   go to state 509
    pt           go to state 1401
    nextPt       go to state 1402
    stepPattern  go to state 1948


State 1888

  777 geometry: K_POLYGON maskColor firstPt nextPt nextPt otherPts ';' •

    $default  reduce using rule 777 (geometry)


State 1889

  776 geometry: K_RECT maskColor K_ITERATE pt pt stepPattern ';' •

    $default  reduce using rule 776 (geometry)


State 1890

  815 via_placement: K_VIA K_ITERATE maskColor pt $@102 T_STRING stepPattern • ';'

    ';'  shift, and go to state 1949


State 1891

  813 via_placement: K_VIA opt_geometry_via_props maskColor pt $@101 T_STRING ';' •

    $default  reduce using rule 813 (via_placement)


State 1892

  869 timing_option: K_STABLE K_SETUP int_number K_HOLD int_number risefall • ';'

    ';'  shift, and go to state 1950


State 1893

  893 table_entry: '(' int_number int_number int_number ')' •

    $default  reduce using rule 893 (table_entry)


State 1894

  871 timing_option: one_pin_trigger K_TABLEDIMENSION int_number int_number int_number ';' •

    $default  reduce using rule 871 (timing_option)


State 1895

  870 timing_option: two_pin_trigger from_pin_trigger to_pin_trigger K_TABLEDIMENSION int_number int_number • int_number ';'

    NUMBER  shift, and go to state 93

    int_number  go to state 1951


State 1896

  897 slew_spec: int_number • int_number int_number int_number
  898          | int_number • int_number int_number int_number int_number int_number int_number

    NUMBER  shift, and go to state 93

    int_number  go to state 1952


State 1897

  856 timing_option: risefall K_INTRINSIC int_number int_number $@112 slew_spec • K_VARIABLE int_number int_number ';'

    K_VARIABLE  shift, and go to state 1953


State 1898

  857 timing_option: risefall delay_or_transition K_UNATENESS unateness K_TABLEDIMENSION int_number • int_number int_number ';'

    NUMBER  shift, and go to state 93

    int_number  go to state 1954


State 1899

  821 trackPattern: K_X int_number K_DO int_number K_STEP int_number • $@103 K_LAYER $@104 trackLayers
  825             | K_X int_number K_DO int_number K_STEP int_number •

    ';'       reduce using rule 825 (trackPattern)
    $default  reduce using rule 819 ($@103)

    $@103  go to state 1955


State 1900

  824 trackPattern: K_Y int_number K_DO int_number K_STEP int_number • $@105 K_LAYER $@106 trackLayers
  826             | K_Y int_number K_DO int_number K_STEP int_number •

    ';'       reduce using rule 826 (trackPattern)
    $default  reduce using rule 822 ($@105)

    $@105  go to state 1956


State 1901

  830 gcellPattern: K_X int_number K_DO int_number K_STEP int_number •

    $default  reduce using rule 830 (gcellPattern)


State 1902

  831 gcellPattern: K_Y int_number K_DO int_number K_STEP int_number •

    $default  reduce using rule 831 (gcellPattern)


State 1903

  937 one_cap: K_MINPINS int_number K_WIRECAP int_number ';' •

    $default  reduce using rule 937 (one_cap)


State 1904

  492 nd_layer: K_LAYER $@70 T_STRING $@71 K_WIDTH • int_number ';' $@72 nd_layer_stmts K_END $@73 T_STRING

    NUMBER  shift, and go to state 93

    int_number  go to state 1957


State 1905

  480 mincuts: K_MINCUTS $@68 T_STRING int_number ';' •

    $default  reduce using rule 480 (mincuts)


State 1906

  1097 corr_victim: K_VICTIMLENGTH int_number ';' • $@150 K_CORRECTIONFACTOR corr_list ';'

    $default  reduce using rule 1096 ($@150)

    $@150  go to state 1958


State 1907

  1080 victim: K_VICTIMLENGTH int_number ';' • $@147 K_VICTIMNOISE vnoiselist ';'

    $default  reduce using rule 1079 ($@147)

    $@147  go to state 1959


State 1908

  949 expression: expression • '+' expression
  950           | expression • '-' expression
  951           | expression • '*' expression
  952           | expression • '/' expression
  955           | K_IF b_expr then expression else expression •

    '-'  shift, and go to state 1335
    '+'  shift, and go to state 1336
    '*'  shift, and go to state 1337
    '/'  shift, and go to state 1338

    $default  reduce using rule 955 (expression)


State 1909

  963 b_expr: b_expr • K_EQ b_expr
  964       | b_expr • K_NE b_expr
  965       | b_expr • K_AND b_expr
  966       | b_expr • K_OR b_expr
  969       | K_IF b_expr then b_expr else b_expr •

    K_EQ   shift, and go to state 1344
    K_NE   shift, and go to state 1345
    K_OR   shift, and go to state 1346
    K_AND  shift, and go to state 1347

    $default  reduce using rule 969 (b_expr)


State 1910

  1054 spacing_cut_layer_opt: K_STACK •

    $default  reduce using rule 1054 (spacing_cut_layer_opt)


State 1911

  1041 layer_spacing_cut_routing: K_LAYER $@138 T_STRING $@139 spacing_cut_layer_opt •

    $default  reduce using rule 1041 (layer_spacing_cut_routing)


State 1912

  1016 opt_range_second: K_INFLUENCE • int_number
  1017                 | K_INFLUENCE • int_number K_RANGE int_number int_number

    NUMBER  shift, and go to state 93

    int_number  go to state 1960


State 1913

  1018 opt_range_second: K_RANGE • int_number int_number

    NUMBER  shift, and go to state 93

    int_number  go to state 1961


State 1914

  1015 opt_range_second: K_USELENGTHTHRESHOLD •

    $default  reduce using rule 1015 (opt_range_second)


State 1915

  1046 layer_spacing_cut_routing: K_RANGE int_number int_number $@141 opt_range_second •

    $default  reduce using rule 1046 (layer_spacing_cut_routing)


State 1916

  1048 layer_spacing_cut_routing: K_LENGTHTHRESHOLD int_number K_RANGE int_number int_number •

    $default  reduce using rule 1048 (layer_spacing_cut_routing)


State 1917

  1043 layer_spacing_cut_routing: K_ADJACENTCUTS int_number K_WITHIN int_number $@140 • opt_adjacentcuts_exceptsame

    K_EXCEPTSAMEPGNET  shift, and go to state 1962

    $default  reduce using rule 1055 (opt_adjacentcuts_exceptsame)

    opt_adjacentcuts_exceptsame  go to state 1963


State 1918

  1050 layer_spacing_cut_routing: K_ENDOFLINE int_number K_WITHIN int_number $@142 • opt_endofline

    K_PARALLELEDGE  shift, and go to state 1964

    $default  reduce using rule 1019 (opt_endofline)

    opt_endofline  go to state 1965


State 1919

  1052 layer_spacing_cut_routing: K_ENDOFNOTCHWIDTH int_number K_NOTCHSPACING int_number K_NOTCHLENGTH • int_number

    NUMBER  shift, and go to state 93

    int_number  go to state 1966


State 1920

  246 layer_frequency: K_FREQUENCY NUMBER $@39 number_list ';' $@40 • ac_layer_table_opt K_TABLEENTRIES NUMBER $@41 number_list ';'

    K_WIDTH    shift, and go to state 1967
    K_CUTAREA  shift, and go to state 1968

    $default  reduce using rule 247 (ac_layer_table_opt)

    ac_layer_table_opt  go to state 1969


State 1921

  253 dc_layer_table: K_TABLEENTRIES • int_number $@44 int_number_list ';'

    NUMBER  shift, and go to state 93

    int_number  go to state 1970


State 1922

  129 layer_option: K_DCCURRENTDENSITY K_AVERAGE K_WIDTH int_number $@12 int_number_list ';' $@13 dc_layer_table •

    $default  reduce using rule 129 (layer_option)


State 1923

  126 layer_option: K_DCCURRENTDENSITY K_AVERAGE K_CUTAREA NUMBER $@10 number_list ';' $@11 dc_layer_table •

    $default  reduce using rule 126 (layer_option)


State 1924

  234 layer_antenna_pwl: K_PWL '(' pt pt $@38 layer_diffusion_ratios ')' •

    $default  reduce using rule 234 (layer_antenna_pwl)


State 1925

  223 layer_minimumcut_length: K_LENGTH int_number • K_WITHIN int_number

    K_WITHIN  shift, and go to state 1971


State 1926

  172 layer_option: K_MINIMUMCUT int_number K_WIDTH int_number $@24 layer_minimumcut_within layer_minimumcut_from layer_minimumcut_length ';' •

    $default  reduce using rule 172 (layer_option)


State 1927

  214 layer_enclosure_width_except_opt: K_EXCEPTEXTRACUT • int_number

    NUMBER  shift, and go to state 93

    int_number  go to state 1972


State 1928

  211 layer_enclosure_width_opt: K_WIDTH int_number $@37 layer_enclosure_width_except_opt •

    $default  reduce using rule 211 (layer_enclosure_width_opt)


State 1929

  205 layer_spacingtable_opt: K_WITHIN int_number • K_SPACING int_number

    K_SPACING  shift, and go to state 1973


State 1930

  102 layer_option: K_SPACINGTABLE K_ORTHOGONAL K_WITHIN int_number K_SPACING int_number $@7 layer_spacingtable_opts ';' •

    $default  reduce using rule 102 (layer_option)


State 1931

  204 layer_spacingtable_opts: layer_spacingtable_opt layer_spacingtable_opts •

    $default  reduce using rule 204 (layer_spacingtable_opts)


State 1932

  202 sp_options: K_INFLUENCE K_WIDTH int_number K_WITHIN int_number K_SPACING int_number • $@36 layer_sp_influence_widths

    $default  reduce using rule 201 ($@36)

    $@36  go to state 1974


State 1933

  197 sp_options: K_PARALLELRUNLENGTH int_number $@30 int_number_list $@31 K_WIDTH int_number • $@32 int_number_list $@33 layer_sp_parallel_widths

    $default  reduce using rule 195 ($@32)

    $@32  go to state 1975


State 1934

  200 sp_options: K_TWOWIDTHS K_WIDTH int_number layer_sp_TwoWidthsPRL int_number $@34 int_number_list • $@35 layer_sp_TwoWidths
  255 int_number_list: int_number_list • int_number

    NUMBER  shift, and go to state 93

    $default  reduce using rule 199 ($@35)

    int_number  go to state 1777
    $@35        go to state 1976


State 1935

  192 layer_arraySpacing_arraycut: K_ARRAYCUTS int_number • K_SPACING int_number

    K_SPACING  shift, and go to state 1977


State 1936

   86 layer_option: K_ARRAYSPACING $@4 layer_arraySpacing_long layer_arraySpacing_width K_CUTSPACING int_number $@5 layer_arraySpacing_arraycuts ';' •

    $default  reduce using rule 86 (layer_option)


State 1937

  191 layer_arraySpacing_arraycuts: layer_arraySpacing_arraycut layer_arraySpacing_arraycuts •

    $default  reduce using rule 191 (layer_arraySpacing_arraycuts)


State 1938

  153 layer_option: K_ANTENNAAREADIFFREDUCEPWL '(' pt pt $@21 layer_diffusion_ratios ')' ';' $@22 •

    $default  reduce using rule 153 (layer_option)


State 1939

  341 via_viarule: K_VIARULE $@49 T_STRING ';' K_CUTSIZE int_number int_number ';' K_LAYERS • $@50 T_STRING T_STRING T_STRING ';' K_CUTSPACING int_number int_number ';' K_ENCLOSURE int_number int_number int_number int_number ';' $@51 via_viarule_options

    $default  reduce using rule 339 ($@50)

    $@50  go to state 1978


State 1940

  394 via_geometry: K_POLYGON maskColor $@56 firstPt nextPt nextPt otherPts • ';'
  811 otherPts: otherPts • nextPt

    NUMBER  shift, and go to state 93
    ';'     shift, and go to state 1979
    '('     shift, and go to state 508

    int_number  go to state 509
    pt          go to state 1401
    nextPt      go to state 1402


State 1941

  843 density_layer_rect: K_RECT pt pt • int_number ';'

    NUMBER  shift, and go to state 93

    int_number  go to state 1980


State 1942

  842 density_layer_rects: density_layer_rects density_layer_rect •

    $default  reduce using rule 842 (density_layer_rects)


State 1943

  817 sitePattern: T_STRING int_number int_number orientation K_DO int_number K_BY int_number • K_STEP int_number int_number

    K_STEP  shift, and go to state 1981


State 1944

  807 layer_spacing: K_DESIGNRULEWIDTH • int_number

    NUMBER  shift, and go to state 93

    int_number  go to state 1982


State 1945

  806 layer_spacing: K_SPACING • int_number

    NUMBER  shift, and go to state 93

    int_number  go to state 1983


State 1946

  771 geometry: K_LAYER $@98 T_STRING $@99 opt_geometry_props layer_exceptpgnet layer_real_abstract_noroute_opt layer_spacing • ';'

    ';'  shift, and go to state 1984


State 1947

  816 stepPattern: K_DO int_number K_BY • int_number K_STEP int_number int_number

    NUMBER  shift, and go to state 93

    int_number  go to state 1985


State 1948

  778 geometry: K_POLYGON maskColor K_ITERATE firstPt nextPt nextPt otherPts stepPattern • ';'

    ';'  shift, and go to state 1986


State 1949

  815 via_placement: K_VIA K_ITERATE maskColor pt $@102 T_STRING stepPattern ';' •

    $default  reduce using rule 815 (via_placement)


State 1950

  869 timing_option: K_STABLE K_SETUP int_number K_HOLD int_number risefall ';' •

    $default  reduce using rule 869 (timing_option)


State 1951

  870 timing_option: two_pin_trigger from_pin_trigger to_pin_trigger K_TABLEDIMENSION int_number int_number int_number • ';'

    ';'  shift, and go to state 1987


State 1952

  897 slew_spec: int_number int_number • int_number int_number
  898          | int_number int_number • int_number int_number int_number int_number int_number

    NUMBER  shift, and go to state 93

    int_number  go to state 1988


State 1953

  856 timing_option: risefall K_INTRINSIC int_number int_number $@112 slew_spec K_VARIABLE • int_number int_number ';'

    NUMBER  shift, and go to state 93

    int_number  go to state 1989


State 1954

  857 timing_option: risefall delay_or_transition K_UNATENESS unateness K_TABLEDIMENSION int_number int_number • int_number ';'

    NUMBER  shift, and go to state 93

    int_number  go to state 1990


State 1955

  821 trackPattern: K_X int_number K_DO int_number K_STEP int_number $@103 • K_LAYER $@104 trackLayers

    K_LAYER  shift, and go to state 1991


State 1956

  824 trackPattern: K_Y int_number K_DO int_number K_STEP int_number $@105 • K_LAYER $@106 trackLayers

    K_LAYER  shift, and go to state 1992


State 1957

  492 nd_layer: K_LAYER $@70 T_STRING $@71 K_WIDTH int_number • ';' $@72 nd_layer_stmts K_END $@73 T_STRING

    ';'  shift, and go to state 1993


State 1958

  1097 corr_victim: K_VICTIMLENGTH int_number ';' $@150 • K_CORRECTIONFACTOR corr_list ';'

    K_CORRECTIONFACTOR  shift, and go to state 1994


State 1959

  1080 victim: K_VICTIMLENGTH int_number ';' $@147 • K_VICTIMNOISE vnoiselist ';'

    K_VICTIMNOISE  shift, and go to state 1995


State 1960

  1016 opt_range_second: K_INFLUENCE int_number •
  1017                 | K_INFLUENCE int_number • K_RANGE int_number int_number

    K_RANGE  shift, and go to state 1996

    $default  reduce using rule 1016 (opt_range_second)


State 1961

  1018 opt_range_second: K_RANGE int_number • int_number

    NUMBER  shift, and go to state 93

    int_number  go to state 1997


State 1962

  1056 opt_adjacentcuts_exceptsame: K_EXCEPTSAMEPGNET •

    $default  reduce using rule 1056 (opt_adjacentcuts_exceptsame)


State 1963

  1043 layer_spacing_cut_routing: K_ADJACENTCUTS int_number K_WITHIN int_number $@140 opt_adjacentcuts_exceptsame •

    $default  reduce using rule 1043 (layer_spacing_cut_routing)


State 1964

  1021 opt_endofline: K_PARALLELEDGE • int_number K_WITHIN int_number $@136 opt_endofline_twoedges

    NUMBER  shift, and go to state 93

    int_number  go to state 1998


State 1965

  1050 layer_spacing_cut_routing: K_ENDOFLINE int_number K_WITHIN int_number $@142 opt_endofline •

    $default  reduce using rule 1050 (layer_spacing_cut_routing)


State 1966

  1052 layer_spacing_cut_routing: K_ENDOFNOTCHWIDTH int_number K_NOTCHSPACING int_number K_NOTCHLENGTH int_number •

    $default  reduce using rule 1052 (layer_spacing_cut_routing)


State 1967

  251 ac_layer_table_opt: K_WIDTH • int_number $@43 int_number_list ';'

    NUMBER  shift, and go to state 93

    int_number  go to state 1999


State 1968

  249 ac_layer_table_opt: K_CUTAREA • NUMBER $@42 number_list ';'

    NUMBER  shift, and go to state 2000


State 1969

  246 layer_frequency: K_FREQUENCY NUMBER $@39 number_list ';' $@40 ac_layer_table_opt • K_TABLEENTRIES NUMBER $@41 number_list ';'

    K_TABLEENTRIES  shift, and go to state 2001


State 1970

  253 dc_layer_table: K_TABLEENTRIES int_number • $@44 int_number_list ';'

    $default  reduce using rule 252 ($@44)

    $@44  go to state 2002


State 1971

  223 layer_minimumcut_length: K_LENGTH int_number K_WITHIN • int_number

    NUMBER  shift, and go to state 93

    int_number  go to state 2003


State 1972

  214 layer_enclosure_width_except_opt: K_EXCEPTEXTRACUT int_number •

    $default  reduce using rule 214 (layer_enclosure_width_except_opt)


State 1973

  205 layer_spacingtable_opt: K_WITHIN int_number K_SPACING • int_number

    NUMBER  shift, and go to state 93

    int_number  go to state 2004


State 1974

  202 sp_options: K_INFLUENCE K_WIDTH int_number K_WITHIN int_number K_SPACING int_number $@36 • layer_sp_influence_widths

    $default  reduce using rule 326 (layer_sp_influence_widths)

    layer_sp_influence_widths  go to state 2005


State 1975

  197 sp_options: K_PARALLELRUNLENGTH int_number $@30 int_number_list $@31 K_WIDTH int_number $@32 • int_number_list $@33 layer_sp_parallel_widths

    $default  reduce using rule 254 (int_number_list)

    int_number_list  go to state 2006


State 1976

  200 sp_options: K_TWOWIDTHS K_WIDTH int_number layer_sp_TwoWidthsPRL int_number $@34 int_number_list $@35 • layer_sp_TwoWidths

    K_WIDTH  shift, and go to state 2007

    $default  reduce using rule 320 (layer_sp_TwoWidths)

    layer_sp_TwoWidths  go to state 2008
    layer_sp_TwoWidth   go to state 2009


State 1977

  192 layer_arraySpacing_arraycut: K_ARRAYCUTS int_number K_SPACING • int_number

    NUMBER  shift, and go to state 93

    int_number  go to state 2010


State 1978

  341 via_viarule: K_VIARULE $@49 T_STRING ';' K_CUTSIZE int_number int_number ';' K_LAYERS $@50 • T_STRING T_STRING T_STRING ';' K_CUTSPACING int_number int_number ';' K_ENCLOSURE int_number int_number int_number int_number ';' $@51 via_viarule_options

    T_STRING  shift, and go to state 2011


State 1979

  394 via_geometry: K_POLYGON maskColor $@56 firstPt nextPt nextPt otherPts ';' •

    $default  reduce using rule 394 (via_geometry)


State 1980

  843 density_layer_rect: K_RECT pt pt int_number • ';'

    ';'  shift, and go to state 2012


State 1981

  817 sitePattern: T_STRING int_number int_number orientation K_DO int_number K_BY int_number K_STEP • int_number int_number

    NUMBER  shift, and go to state 93

    int_number  go to state 2013


State 1982

  807 layer_spacing: K_DESIGNRULEWIDTH int_number •

    $default  reduce using rule 807 (layer_spacing)


State 1983

  806 layer_spacing: K_SPACING int_number •

    $default  reduce using rule 806 (layer_spacing)


State 1984

  771 geometry: K_LAYER $@98 T_STRING $@99 opt_geometry_props layer_exceptpgnet layer_real_abstract_noroute_opt layer_spacing ';' •

    $default  reduce using rule 771 (geometry)


State 1985

  816 stepPattern: K_DO int_number K_BY int_number • K_STEP int_number int_number

    K_STEP  shift, and go to state 2014


State 1986

  778 geometry: K_POLYGON maskColor K_ITERATE firstPt nextPt nextPt otherPts stepPattern ';' •

    $default  reduce using rule 778 (geometry)


State 1987

  870 timing_option: two_pin_trigger from_pin_trigger to_pin_trigger K_TABLEDIMENSION int_number int_number int_number ';' •

    $default  reduce using rule 870 (timing_option)


State 1988

  897 slew_spec: int_number int_number int_number • int_number
  898          | int_number int_number int_number • int_number int_number int_number int_number

    NUMBER  shift, and go to state 93

    int_number  go to state 2015


State 1989

  856 timing_option: risefall K_INTRINSIC int_number int_number $@112 slew_spec K_VARIABLE int_number • int_number ';'

    NUMBER  shift, and go to state 93

    int_number  go to state 2016


State 1990

  857 timing_option: risefall delay_or_transition K_UNATENESS unateness K_TABLEDIMENSION int_number int_number int_number • ';'

    ';'  shift, and go to state 2017


State 1991

  821 trackPattern: K_X int_number K_DO int_number K_STEP int_number $@103 K_LAYER • $@104 trackLayers

    $default  reduce using rule 820 ($@104)

    $@104  go to state 2018


State 1992

  824 trackPattern: K_Y int_number K_DO int_number K_STEP int_number $@105 K_LAYER • $@106 trackLayers

    $default  reduce using rule 823 ($@106)

    $@106  go to state 2019


State 1993

  492 nd_layer: K_LAYER $@70 T_STRING $@71 K_WIDTH int_number ';' • $@72 nd_layer_stmts K_END $@73 T_STRING

    $default  reduce using rule 490 ($@72)

    $@72  go to state 2020


State 1994

  1097 corr_victim: K_VICTIMLENGTH int_number ';' $@150 K_CORRECTIONFACTOR • corr_list ';'

    NUMBER  shift, and go to state 93

    int_number  go to state 2021
    corr_list   go to state 2022


State 1995

  1080 victim: K_VICTIMLENGTH int_number ';' $@147 K_VICTIMNOISE • vnoiselist ';'

    NUMBER  shift, and go to state 93

    int_number  go to state 2023
    vnoiselist  go to state 2024


State 1996

  1017 opt_range_second: K_INFLUENCE int_number K_RANGE • int_number int_number

    NUMBER  shift, and go to state 93

    int_number  go to state 2025


State 1997

  1018 opt_range_second: K_RANGE int_number int_number •

    $default  reduce using rule 1018 (opt_range_second)


State 1998

  1021 opt_endofline: K_PARALLELEDGE int_number • K_WITHIN int_number $@136 opt_endofline_twoedges

    K_WITHIN  shift, and go to state 2026


State 1999

  251 ac_layer_table_opt: K_WIDTH int_number • $@43 int_number_list ';'

    $default  reduce using rule 250 ($@43)

    $@43  go to state 2027


State 2000

  249 ac_layer_table_opt: K_CUTAREA NUMBER • $@42 number_list ';'

    $default  reduce using rule 248 ($@42)

    $@42  go to state 2028


State 2001

  246 layer_frequency: K_FREQUENCY NUMBER $@39 number_list ';' $@40 ac_layer_table_opt K_TABLEENTRIES • NUMBER $@41 number_list ';'

    NUMBER  shift, and go to state 2029


State 2002

  253 dc_layer_table: K_TABLEENTRIES int_number $@44 • int_number_list ';'

    $default  reduce using rule 254 (int_number_list)

    int_number_list  go to state 2030


State 2003

  223 layer_minimumcut_length: K_LENGTH int_number K_WITHIN int_number •

    $default  reduce using rule 223 (layer_minimumcut_length)


State 2004

  205 layer_spacingtable_opt: K_WITHIN int_number K_SPACING int_number •

    $default  reduce using rule 205 (layer_spacingtable_opt)


State 2005

  202 sp_options: K_INFLUENCE K_WIDTH int_number K_WITHIN int_number K_SPACING int_number $@36 layer_sp_influence_widths •
  327 layer_sp_influence_widths: layer_sp_influence_widths • layer_sp_influence_width

    K_WIDTH  shift, and go to state 2031

    $default  reduce using rule 202 (sp_options)

    layer_sp_influence_width  go to state 2032


State 2006

  197 sp_options: K_PARALLELRUNLENGTH int_number $@30 int_number_list $@31 K_WIDTH int_number $@32 int_number_list • $@33 layer_sp_parallel_widths
  255 int_number_list: int_number_list • int_number

    NUMBER  shift, and go to state 93

    $default  reduce using rule 196 ($@33)

    int_number  go to state 1777
    $@33        go to state 2033


State 2007

  323 layer_sp_TwoWidth: K_WIDTH • int_number layer_sp_TwoWidthsPRL int_number $@46 int_number_list

    NUMBER  shift, and go to state 93

    int_number  go to state 2034


State 2008

  200 sp_options: K_TWOWIDTHS K_WIDTH int_number layer_sp_TwoWidthsPRL int_number $@34 int_number_list $@35 layer_sp_TwoWidths •

    $default  reduce using rule 200 (sp_options)


State 2009

  321 layer_sp_TwoWidths: layer_sp_TwoWidth • layer_sp_TwoWidths

    K_WIDTH  shift, and go to state 2007

    $default  reduce using rule 320 (layer_sp_TwoWidths)

    layer_sp_TwoWidths  go to state 2035
    layer_sp_TwoWidth   go to state 2009


State 2010

  192 layer_arraySpacing_arraycut: K_ARRAYCUTS int_number K_SPACING int_number •

    $default  reduce using rule 192 (layer_arraySpacing_arraycut)


State 2011

  341 via_viarule: K_VIARULE $@49 T_STRING ';' K_CUTSIZE int_number int_number ';' K_LAYERS $@50 T_STRING • T_STRING T_STRING ';' K_CUTSPACING int_number int_number ';' K_ENCLOSURE int_number int_number int_number int_number ';' $@51 via_viarule_options

    T_STRING  shift, and go to state 2036


State 2012

  843 density_layer_rect: K_RECT pt pt int_number ';' •

    $default  reduce using rule 843 (density_layer_rect)


State 2013

  817 sitePattern: T_STRING int_number int_number orientation K_DO int_number K_BY int_number K_STEP int_number • int_number

    NUMBER  shift, and go to state 93

    int_number  go to state 2037


State 2014

  816 stepPattern: K_DO int_number K_BY int_number K_STEP • int_number int_number

    NUMBER  shift, and go to state 93

    int_number  go to state 2038


State 2015

  897 slew_spec: int_number int_number int_number int_number •
  898          | int_number int_number int_number int_number • int_number int_number int_number

    NUMBER  shift, and go to state 93

    $default  reduce using rule 897 (slew_spec)

    int_number  go to state 2039


State 2016

  856 timing_option: risefall K_INTRINSIC int_number int_number $@112 slew_spec K_VARIABLE int_number int_number • ';'

    ';'  shift, and go to state 2040


State 2017

  857 timing_option: risefall delay_or_transition K_UNATENESS unateness K_TABLEDIMENSION int_number int_number int_number ';' •

    $default  reduce using rule 857 (timing_option)


State 2018

  821 trackPattern: K_X int_number K_DO int_number K_STEP int_number $@103 K_LAYER $@104 • trackLayers

    $default  reduce using rule 827 (trackLayers)

    trackLayers  go to state 2041


State 2019

  824 trackPattern: K_Y int_number K_DO int_number K_STEP int_number $@105 K_LAYER $@106 • trackLayers

    $default  reduce using rule 827 (trackLayers)

    trackLayers  go to state 2042


State 2020

  492 nd_layer: K_LAYER $@70 T_STRING $@71 K_WIDTH int_number ';' $@72 • nd_layer_stmts K_END $@73 T_STRING

    $default  reduce using rule 493 (nd_layer_stmts)

    nd_layer_stmts  go to state 2043


State 2021

  1098 corr_list: int_number •

    $default  reduce using rule 1098 (corr_list)


State 2022

  1097 corr_victim: K_VICTIMLENGTH int_number ';' $@150 K_CORRECTIONFACTOR corr_list • ';'
  1099 corr_list: corr_list • int_number

    NUMBER  shift, and go to state 93
    ';'     shift, and go to state 2044

    int_number  go to state 2045


State 2023

  1081 vnoiselist: int_number •

    $default  reduce using rule 1081 (vnoiselist)


State 2024

  1080 victim: K_VICTIMLENGTH int_number ';' $@147 K_VICTIMNOISE vnoiselist • ';'
  1082 vnoiselist: vnoiselist • int_number

    NUMBER  shift, and go to state 93
    ';'     shift, and go to state 2046

    int_number  go to state 2047


State 2025

  1017 opt_range_second: K_INFLUENCE int_number K_RANGE int_number • int_number

    NUMBER  shift, and go to state 93

    int_number  go to state 2048


State 2026

  1021 opt_endofline: K_PARALLELEDGE int_number K_WITHIN • int_number $@136 opt_endofline_twoedges

    NUMBER  shift, and go to state 93

    int_number  go to state 2049


State 2027

  251 ac_layer_table_opt: K_WIDTH int_number $@43 • int_number_list ';'

    $default  reduce using rule 254 (int_number_list)

    int_number_list  go to state 2050


State 2028

  249 ac_layer_table_opt: K_CUTAREA NUMBER $@42 • number_list ';'

    $default  reduce using rule 256 (number_list)

    number_list  go to state 2051


State 2029

  246 layer_frequency: K_FREQUENCY NUMBER $@39 number_list ';' $@40 ac_layer_table_opt K_TABLEENTRIES NUMBER • $@41 number_list ';'

    $default  reduce using rule 245 ($@41)

    $@41  go to state 2052


State 2030

  253 dc_layer_table: K_TABLEENTRIES int_number $@44 int_number_list • ';'
  255 int_number_list: int_number_list • int_number

    NUMBER  shift, and go to state 93
    ';'     shift, and go to state 2053

    int_number  go to state 1777


State 2031

  328 layer_sp_influence_width: K_WIDTH • int_number K_WITHIN int_number K_SPACING int_number

    NUMBER  shift, and go to state 93

    int_number  go to state 2054


State 2032

  327 layer_sp_influence_widths: layer_sp_influence_widths layer_sp_influence_width •

    $default  reduce using rule 327 (layer_sp_influence_widths)


State 2033

  197 sp_options: K_PARALLELRUNLENGTH int_number $@30 int_number_list $@31 K_WIDTH int_number $@32 int_number_list $@33 • layer_sp_parallel_widths

    $default  reduce using rule 316 (layer_sp_parallel_widths)

    layer_sp_parallel_widths  go to state 2055


State 2034

  323 layer_sp_TwoWidth: K_WIDTH int_number • layer_sp_TwoWidthsPRL int_number $@46 int_number_list

    K_PRL  shift, and go to state 1652

    $default  reduce using rule 324 (layer_sp_TwoWidthsPRL)

    layer_sp_TwoWidthsPRL  go to state 2056


State 2035

  321 layer_sp_TwoWidths: layer_sp_TwoWidth layer_sp_TwoWidths •

    $default  reduce using rule 321 (layer_sp_TwoWidths)


State 2036

  341 via_viarule: K_VIARULE $@49 T_STRING ';' K_CUTSIZE int_number int_number ';' K_LAYERS $@50 T_STRING T_STRING • T_STRING ';' K_CUTSPACING int_number int_number ';' K_ENCLOSURE int_number int_number int_number int_number ';' $@51 via_viarule_options

    T_STRING  shift, and go to state 2057


State 2037

  817 sitePattern: T_STRING int_number int_number orientation K_DO int_number K_BY int_number K_STEP int_number int_number •

    $default  reduce using rule 817 (sitePattern)


State 2038

  816 stepPattern: K_DO int_number K_BY int_number K_STEP int_number • int_number

    NUMBER  shift, and go to state 93

    int_number  go to state 2058


State 2039

  898 slew_spec: int_number int_number int_number int_number int_number • int_number int_number

    NUMBER  shift, and go to state 93

    int_number  go to state 2059


State 2040

  856 timing_option: risefall K_INTRINSIC int_number int_number $@112 slew_spec K_VARIABLE int_number int_number ';' •

    $default  reduce using rule 856 (timing_option)


State 2041

  821 trackPattern: K_X int_number K_DO int_number K_STEP int_number $@103 K_LAYER $@104 trackLayers •
  828 trackLayers: trackLayers • layer_name

    T_STRING  shift, and go to state 2060

    $default  reduce using rule 821 (trackPattern)

    layer_name  go to state 2061


State 2042

  824 trackPattern: K_Y int_number K_DO int_number K_STEP int_number $@105 K_LAYER $@106 trackLayers •
  828 trackLayers: trackLayers • layer_name

    T_STRING  shift, and go to state 2060

    $default  reduce using rule 824 (trackPattern)

    layer_name  go to state 2061


State 2043

  492 nd_layer: K_LAYER $@70 T_STRING $@71 K_WIDTH int_number ';' $@72 nd_layer_stmts • K_END $@73 T_STRING
  494 nd_layer_stmts: nd_layer_stmts • nd_layer_stmt

    K_CAPACITANCE      shift, and go to state 2062
    K_EDGECAPACITANCE  shift, and go to state 2063
    K_END              shift, and go to state 2064
    K_RESISTANCE       shift, and go to state 2065
    K_SPACING          shift, and go to state 2066
    K_WIREEXTENSION    shift, and go to state 2067
    K_DIAGWIDTH        shift, and go to state 2068

    nd_layer_stmt  go to state 2069


State 2044

  1097 corr_victim: K_VICTIMLENGTH int_number ';' $@150 K_CORRECTIONFACTOR corr_list ';' •

    $default  reduce using rule 1097 (corr_victim)


State 2045

  1099 corr_list: corr_list int_number •

    $default  reduce using rule 1099 (corr_list)


State 2046

  1080 victim: K_VICTIMLENGTH int_number ';' $@147 K_VICTIMNOISE vnoiselist ';' •

    $default  reduce using rule 1080 (victim)


State 2047

  1082 vnoiselist: vnoiselist int_number •

    $default  reduce using rule 1082 (vnoiselist)


State 2048

  1017 opt_range_second: K_INFLUENCE int_number K_RANGE int_number int_number •

    $default  reduce using rule 1017 (opt_range_second)


State 2049

  1021 opt_endofline: K_PARALLELEDGE int_number K_WITHIN int_number • $@136 opt_endofline_twoedges

    $default  reduce using rule 1020 ($@136)

    $@136  go to state 2070


State 2050

  251 ac_layer_table_opt: K_WIDTH int_number $@43 int_number_list • ';'
  255 int_number_list: int_number_list • int_number

    NUMBER  shift, and go to state 93
    ';'     shift, and go to state 2071

    int_number  go to state 1777


State 2051

  249 ac_layer_table_opt: K_CUTAREA NUMBER $@42 number_list • ';'
  257 number_list: number_list • NUMBER

    NUMBER  shift, and go to state 1778
    ';'     shift, and go to state 2072


State 2052

  246 layer_frequency: K_FREQUENCY NUMBER $@39 number_list ';' $@40 ac_layer_table_opt K_TABLEENTRIES NUMBER $@41 • number_list ';'

    $default  reduce using rule 256 (number_list)

    number_list  go to state 2073


State 2053

  253 dc_layer_table: K_TABLEENTRIES int_number $@44 int_number_list ';' •

    $default  reduce using rule 253 (dc_layer_table)


State 2054

  328 layer_sp_influence_width: K_WIDTH int_number • K_WITHIN int_number K_SPACING int_number

    K_WITHIN  shift, and go to state 2074


State 2055

  197 sp_options: K_PARALLELRUNLENGTH int_number $@30 int_number_list $@31 K_WIDTH int_number $@32 int_number_list $@33 layer_sp_parallel_widths •
  317 layer_sp_parallel_widths: layer_sp_parallel_widths • layer_sp_parallel_width

    K_WIDTH  shift, and go to state 2075

    $default  reduce using rule 197 (sp_options)

    layer_sp_parallel_width  go to state 2076


State 2056

  323 layer_sp_TwoWidth: K_WIDTH int_number layer_sp_TwoWidthsPRL • int_number $@46 int_number_list

    NUMBER  shift, and go to state 93

    int_number  go to state 2077


State 2057

  341 via_viarule: K_VIARULE $@49 T_STRING ';' K_CUTSIZE int_number int_number ';' K_LAYERS $@50 T_STRING T_STRING T_STRING • ';' K_CUTSPACING int_number int_number ';' K_ENCLOSURE int_number int_number int_number int_number ';' $@51 via_viarule_options

    ';'  shift, and go to state 2078


State 2058

  816 stepPattern: K_DO int_number K_BY int_number K_STEP int_number int_number •

    $default  reduce using rule 816 (stepPattern)


State 2059

  898 slew_spec: int_number int_number int_number int_number int_number int_number • int_number

    NUMBER  shift, and go to state 93

    int_number  go to state 2079


State 2060

  829 layer_name: T_STRING •

    $default  reduce using rule 829 (layer_name)


State 2061

  828 trackLayers: trackLayers layer_name •

    $default  reduce using rule 828 (trackLayers)


State 2062

  498 nd_layer_stmt: K_CAPACITANCE • K_CPERSQDIST int_number ';'

    K_CPERSQDIST  shift, and go to state 2080


State 2063

  499 nd_layer_stmt: K_EDGECAPACITANCE • int_number ';'

    NUMBER  shift, and go to state 93

    int_number  go to state 2081


State 2064

  492 nd_layer: K_LAYER $@70 T_STRING $@71 K_WIDTH int_number ';' $@72 nd_layer_stmts K_END • $@73 T_STRING

    $default  reduce using rule 491 ($@73)

    $@73  go to state 2082


State 2065

  497 nd_layer_stmt: K_RESISTANCE • K_RPERSQ int_number ';'

    K_RPERSQ  shift, and go to state 2083


State 2066

  495 nd_layer_stmt: K_SPACING • int_number ';'

    NUMBER  shift, and go to state 93

    int_number  go to state 2084


State 2067

  496 nd_layer_stmt: K_WIREEXTENSION • int_number ';'

    NUMBER  shift, and go to state 93

    int_number  go to state 2085


State 2068

  500 nd_layer_stmt: K_DIAGWIDTH • int_number ';'

    NUMBER  shift, and go to state 93

    int_number  go to state 2086


State 2069

  494 nd_layer_stmts: nd_layer_stmts nd_layer_stmt •

    $default  reduce using rule 494 (nd_layer_stmts)


State 2070

  1021 opt_endofline: K_PARALLELEDGE int_number K_WITHIN int_number $@136 • opt_endofline_twoedges

    K_TWOEDGES  shift, and go to state 2087

    $default  reduce using rule 1022 (opt_endofline_twoedges)

    opt_endofline_twoedges  go to state 2088


State 2071

  251 ac_layer_table_opt: K_WIDTH int_number $@43 int_number_list ';' •

    $default  reduce using rule 251 (ac_layer_table_opt)


State 2072

  249 ac_layer_table_opt: K_CUTAREA NUMBER $@42 number_list ';' •

    $default  reduce using rule 249 (ac_layer_table_opt)


State 2073

  246 layer_frequency: K_FREQUENCY NUMBER $@39 number_list ';' $@40 ac_layer_table_opt K_TABLEENTRIES NUMBER $@41 number_list • ';'
  257 number_list: number_list • NUMBER

    NUMBER  shift, and go to state 1778
    ';'     shift, and go to state 2089


State 2074

  328 layer_sp_influence_width: K_WIDTH int_number K_WITHIN • int_number K_SPACING int_number

    NUMBER  shift, and go to state 93

    int_number  go to state 2090


State 2075

  319 layer_sp_parallel_width: K_WIDTH • int_number $@45 int_number_list

    NUMBER  shift, and go to state 93

    int_number  go to state 2091


State 2076

  317 layer_sp_parallel_widths: layer_sp_parallel_widths layer_sp_parallel_width •

    $default  reduce using rule 317 (layer_sp_parallel_widths)


State 2077

  323 layer_sp_TwoWidth: K_WIDTH int_number layer_sp_TwoWidthsPRL int_number • $@46 int_number_list

    $default  reduce using rule 322 ($@46)

    $@46  go to state 2092


State 2078

  341 via_viarule: K_VIARULE $@49 T_STRING ';' K_CUTSIZE int_number int_number ';' K_LAYERS $@50 T_STRING T_STRING T_STRING ';' • K_CUTSPACING int_number int_number ';' K_ENCLOSURE int_number int_number int_number int_number ';' $@51 via_viarule_options

    K_CUTSPACING  shift, and go to state 2093


State 2079

  898 slew_spec: int_number int_number int_number int_number int_number int_number int_number •

    $default  reduce using rule 898 (slew_spec)


State 2080

  498 nd_layer_stmt: K_CAPACITANCE K_CPERSQDIST • int_number ';'

    NUMBER  shift, and go to state 93

    int_number  go to state 2094


State 2081

  499 nd_layer_stmt: K_EDGECAPACITANCE int_number • ';'

    ';'  shift, and go to state 2095


State 2082

  492 nd_layer: K_LAYER $@70 T_STRING $@71 K_WIDTH int_number ';' $@72 nd_layer_stmts K_END $@73 • T_STRING

    T_STRING  shift, and go to state 2096


State 2083

  497 nd_layer_stmt: K_RESISTANCE K_RPERSQ • int_number ';'

    NUMBER  shift, and go to state 93

    int_number  go to state 2097


State 2084

  495 nd_layer_stmt: K_SPACING int_number • ';'

    ';'  shift, and go to state 2098


State 2085

  496 nd_layer_stmt: K_WIREEXTENSION int_number • ';'

    ';'  shift, and go to state 2099


State 2086

  500 nd_layer_stmt: K_DIAGWIDTH int_number • ';'

    ';'  shift, and go to state 2100


State 2087

  1023 opt_endofline_twoedges: K_TWOEDGES •

    $default  reduce using rule 1023 (opt_endofline_twoedges)


State 2088

  1021 opt_endofline: K_PARALLELEDGE int_number K_WITHIN int_number $@136 opt_endofline_twoedges •

    $default  reduce using rule 1021 (opt_endofline)


State 2089

  246 layer_frequency: K_FREQUENCY NUMBER $@39 number_list ';' $@40 ac_layer_table_opt K_TABLEENTRIES NUMBER $@41 number_list ';' •

    $default  reduce using rule 246 (layer_frequency)


State 2090

  328 layer_sp_influence_width: K_WIDTH int_number K_WITHIN int_number • K_SPACING int_number

    K_SPACING  shift, and go to state 2101


State 2091

  319 layer_sp_parallel_width: K_WIDTH int_number • $@45 int_number_list

    $default  reduce using rule 318 ($@45)

    $@45  go to state 2102


State 2092

  323 layer_sp_TwoWidth: K_WIDTH int_number layer_sp_TwoWidthsPRL int_number $@46 • int_number_list

    $default  reduce using rule 254 (int_number_list)

    int_number_list  go to state 2103


State 2093

  341 via_viarule: K_VIARULE $@49 T_STRING ';' K_CUTSIZE int_number int_number ';' K_LAYERS $@50 T_STRING T_STRING T_STRING ';' K_CUTSPACING • int_number int_number ';' K_ENCLOSURE int_number int_number int_number int_number ';' $@51 via_viarule_options

    NUMBER  shift, and go to state 93

    int_number  go to state 2104


State 2094

  498 nd_layer_stmt: K_CAPACITANCE K_CPERSQDIST int_number • ';'

    ';'  shift, and go to state 2105


State 2095

  499 nd_layer_stmt: K_EDGECAPACITANCE int_number ';' •

    $default  reduce using rule 499 (nd_layer_stmt)


State 2096

  492 nd_layer: K_LAYER $@70 T_STRING $@71 K_WIDTH int_number ';' $@72 nd_layer_stmts K_END $@73 T_STRING •

    $default  reduce using rule 492 (nd_layer)


State 2097

  497 nd_layer_stmt: K_RESISTANCE K_RPERSQ int_number • ';'

    ';'  shift, and go to state 2106


State 2098

  495 nd_layer_stmt: K_SPACING int_number ';' •

    $default  reduce using rule 495 (nd_layer_stmt)


State 2099

  496 nd_layer_stmt: K_WIREEXTENSION int_number ';' •

    $default  reduce using rule 496 (nd_layer_stmt)


State 2100

  500 nd_layer_stmt: K_DIAGWIDTH int_number ';' •

    $default  reduce using rule 500 (nd_layer_stmt)


State 2101

  328 layer_sp_influence_width: K_WIDTH int_number K_WITHIN int_number K_SPACING • int_number

    NUMBER  shift, and go to state 93

    int_number  go to state 2107


State 2102

  319 layer_sp_parallel_width: K_WIDTH int_number $@45 • int_number_list

    $default  reduce using rule 254 (int_number_list)

    int_number_list  go to state 2108


State 2103

  255 int_number_list: int_number_list • int_number
  323 layer_sp_TwoWidth: K_WIDTH int_number layer_sp_TwoWidthsPRL int_number $@46 int_number_list •

    NUMBER  shift, and go to state 93

    $default  reduce using rule 323 (layer_sp_TwoWidth)

    int_number  go to state 1777


State 2104

  341 via_viarule: K_VIARULE $@49 T_STRING ';' K_CUTSIZE int_number int_number ';' K_LAYERS $@50 T_STRING T_STRING T_STRING ';' K_CUTSPACING int_number • int_number ';' K_ENCLOSURE int_number int_number int_number int_number ';' $@51 via_viarule_options

    NUMBER  shift, and go to state 93

    int_number  go to state 2109


State 2105

  498 nd_layer_stmt: K_CAPACITANCE K_CPERSQDIST int_number ';' •

    $default  reduce using rule 498 (nd_layer_stmt)


State 2106

  497 nd_layer_stmt: K_RESISTANCE K_RPERSQ int_number ';' •

    $default  reduce using rule 497 (nd_layer_stmt)


State 2107

  328 layer_sp_influence_width: K_WIDTH int_number K_WITHIN int_number K_SPACING int_number •

    $default  reduce using rule 328 (layer_sp_influence_width)


State 2108

  255 int_number_list: int_number_list • int_number
  319 layer_sp_parallel_width: K_WIDTH int_number $@45 int_number_list •

    NUMBER  shift, and go to state 93

    $default  reduce using rule 319 (layer_sp_parallel_width)

    int_number  go to state 1777


State 2109

  341 via_viarule: K_VIARULE $@49 T_STRING ';' K_CUTSIZE int_number int_number ';' K_LAYERS $@50 T_STRING T_STRING T_STRING ';' K_CUTSPACING int_number int_number • ';' K_ENCLOSURE int_number int_number int_number int_number ';' $@51 via_viarule_options

    ';'  shift, and go to state 2110


State 2110

  341 via_viarule: K_VIARULE $@49 T_STRING ';' K_CUTSIZE int_number int_number ';' K_LAYERS $@50 T_STRING T_STRING T_STRING ';' K_CUTSPACING int_number int_number ';' • K_ENCLOSURE int_number int_number int_number int_number ';' $@51 via_viarule_options

    K_ENCLOSURE  shift, and go to state 2111


State 2111

  341 via_viarule: K_VIARULE $@49 T_STRING ';' K_CUTSIZE int_number int_number ';' K_LAYERS $@50 T_STRING T_STRING T_STRING ';' K_CUTSPACING int_number int_number ';' K_ENCLOSURE • int_number int_number int_number int_number ';' $@51 via_viarule_options

    NUMBER  shift, and go to state 93

    int_number  go to state 2112


State 2112

  341 via_viarule: K_VIARULE $@49 T_STRING ';' K_CUTSIZE int_number int_number ';' K_LAYERS $@50 T_STRING T_STRING T_STRING ';' K_CUTSPACING int_number int_number ';' K_ENCLOSURE int_number • int_number int_number int_number ';' $@51 via_viarule_options

    NUMBER  shift, and go to state 93

    int_number  go to state 2113


State 2113

  341 via_viarule: K_VIARULE $@49 T_STRING ';' K_CUTSIZE int_number int_number ';' K_LAYERS $@50 T_STRING T_STRING T_STRING ';' K_CUTSPACING int_number int_number ';' K_ENCLOSURE int_number int_number • int_number int_number ';' $@51 via_viarule_options

    NUMBER  shift, and go to state 93

    int_number  go to state 2114


State 2114

  341 via_viarule: K_VIARULE $@49 T_STRING ';' K_CUTSIZE int_number int_number ';' K_LAYERS $@50 T_STRING T_STRING T_STRING ';' K_CUTSPACING int_number int_number ';' K_ENCLOSURE int_number int_number int_number • int_number ';' $@51 via_viarule_options

    NUMBER  shift, and go to state 93

    int_number  go to state 2115


State 2115

  341 via_viarule: K_VIARULE $@49 T_STRING ';' K_CUTSIZE int_number int_number ';' K_LAYERS $@50 T_STRING T_STRING T_STRING ';' K_CUTSPACING int_number int_number ';' K_ENCLOSURE int_number int_number int_number int_number • ';' $@51 via_viarule_options

    ';'  shift, and go to state 2116


State 2116

  341 via_viarule: K_VIARULE $@49 T_STRING ';' K_CUTSIZE int_number int_number ';' K_LAYERS $@50 T_STRING T_STRING T_STRING ';' K_CUTSPACING int_number int_number ';' K_ENCLOSURE int_number int_number int_number int_number ';' • $@51 via_viarule_options

    $default  reduce using rule 340 ($@51)

    $@51  go to state 2117


State 2117

  341 via_viarule: K_VIARULE $@49 T_STRING ';' K_CUTSIZE int_number int_number ';' K_LAYERS $@50 T_STRING T_STRING T_STRING ';' K_CUTSPACING int_number int_number ';' K_ENCLOSURE int_number int_number int_number int_number ';' $@51 • via_viarule_options

    $default  reduce using rule 342 (via_viarule_options)

    via_viarule_options  go to state 2118


State 2118

  341 via_viarule: K_VIARULE $@49 T_STRING ';' K_CUTSIZE int_number int_number ';' K_LAYERS $@50 T_STRING T_STRING T_STRING ';' K_CUTSPACING int_number int_number ';' K_ENCLOSURE int_number int_number int_number int_number ';' $@51 via_viarule_options •
  343 via_viarule_options: via_viarule_options • via_viarule_option

    K_OFFSET   shift, and go to state 2119
    K_ORIGIN   shift, and go to state 2120
    K_PATTERN  shift, and go to state 2121
    K_ROWCOL   shift, and go to state 2122

    $default  reduce using rule 341 (via_viarule)

    via_viarule_option  go to state 2123


State 2119

  346 via_viarule_option: K_OFFSET • int_number int_number int_number int_number ';'

    NUMBER  shift, and go to state 93

    int_number  go to state 2124


State 2120

  345 via_viarule_option: K_ORIGIN • int_number int_number ';'

    NUMBER  shift, and go to state 93

    int_number  go to state 2125


State 2121

  348 via_viarule_option: K_PATTERN • $@52 T_STRING ';'

    $default  reduce using rule 347 ($@52)

    $@52  go to state 2126


State 2122

  344 via_viarule_option: K_ROWCOL • int_number int_number ';'

    NUMBER  shift, and go to state 93

    int_number  go to state 2127


State 2123

  343 via_viarule_options: via_viarule_options via_viarule_option •

    $default  reduce using rule 343 (via_viarule_options)


State 2124

  346 via_viarule_option: K_OFFSET int_number • int_number int_number int_number ';'

    NUMBER  shift, and go to state 93

    int_number  go to state 2128


State 2125

  345 via_viarule_option: K_ORIGIN int_number • int_number ';'

    NUMBER  shift, and go to state 93

    int_number  go to state 2129


State 2126

  348 via_viarule_option: K_PATTERN $@52 • T_STRING ';'

    T_STRING  shift, and go to state 2130


State 2127

  344 via_viarule_option: K_ROWCOL int_number • int_number ';'

    NUMBER  shift, and go to state 93

    int_number  go to state 2131


State 2128

  346 via_viarule_option: K_OFFSET int_number int_number • int_number int_number ';'

    NUMBER  shift, and go to state 93

    int_number  go to state 2132


State 2129

  345 via_viarule_option: K_ORIGIN int_number int_number • ';'

    ';'  shift, and go to state 2133


State 2130

  348 via_viarule_option: K_PATTERN $@52 T_STRING • ';'

    ';'  shift, and go to state 2134


State 2131

  344 via_viarule_option: K_ROWCOL int_number int_number • ';'

    ';'  shift, and go to state 2135


State 2132

  346 via_viarule_option: K_OFFSET int_number int_number int_number • int_number ';'

    NUMBER  shift, and go to state 93

    int_number  go to state 2136


State 2133

  345 via_viarule_option: K_ORIGIN int_number int_number ';' •

    $default  reduce using rule 345 (via_viarule_option)


State 2134

  348 via_viarule_option: K_PATTERN $@52 T_STRING ';' •

    $default  reduce using rule 348 (via_viarule_option)


State 2135

  344 via_viarule_option: K_ROWCOL int_number int_number ';' •

    $default  reduce using rule 344 (via_viarule_option)


State 2136

  346 via_viarule_option: K_OFFSET int_number int_number int_number int_number • ';'

    ';'  shift, and go to state 2137


State 2137

  346 via_viarule_option: K_OFFSET int_number int_number int_number int_number ';' •

    $default  reduce using rule 346 (via_viarule_option)
